pl_name,pl_rade,pl_bmasse,pl_eqt,pl_orbsmax,st_teff,st_rad,st_mass,P_NAME,P_HABITABLE,P_ESI,P_HABZONE_CON,P_HABZONE_OPT,P_TEMP_SURF,P_TYPE
Kepler-1167 b,1.71,3.57,1419.0,0.0175,4971.0,0.75,0.79,Kepler-1167 b,0,0.27046578,0,0,1597.3736,Superterran
Kepler-1581 b,0.8,0.437,1108.0,0.06865,6022.0,1.23,1.12,Kepler-1581 b,0,0.29113212,0,0,1387.8597,Subterran
Kepler-280 c,2.01,4.7,1088.0,0.056,5744.0,0.886,0.962,Kepler-280 c,0,0.25900003,0,0,1171.7407,Superterran
Kepler-1208 b,2.32,5.99,665.0,0.0901,5001.0,0.76,0.8,Kepler-1208 b,0,0.27594474,0,0,697.12896,Superterran
Kepler-263 c,2.47,6.66,386.0,0.242,5265.0,0.785,0.793,Kepler-263 c,0,0.4133865,0,0,449.79833,Superterran
Kepler-1101 b,2.47,6.66,393.0,0.3483,5614.0,0.91,0.94,Kepler-1101 b,0,0.49665022,0,0,398.28943,Superterran
Kepler-560 b,1.72,3.61,298.0,0.0899,3556.0,0.33,0.34,Kepler-560 b,0,0.65293369,0,0,356.45534,Superterran
Kepler-1600 c,1.94206512,4.43,786.0,0.06961,5119.0,0.834,0.818,Kepler-1600 c,0,0.27132995,0,0,901.70797,Superterran
Kepler-626 b,2.29,5.86,784.0,0.10913,5813.0,1.05,1.01,Kepler-626 b,0,0.2593482,0,0,828.08821,Superterran
K2-62 c,1.99,4.62,495.0,0.1148,4455.0,0.696,0.67,K2-62 c,0,0.34477206,0,0,541.63233,Superterran
Kepler-1149 b,1.44,2.67,1128.0,0.0473,5833.0,1.01,1.02,Kepler-1149 b,0,0.2836145,0,0,1454.6046,Terran
Kepler-1288 b,1.12,1.46,2017.0,0.04135,6132.0,1.29,1.2,Kepler-1288 b,0,0.293093,0,0,1641.2733,Terran
Kepler-128 b,1.421,3.79,968.0,0.12545,6072.0,1.659,1.184,Kepler-128 b,0,0.28770814,0,0,1131.2257,Terran
Kepler-1245 b,1.44,2.67,1043.0,0.0484,5306.0,0.83,0.86,Kepler-1245 b,0,0.28983589,0,0,1032.1738,Terran
Kepler-272 c,1.79,97.8,947.0,0.061,5297.0,0.929,0.91,Kepler-272 c,0,0.26942762,0,0,1209.931,Superterran
Kepler-152 c,2.39,6.3,326.0,0.356,5088.0,0.724,0.779,Kepler-152 c,0,0.56420082,0,0,368.93556,Superterran
Kepler-1506 b,1.32,2.3,783.0,0.1168,5676.0,0.93,0.95,Kepler-1506 b,0,0.29332794,0,0,1075.732,Terran
HD 86226 c,2.16,7.25,1311.0,0.049,5863.0,1.053,1.019,HD 86226 c,0,0.24944255,0,0,1354.1743,Superterran
Kepler-595 c,1.009,3.3,679.0,0.0983,5138.5,0.821,0.93,Kepler-595 c,0,0.32269634,0,0,751.01526,Terran
HD 21749 c,0.892,3.7,701.0,0.0695,4640.0,0.695,0.73,HD 21749 c,0,0.3240778,0,0,735.24676,Terran
Kepler-18 b,2.0,6.9,1165.0,0.0447,5345.0,1.108,0.972,Kepler-18 b,0,0.2575163,0,0,1336.6625,Superterran
HD 106315 b,2.44,12.6,1153.0,0.0907,6327.0,1.296,1.091,HD 106315 b,0,0.23819246,0,0,1167.8487,Superterran
Kepler-59 c,1.98,3.81,752.0,0.13114,6074.0,0.94,1.04,Kepler-59 c,0,0.2675148,0,0,935.94098,Superterran
L 98-59 b,0.837,0.46,620.0,0.0223,3415.0,0.3155,0.2923,L 98-59 b,0,0.34784141,0,0,632.87152,Terran
Kepler-59 b,1.1,4.1,864.0,0.09943,6074.0,0.94,1.04,Kepler-59 b,0,0.29930077,0,0,1075.001,Terran
Kepler-69 b,2.24,5.65,779.0,0.094,5638.0,0.93,0.81,Kepler-69 b,0,0.25710442,0,0,885.95557,Superterran
Kepler-65 d,1.52,4.14,1117.0,0.084,6211.0,1.41,1.25,Kepler-65 d,0,0.28132161,0,0,1298.7649,Terran
Kepler-52 c,1.84,45.4,433.0,0.10379,4075.0,0.52,0.54,Kepler-52 c,0,0.39216848,0,0,503.32415,Superterran
Kepler-55 b,2.43,43.0,400.0,0.1593,4362.0,0.58,0.62,Kepler-55 b,0,0.39717959,0,0,464.58762,Superterran
GJ 536 b,2.41,6.37,451.0,0.0668,3641.0,0.529,0.528,GJ 536 b,0,0.37099671,0,0,504.34973,Superterran
Kepler-50 c,2.17,8.2,1125.0,0.087,6225.0,1.58,1.24,Kepler-50 c,0,0.24918376,0,0,1327.9016,Superterran
Kepler-347 b,1.97,4.54,908.0,0.11,6088.0,1.005,0.922,Kepler-347 b,0,0.26349265,0,0,1056.1587,Superterran
Kepler-186 b,1.07,1.24,571.0,0.0343,3788.0,0.472,0.478,Kepler-186 b,0,0.33171879,0,0,699.88786,Terran
Kepler-311 c,1.43,2.63,744.0,0.145,5905.0,1.188,0.994,Kepler-311 c,0,0.3004243,0,0,844.28976,Terran
Kepler-186 d,1.4,2.54,379.0,0.0781,3788.0,0.472,0.478,Kepler-186 d,0,0.46215771,0,0,463.82057,Terran
Kepler-11 b,1.8,1.9,849.0,0.091,5663.0,1.065,0.961,Kepler-11 b,0,0.27307392,0,0,1021.7622,Terran
Kepler-32 c,2.0,158.9,451.0,0.09,3900.0,0.53,0.58,Kepler-32 c,0,0.43503772,0,0,455.83143,Superterran
Kepler-1735 b,1.19429134,1.84,502.0,0.0621,3975.0,0.509,0.535,Kepler-1735 b,0,0.37001232,0,0,580.93791,Terran
Kepler-32 f,0.82,969.228,1026.0,0.013,3900.0,0.53,0.58,Kepler-32 f,0,0.29408682,0,0,1199.3718,Terran
Kepler-158 b,2.12,5.14,500.0,0.111,4623.0,0.624,0.655,Kepler-158 b,0,0.33552653,0,0,558.48824,Superterran
Kepler-134 c,1.26,2.13,892.0,0.092,5983.0,1.176,0.956,Kepler-134 c,0,0.29848605,0,0,982.38474,Terran
KOI-94 b,1.71,10.5,1486.0,0.05119,6182.0,1.52,1.277,KOI-94 b,0,0.27017899,0,0,1668.6203,Superterran
Kepler-415 c,2.01,4.7,543.0,0.0695,4362.0,0.643,0.67,Kepler-415 c,0,0.29411768,0,0,686.56731,Superterran
Kepler-290 b,2.25,5.69,594.0,0.11,5147.0,0.743,0.756,Kepler-290 b,0,0.30085203,0,0,619.05492,Superterran
Kepler-784 b,1.58,3.12,688.0,0.22111,5674.0,1.32,1.0,Kepler-784 b,0,0.28262426,0,0,1062.364,Terran
Kepler-42 c,0.73,60.337,720.0,0.006,3068.0,0.17,0.13,Kepler-42 c,0,0.30498546,0,0,821.95851,Subterran
Kepler-33 c,3.2,0.39,1009.0,0.1189,5904.0,1.82,1.291,Kepler-33 c,0,0.20665889,0,0,1149.0385,Subterran
Kepler-641 b,1.85,4.08,926.0,0.0895,5713.0,1.13,1.02,Kepler-641 b,0,0.26636557,0,0,1214.5939,Superterran
Kepler-865 b,2.49,6.76,694.0,0.1057,5570.0,0.92,0.93,Kepler-865 b,0,0.25928214,0,0,745.39766,Superterran
Kepler-415 b,1.21,119.9,694.0,0.0426,4362.0,0.643,0.67,Kepler-415 b,0,0.30582696,0,0,876.9417,Terran
Kepler-338 e,1.56,8.5,1143.0,0.08979,5999.0,1.735,1.14,Kepler-338 e,0,0.27904948,0,0,1345.4108,Terran
Kepler-33 b,1.74,3.68,1336.0,0.0677,5904.0,1.82,1.291,Kepler-33 b,0,0.26929614,0,0,1522.759,Superterran
Kepler-314 b,0.83,0.498,1195.0,0.035,5378.0,0.95,0.99,Kepler-314 b,0,0.29274529,0,0,1350.1795,Terran
Kepler-52 b,2.1,135.0,553.0,0.0637,4075.0,0.52,0.54,Kepler-52 b,0,0.30097127,0,0,642.47437,Superterran
Kepler-347 c,1.75,3.71,705.0,0.183,6088.0,1.005,0.922,Kepler-347 c,0,0.28752281,0,0,818.84175,Superterran
Kepler-158 c,1.9,4.27,418.0,0.158,4623.0,0.624,0.655,Kepler-158 c,0,0.42586681,0,0,468.10899,Superterran
Kepler-269 b,2.47,6.66,1007.0,0.061,5847.0,0.959,0.92,Kepler-269 b,0,0.23413282,0,0,1439.6622,Superterran
Kepler-300 c,2.25,5.69,516.0,0.232,5986.0,0.9,1.07,Kepler-300 c,0,0.2739873,0,0,726.40952,Superterran
Kepler-124 d,1.11,1.41,428.0,0.17,4984.0,0.636,0.706,Kepler-124 d,0,0.40218939,0,0,533.2748,Terran
Kepler-114 c,1.6,2.8,507.0,0.06482,4660.0,0.54,0.56,Kepler-114 c,0,0.30175426,0,0,761.76499,Terran
Kepler-402 c,1.56,3.05,1140.0,0.068,6090.0,1.264,1.072,Kepler-402 c,0,0.28016372,0,0,1239.9982,Terran
Kepler-157 b,1.32,2.3,1546.0,0.028,5774.0,1.044,0.95,Kepler-157 b,0,0.28708872,0,0,1811.7426,Terran
Kepler-81 c,2.37,4.3,502.0,0.08347,4385.0,0.59,0.64,Kepler-81 c,0,0.30323435,0,0,596.91201,Superterran
Kepler-295 b,1.22,1.98,741.0,0.099,5603.0,0.898,0.89,Kepler-295 b,0,0.29266296,0,0,1313.2818,Terran
Kepler-450 d,0.837,17.6,1199.0,0.0827,6197.21,1.64162,1.19,Kepler-450 d,0,0.29272919,0,0,1380.3327,Terran
Kepler-238 f,2.0,13.5,568.0,0.28635,5800.0,0.96,1.06,Kepler-238 f,0,0.29112765,0,0,703.06615,Superterran
Kepler-285 b,1.34,2.36,1131.0,0.036,5411.0,0.808,0.915,Kepler-285 b,0,0.28890753,0,0,1291.2914,Terran
Kepler-181 b,1.27,2.15,1041.0,0.04,5333.0,0.749,0.81,Kepler-181 b,0,0.29326569,0,0,1156.4997,Terran
Kepler-1398 c,1.03,1.08,1324.0,0.05087,6126.0,1.18,1.13,Kepler-1398 c,0,0.29460686,0,0,1524.5456,Terran
Kepler-284 b,2.24,5.65,686.0,0.104,5615.0,0.814,0.766,Kepler-284 b,0,0.27338216,0,0,733.09263,Superterran
Kepler-654 b,2.07,4.94,831.0,0.11664,5865.0,1.11,1.04,Kepler-654 b,0,0.25688881,0,0,1123.5526,Superterran
Kepler-328 b,2.3,28.5,602.0,0.2199,6064.0,1.06,1.15,Kepler-328 b,0,0.26265248,0,0,790.33808,Superterran
Kepler-341 c,1.7,3.53,940.0,0.08,6012.0,1.024,0.976,Kepler-341 c,0,0.27602227,0,0,1094.2852,Superterran
Kepler-225 b,1.2,1.87,579.0,0.056,3682.0,0.48,0.593,Kepler-225 b,0,0.33241,0,0,685.22233,Terran
Kepler-216 b,2.35,6.12,1069.0,0.079,6091.0,1.26,1.126,Kepler-216 b,0,0.24011457,0,0,1379.1515,Superterran
Kepler-291 b,2.16,5.31,1212.0,0.047,6002.0,1.016,1.023,Kepler-291 b,0,0.24924081,0,0,1382.3773,Superterran
Kepler-242 c,2.0,4.66,613.0,0.109,5020.0,0.85,0.748,Kepler-242 c,0,0.31667596,0,0,612.2972,Superterran
Kepler-240 b,1.37,2.45,864.0,0.048,4985.0,0.739,0.868,Kepler-240 b,0,0.29500273,0,0,971.19157,Terran
Kepler-179 b,1.64,3.33,1075.0,0.036,5302.0,0.759,0.893,Kepler-179 b,0,0.27578142,0,0,1292.035,Superterran
Kepler-303 b,0.89,0.64,802.0,0.024,3944.0,0.485,0.575,Kepler-303 b,0,0.30110016,0,0,1005.3561,Terran
Kepler-260 b,2.01,4.7,782.0,0.075,5250.0,0.862,1.013,Kepler-260 b,0,0.26339753,0,0,996.31092,Superterran
Kepler-226 b,1.55,24.0,1018.0,0.047,5571.0,0.802,0.904,Kepler-226 b,0,0.28190623,0,0,1156.4493,Terran
Kepler-1162 b,2.21,5.52,490.0,0.19,5390.0,0.84,0.89,Kepler-1162 b,0,0.33660185,0,0,548.33848,Superterran
Kepler-1126 b,1.73,3.64,374.0,0.41251,5798.0,0.93,0.92,Kepler-1126 b,0,0.50452199,0,0,423.06871,Superterran
Kepler-165 c,2.23,5.6,581.0,0.11,5211.0,0.77,0.746,Kepler-165 c,0,0.28891573,0,0,661.04219,Superterran
Kepler-197 d,1.22,1.98,810.0,0.119,6004.0,1.12,0.857,Kepler-197 d,0,0.30127592,0,0,947.60557,Terran
Kepler-125 b,2.37,6.21,590.0,0.041,3810.0,0.512,0.542101,Kepler-125 b,0,0.28170932,0,0,661.5057,Superterran
Kepler-306 c,2.35,6.12,716.0,0.067,4954.0,0.719,0.75,Kepler-306 c,0,0.25471573,0,0,848.47318,Superterran
KOI-351 c,1.19,1.81,987.0,0.089,6080.0,1.2,1.2,KOI-351 c,0,0.29621847,0,0,1125.85,Terran
Kepler-184 d,2.49,6.76,559.0,0.179,5788.0,0.873,0.872,Kepler-184 d,0,0.29696527,0,0,597.3777,Superterran
Kepler-309 b,1.56,3.05,531.0,0.059,4713.0,0.721,0.816,Kepler-309 b,0,0.2939628,0,0,851.13709,Terran
Kepler-11 f,2.49,2.0,513.0,0.25,5663.0,1.065,0.961,Kepler-11 f,0,0.28957001,0,0,616.52534,Terran
Kepler-166 c,2.38,6.26,468.0,0.195,5413.0,0.742,0.811,Kepler-166 c,0,0.34527362,0,0,521.98523,Superterran
Kepler-275 b,2.34,6.08,1015.0,0.098,6165.0,1.383,1.189,Kepler-275 b,0,0.24257331,0,0,1190.0425,Superterran
Kepler-1298 b,1.31,2.27,1373.0,0.0814,6339.0,2.0,1.45,Kepler-1298 b,0,0.28791529,0,0,1629.3658,Terran
Kepler-11 c,2.87,2.9,786.0,0.107,5663.0,1.065,0.961,Kepler-11 c,0,0.22561206,0,0,942.35661,Terran
Kepler-286 c,1.37,2.45,1098.0,0.042,5580.0,0.863,0.83,Kepler-286 c,0,0.28753989,0,0,1313.1093,Terran
Kepler-261 b,2.18,5.39,672.0,0.088,5098.0,0.794,0.834,Kepler-261 b,0,0.27538881,0,0,739.4932,Superterran
Kepler-292 d,2.23,5.6,808.0,0.068,5299.0,0.826,0.865,Kepler-292 d,0,0.25648754,0,0,908.70112,Superterran
Kepler-343 b,2.41,6.39,1024.0,0.088,5807.0,1.433,1.055,Kepler-343 b,0,0.24095049,0,0,1098.2069,Superterran
Kepler-282 d,2.46,61.0,588.0,0.15837,5656.0,0.89,0.97,Kepler-282 d,0,0.25621845,0,0,779.2291,Superterran
Kepler-273 b,1.5,2.86,1209.0,0.037,5626.0,0.815,0.756,Kepler-273 b,0,0.28303977,0,0,1229.0645,Terran
Kepler-306 b,1.52,2.92,830.0,0.05,4954.0,0.719,0.75,Kepler-306 b,0,0.2881136,0,0,982.17872,Terran
Kepler-267 d,2.27,5.77,301.0,0.154,4258.0,0.555,0.541571,Kepler-267 d,0,0.59200638,0,0,361.33927,Superterran
Kepler-603 d,1.32,2.3,1098.0,0.07117,5808.0,1.01,1.01,Kepler-603 d,0,0.2887138,0,0,1396.9743,Terran
Kepler-266 b,2.48,6.71,1066.0,0.071,5885.0,1.028,0.947,Kepler-266 b,0,0.23794824,0,0,1087.1672,Superterran
Kepler-121 c,2.27,5.77,425.0,0.216,5311.0,0.701,0.859,Kepler-121 c,0,0.39902458,0,0,471.1928,Superterran
Kepler-126 d,2.5,54.59018723,475.0,0.448,6239.0,1.358,1.108,Kepler-126 d,0,0.31572306,0,0,557.53952,Superterran
Kepler-381 c,1.12,1.46,1180.0,0.117,6152.0,1.568,1.144,Kepler-381 c,0,0.29765481,0,0,1130.6615,Terran
Kepler-249 d,1.57,3.09,332.0,0.097,3568.0,0.482,0.510238,Kepler-249 d,0,0.5836518,0,0,390.65164,Terran
Kepler-254 d,2.5,6.8,686.0,0.139,5957.0,0.91,0.849,Kepler-254 d,0,0.26320769,0,0,718.07221,Superterran
Kepler-619 c,1.69,3.5,1767.0,0.02216,5980.0,1.11,1.09,Kepler-619 c,0,0.27076164,0,0,1874.2791,Superterran
Kepler-1610 b,1.61,3.22,750.0,0.0777,5383.0,0.87,0.91,Kepler-1610 b,0,0.29863975,0,0,781.56484,Superterran
Kepler-363 d,2.05,4.86,905.0,0.107,5593.0,1.485,1.226,Kepler-363 d,0,0.25873471,0,0,1085.1347,Superterran
Kepler-366 b,1.46,2.73,1326.0,0.045,6209.0,1.048,1.088,Kepler-366 b,0,0.28138914,0,0,1886.1198,Terran
Kepler-141 b,0.69,0.257,968.0,0.039,4910.0,0.787,0.878,Kepler-141 b,0,0.28697797,0,0,1126.9203,Subterran
Kepler-142 d,2.16,5.31,582.0,0.242,5790.0,1.269,0.978,Kepler-142 d,0,0.3045392,0,0,621.96771,Superterran
Kepler-400 b,1.65,3.36,939.0,0.087,5886.0,1.145,1.08,Kepler-400 b,0,0.27921771,0,0,1064.5496,Superterran
Kepler-204 c,1.79,3.86,683.0,0.173,5812.0,1.238,1.038,Kepler-204 c,0,0.30198855,0,0,703.72417,Superterran
Kepler-286 d,1.33,2.33,919.0,0.061,5580.0,0.863,0.83,Kepler-286 d,0,0.29260837,0,0,1089.5837,Terran
Kepler-1181 b,1.57,3.09,1374.0,0.0621,6176.0,1.3,1.17,Kepler-1181 b,0,0.27750386,0,0,1514.8852,Terran
Kepler-1489 b,1.77,3.78,400.0,0.3679,5655.0,0.9,0.93,Kepler-1489 b,0,0.37302953,0,0,531.5702,Superterran
Kepler-1491 b,1.51,2.89,821.0,0.127,5728.0,0.99,1.0,Kepler-1491 b,0,0.28824226,0,0,990.31569,Terran
CoRoT-7 b,1.68135,4.07660518,1756.0,0.017016,5275.0,0.83,0.82,CoRoT-7 b,0,0.27120979,0,0,1867.4405,Superterran
Kepler-354 b,1.84,4.04,741.0,0.054,4648.0,0.674,0.652,Kepler-354 b,0,0.28275144,0,0,820.78354,Superterran
Kepler-135 b,1.81,3.93,1209.0,0.067,6090.0,1.275,1.047,Kepler-135 b,0,0.26627266,0,0,1438.428,Superterran
Kepler-383 b,1.32,2.3,545.0,0.095,4710.0,0.672,0.669,Kepler-383 b,0,0.34650473,0,0,624.54497,Terran
Kepler-369 c,1.41,2.57,391.0,0.094,3591.0,0.471,0.5,Kepler-369 c,0,0.54345487,0,0,414.34452,Terran
Kepler-371 b,1.89,4.23,554.0,0.2,5666.0,0.992,0.876,Kepler-371 b,0,0.29019894,0,0,740.30473,Superterran
Kepler-147 b,1.53,2.96,953.0,0.113,6012.0,1.468,1.145,Kepler-147 b,0,0.28412375,0,0,1094.2997,Terran
Kepler-132 d,1.55,3.02,758.0,0.136,6003.0,1.178,0.929,Kepler-132 d,0,0.29217742,0,0,880.85833,Terran
Kepler-208 c,1.39,2.51,1141.0,0.079,6092.0,1.314,1.082,Kepler-208 c,0,0.28780362,0,0,1222.8184,Terran
Kepler-316 c,1.16,1.65,577.0,0.058,4204.0,0.52,0.587,Kepler-316 c,0,0.33073767,0,0,696.96589,Terran
Kepler-372 c,2.09,5.02,755.0,0.154,6509.0,1.137,1.202,Kepler-372 c,0,0.26510489,0,0,881.89151,Superterran
Kepler-373 b,1.36,2.42,1054.0,0.06,5787.0,0.845,0.981,Kepler-373 b,0,0.28779571,0,0,1326.9358,Terran
Kepler-151 c,2.09,5.02,544.0,0.16,5460.0,0.83,0.87,Kepler-151 c,0,0.31955641,0,0,593.42458,Superterran
Kepler-386 c,1.58,3.12,513.0,0.155,5178.0,0.767,0.825,Kepler-386 c,0,0.35387198,0,0,579.77525,Terran
Kepler-215 c,1.77,3.78,675.0,0.113,5739.0,1.027,0.788,Kepler-215 c,0,0.28845768,0,0,800.08531,Superterran
Kepler-404 b,1.27,2.15,730.0,0.102,5654.0,0.884,0.86,Kepler-404 b,0,0.31894146,0,0,741.95136,Terran
Kepler-317 b,2.09,109.8,976.0,0.061,5497.0,0.941,0.865,Kepler-317 b,0,0.25814723,0,0,1033.3813,Superterran
Kepler-356 c,1.81,3.93,913.0,0.115,6133.0,1.335,1.163,Kepler-356 c,0,0.27028851,0,0,1106.182,Superterran
Kepler-387 b,1.03,1.08,994.0,0.068,5774.0,1.046,0.85,Kepler-387 b,0,0.29756962,0,0,1193.7711,Terran
Kepler-388 b,0.81,0.457,830.0,0.036,4498.0,0.586,0.635,Kepler-388 b,0,0.29399894,0,0,1177.6718,Terran
Kepler-224 e,1.97,4.54,517.0,0.124,5018.0,0.676,0.777,Kepler-224 e,0,0.32009119,0,0,607.7356,Superterran
Kepler-226 d,1.22,1.98,800.0,0.076,5571.0,0.802,0.904,Kepler-226 d,0,0.30338202,0,0,909.42884,Terran
Kepler-348 b,1.52,2.92,1196.0,0.076,6177.0,1.359,1.189,Kepler-348 b,0,0.28094113,0,0,1338.9635,Terran
Kepler-338 b,2.44,30.6,1005.0,0.117,5923.0,1.735,1.105,Kepler-338 b,0,0.23804965,0,0,1178.3903,Superterran
Kepler-376 c,1.79,3.86,873.0,0.115,5900.0,1.175,0.968,Kepler-376 c,0,0.27295377,0,0,1041.9014,Superterran
Kepler-377 c,2.06,4.9,677.0,0.182,5949.0,1.224,1.043,Kepler-377 c,0,0.27788037,0,0,764.52172,Superterran
Kepler-389 b,1.51,2.89,1047.0,0.041,5376.0,0.792,0.765,Kepler-389 b,0,0.28604438,0,0,1055.6832,Terran
Kepler-118 b,1.96,4.5,784.0,0.073,5274.0,1.094,0.811,Kepler-118 b,0,0.27347748,0,0,857.06565,Superterran
Kepler-123 c,1.48,2.79,706.0,0.181,6089.0,1.264,1.079,Kepler-123 c,0,0.29723615,0,0,856.22171,Terran
Kepler-243 c,1.99,4.62,559.0,0.142,5228.0,0.842,0.904,Kepler-243 c,0,0.31583993,0,0,615.92999,Superterran
Kepler-379 c,2.29,5.86,530.0,0.326,6054.0,1.306,1.125,Kepler-379 c,0,0.30949603,0,0,591.9932,Superterran
Kepler-112 c,2.4,6.35,538.0,0.172,5544.0,0.841,0.782,Kepler-112 c,0,0.28056725,0,0,660.17838,Superterran
Kepler-137 c,1.88,4.19,568.0,0.13,5187.0,0.802,0.85,Kepler-137 c,0,0.30383313,0,0,674.45635,Superterran
Kepler-390 b,0.82,0.477,786.0,0.065,5166.0,0.776,0.787,Kepler-390 b,0,0.30268926,0,0,921.44378,Terran
Kepler-327 b,1.11,1.41,682.0,0.029,3799.0,0.492,0.591913,Kepler-327 b,0,0.31321964,0,0,817.94956,Terran
Kepler-114 b,1.26,1.09,586.0,0.053,4605.0,0.667,0.77,Kepler-114 b,0,0.30707733,0,0,842.4373,Terran
Kepler-169 c,1.21,1.92,776.0,0.062,4997.0,0.763,0.825,Kepler-169 c,0,0.30646133,0,0,868.41972,Terran
Kepler-236 b,1.57,3.09,469.0,0.065,3750.0,0.51,0.596005,Kepler-236 b,0,0.36761275,0,0,556.18445,Terran
Kepler-141 c,1.41,2.57,738.0,0.067,4910.0,0.787,0.878,Kepler-141 c,0,0.29998811,0,0,859.78155,Terran
Kepler-321 c,2.32,5.99,752.0,0.11,5740.0,1.194,1.024,Kepler-321 c,0,0.25502639,0,0,863.43406,Superterran
Kepler-349 b,1.9,94.5,972.0,0.065,5956.0,0.927,1.083,Kepler-349 b,0,0.26539609,0,0,1123.8772,Superterran
Kepler-353 c,1.38,2.48,472.0,0.065,3903.0,0.504,0.553,Kepler-353 c,0,0.36900822,0,0,569.79527,Terran
Kepler-359 c,4.3,2.9,512.0,0.307,6248.0,1.086,0.827,Kepler-359 c,0,0.28919958,0,0,491.02809,Terran
Kepler-173 b,1.29,2.21,1179.0,0.048,6031.0,0.949,1.067,Kepler-173 b,0,0.28996656,0,0,1370.2661,Terran
Kepler-180 b,1.5,2.86,781.0,0.109,5731.0,1.063,0.95,Kepler-180 b,0,0.30085021,0,0,807.62968,Terran
Kepler-244 d,2.31,15.2,622.0,0.14,5554.0,0.803,0.933,Kepler-244 d,0,0.28419181,0,0,663.53144,Superterran
Kepler-254 c,2.15,3.2,787.0,0.105,5957.0,0.91,0.849,Kepler-254 c,0,0.26645845,0,0,826.19178,Superterran
Kepler-138 d,1.51,2.1,345.0,0.1288,3841.0,0.535,0.535,Kepler-138 d,0,0.59017988,0,0,389.91045,Terran
Kepler-330 c,1.95,4.46,573.0,0.116,5117.0,0.722,0.848,Kepler-330 c,0,0.30527785,0,0,654.93248,Superterran
Kepler-1243 b,1.75,3.71,690.0,0.1256,5667.0,0.94,0.96,Kepler-1243 b,0,0.30372892,0,0,705.39228,Superterran
Kepler-360 b,1.65,3.36,1116.0,0.044,6053.0,1.058,0.994,Kepler-360 b,0,0.2755264,0,0,1271.157,Superterran
Kepler-49 e,1.56,1.03815,371.0,0.116,4252.0,0.559,0.549,Kepler-49 e,0,0.48672125,0,0,440.50062,Terran
Kepler-140 b,1.61,3.22,1301.0,0.045,6077.0,1.288,1.044,Kepler-140 b,0,0.2754004,0,0,1567.001,Superterran
Kepler-122 d,2.2,5.48,747.0,0.155,6050.0,1.216,0.982,Kepler-122 d,0,0.26164961,0,0,853.61035,Superterran
HIP 113103 b,1.829,4.0,721.0,0.06899,4930.0,0.742,0.761,HIP 113103 b,0,0.28668788,0,0,784.76912,Superterran
Kepler-37 c,0.755,1.3,615.0,0.139,5357.0,0.789,0.79,Kepler-37 c,0,0.34032187,0,0,640.69509,Terran
Kepler-185 b,1.17,1.71,1237.0,0.026,5208.0,0.806,0.763,Kepler-185 b,0,0.29376191,0,0,1334.8696,Terran
Kepler-288 b,1.67,3.43,1197.0,0.065,5918.0,1.091,0.842,Kepler-288 b,0,0.27604446,0,0,1165.3834,Superterran
Kepler-394 b,1.6,3.19,1035.0,0.083,6402.0,1.132,0.87,Kepler-394 b,0,0.28265807,0,0,1029.524,Terran
Kepler-189 b,1.21,1.92,678.0,0.088,5235.0,0.75,0.803,Kepler-189 b,0,0.31963816,0,0,749.34909,Terran
Kepler-1990 c,0.98,0.904,1170.0,0.0504,5751.0,1.071,1.028,Kepler-1990 c,0,0.29559565,0,0,1370.7563,Terran
Kepler-148 b,1.8,3.89,1284.0,0.028,5272.0,0.851,0.86,Kepler-148 b,0,0.26716771,0,0,1379.1024,Superterran
Kepler-953 c,1.19,1.81,873.0,0.0862,5416.0,0.99,0.95,Kepler-953 c,0,0.30387174,0,0,915.00167,Terran
Kepler-342 b,2.25,5.69,905.0,0.128,6175.0,1.472,1.213,Kepler-342 b,0,0.24996656,0,0,1043.6876,Superterran
Kepler-334 c,1.43,2.63,822.0,0.107,5828.0,1.068,1.022,Kepler-334 c,0,0.29577865,0,0,908.30903,Terran
Kepler-291 c,1.88,4.19,1035.0,0.065,6002.0,1.016,1.023,Kepler-291 c,0,0.26545407,0,0,1175.4897,Superterran
Kepler-298 c,1.93,4.38,416.0,0.136,4465.0,0.582,0.66,Kepler-298 c,0,0.37946811,0,0,511.57118,Superterran
Kepler-190 c,1.46,2.73,948.0,0.045,5106.0,0.795,0.834,Kepler-190 c,0,0.28836345,0,0,1052.1297,Terran
Kepler-191 c,1.86,4.12,596.0,0.128,5282.0,0.789,0.857,Kepler-191 c,0,0.31663035,0,0,633.60783,Superterran
Kepler-207 c,1.5,2.86,1556.0,0.044,5920.0,1.588,1.313,Kepler-207 c,0,0.27967436,0,0,1865.0874,Terran
Kepler-224 b,1.39,2.51,937.0,0.038,5018.0,0.676,0.777,Kepler-224 b,0,0.29009134,0,0,1097.8265,Terran
Kepler-337 c,2.05,4.86,1017.0,0.093,5684.0,1.761,1.081,Kepler-337 c,0,0.2559731,0,0,1244.3256,Superterran
Kepler-299 d,1.86,4.12,729.0,0.118,5617.0,1.032,1.004,Kepler-299 d,0,0.28214141,0,0,816.55326,Superterran
Kepler-303 c,1.14,1.55,521.0,0.057,3944.0,0.485,0.575,Kepler-303 c,0,0.34280281,0,0,652.36116,Terran
Kepler-137 b,1.47,2.76,742.0,0.077,5187.0,0.802,0.85,Kepler-137 b,0,0.29614904,0,0,876.35518,Terran
Kepler-228 b,1.53,2.96,1360.0,0.038,6043.0,1.014,1.006,Kepler-228 b,0,0.27909047,0,0,1573.1992,Terran
Kepler-238 c,2.39,152.522,1146.0,0.069,5751.0,1.43,1.229,Kepler-238 c,0,0.23807035,0,0,1402.8169,Superterran
KOI-7368 b,2.22,5.56,805.0,0.0678,5241.0,0.874,0.879,KOI-7368 b,0,0.25629262,0,0,921.10825,Superterran
Kepler-188 b,1.68,3.46,1463.0,0.032,6021.0,1.141,1.021,Kepler-188 b,0,0.27178329,0,0,1640.0252,Superterran
Kepler-126 b,1.52,4.11726105,1009.0,0.099,6239.0,1.358,1.108,Kepler-126 b,0,0.28276133,0,0,1185.6998,Terran
GJ 357 c,1.66,3.4,401.2,0.061,3505.0,0.337,0.342,GJ 357 c,0,0.52704265,0,0,413.77153,Superterran
Kepler-136 c,1.99,4.62,847.0,0.133,6165.0,1.355,1.204,Kepler-136 c,0,0.26319034,0,0,1032.1664,Superterran
Kepler-198 c,2.47,6.66,465.0,0.259,5574.0,0.94,0.995,Kepler-198 c,0,0.33397985,0,0,530.91579,Superterran
Kepler-398 b,0.93,0.749,755.0,0.044,4493.0,0.613,0.649,Kepler-398 b,0,0.3099155,0,0,859.90244,Terran
Kepler-244 c,2.05,4.86,791.0,0.087,5554.0,0.803,0.933,Kepler-244 c,0,0.270141,0,0,841.7166,Superterran
Kepler-247 b,1.64,3.33,970.0,0.042,5100.0,0.768,0.887,Kepler-247 b,0,0.2787867,0,0,1101.0344,Superterran
Kepler-301 d,1.75,3.71,725.0,0.112,5815.0,0.9,1.022,Kepler-301 d,0,0.28731686,0,0,820.94963,Superterran
Kepler-301 c,1.35,2.39,989.0,0.06,5815.0,0.9,1.022,Kepler-301 c,0,0.29112122,0,0,1121.6307,Terran
Kepler-342 d,2.49,6.76,658.0,0.242,6175.0,1.472,1.213,Kepler-342 d,0,0.2573588,0,0,759.04555,Superterran
Kepler-191 b,1.34,2.36,722.0,0.087,5282.0,0.789,0.857,Kepler-191 b,0,0.31240772,0,0,768.53897,Terran
Kepler-194 d,2.4,6.35,562.0,0.275,6089.0,1.025,0.94,Kepler-194 d,0,0.31824944,0,0,562.3532,Superterran
Kepler-208 e,1.48,2.79,880.0,0.132,6092.0,1.314,1.082,Kepler-208 e,0,0.29154234,0,0,945.99438,Terran
Kepler-304 c,2.17,5.35,746.0,0.054,4731.0,0.687,0.737,Kepler-304 c,0,0.26377006,0,0,845.72397,Superterran
Kepler-81 d,1.21,1.92,418.0,0.128,4500.0,0.595,0.648,Kepler-81 d,0,0.44802916,0,0,482.02608,Terran
Kepler-197 e,0.91,0.693,691.0,0.164,6004.0,1.12,0.857,Kepler-197 e,0,0.31287736,0,0,799.69283,Terran
Kepler-200 c,1.59,3.15,806.0,0.09,5678.0,0.944,0.972,Kepler-200 c,0,0.28565284,0,0,963.39473,Terran
Kepler-350 b,1.85,16.9,1037.0,0.104,6186.0,1.534,1.19,Kepler-350 b,0,0.2675617,0,0,1141.3237,Superterran
Kepler-306 e,2.27,5.77,390.0,0.227,4954.0,0.719,0.75,Kepler-306 e,0,0.41122473,0,0,460.95931,Superterran
Kepler-217 c,1.85,4.08,1208.0,0.089,6171.0,1.799,1.342,Kepler-217 c,0,0.26400295,0,0,1488.4372,Superterran
Kepler-220 d,0.98,0.904,401.0,0.163,4632.0,0.666,0.729,Kepler-220 d,0,0.45109952,0,0,482.87166,Terran
Kepler-352 b,0.86,0.566,694.0,0.085,5212.0,0.781,0.798,Kepler-352 b,0,0.31791238,0,0,769.51317,Terran
Kepler-84 d,1.38,2.48,1254.0,0.052,6031.0,1.169,1.06,Kepler-84 d,0,0.28625073,0,0,1425.3576,Terran
Kepler-310 d,2.47,7.0,353.0,0.392,5797.0,0.876,0.854,Kepler-310 d,0,0.49255796,0,0,400.43542,Superterran
Kepler-282 b,1.01,1.01,817.0,0.082,5602.0,0.904,0.86,Kepler-282 b,0,0.30029512,0,0,1067.8705,Terran
Kepler-282 c,1.2,1.87,717.0,0.106,5602.0,0.904,0.86,Kepler-282 c,0,0.30226589,0,0,939.23137,Terran
Kepler-220 e,1.33,2.33,341.0,0.226,4632.0,0.666,0.729,Kepler-220 e,0,0.5571803,0,0,410.08256,Terran
Kepler-353 b,0.89,0.64,534.0,0.051,3903.0,0.504,0.553,Kepler-353 b,0,0.34599959,0,0,643.26576,Terran
Kepler-85 e,1.27,0.6,559.0,0.163,5436.0,0.893,0.947,Kepler-85 e,0,0.34614089,0,0,630.71291,Terran
Kepler-55 e,1.55,3.02,728.0,0.048,4503.0,0.619,0.631,Kepler-55 e,0,0.29483402,0,0,846.35956,Terran
Kepler-310 b,1.19,1.81,665.0,0.111,5797.0,0.876,0.854,Kepler-310 b,0,0.31970038,0,0,752.51304,Terran
Kepler-286 e,1.77,3.78,539.0,0.176,5580.0,0.863,0.83,Kepler-286 e,0,0.31890742,0,0,641.45942,Superterran
Kepler-356 b,1.57,3.09,1294.0,0.057,6133.0,1.335,1.163,Kepler-356 b,0,0.27726043,0,0,1571.224,Terran
Kepler-354 d,1.24,2.07,451.0,0.146,4648.0,0.674,0.652,Kepler-354 d,0,0.42837982,0,0,499.17071,Terran
Kepler-142 b,1.99,4.62,1597.0,0.032,5790.0,1.269,0.978,Kepler-142 b,0,0.25621469,0,0,1710.4112,Superterran
Kepler-299 e,1.87,4.16,534.0,0.22,5617.0,1.032,1.004,Kepler-299 e,0,0.32959772,0,0,598.0179,Superterran
Kepler-372 b,1.36,2.42,1081.0,0.075,6509.0,1.137,1.202,Kepler-372 b,0,0.28845864,0,0,1263.7026,Terran
Kepler-378 c,0.7,0.271,414.0,0.166,4661.0,0.671,0.78,Kepler-378 c,0,0.43551913,0,0,484.30781,Subterran
Kepler-308 c,2.16,5.31,714.0,0.123,5895.0,0.941,0.92,Kepler-308 c,0,0.27242061,0,0,767.31372,Superterran
Kepler-124 b,0.73,0.315,892.0,0.039,4984.0,0.636,0.706,Kepler-124 b,0,0.29053401,0,0,1113.3795,Subterran
Kepler-235 b,2.23,5.6,731.0,0.037,4255.0,0.554,0.581,Kepler-235 b,0,0.26580221,0,0,793.09399,Superterran
Kepler-392 c,1.1,1.37,901.0,0.093,5938.0,1.129,0.874,Kepler-392 c,0,0.29984717,0,0,1055.4412,Terran
Kepler-360 c,2.1,5.06,860.0,0.075,6053.0,1.058,0.994,Kepler-360 c,0,0.25977087,0,0,973.63211,Superterran
Kepler-363 b,1.16,1.65,1347.0,0.048,5593.0,1.485,1.226,Kepler-363 b,0,0.29235675,0,0,1620.1488,Terran
Kepler-319 d,2.29,5.86,528.0,0.191,5526.0,0.903,0.933,Kepler-319 d,0,0.30899507,0,0,593.14222,Superterran
Kepler-319 b,1.63,3.29,1023.0,0.051,5526.0,0.903,0.933,Kepler-319 b,0,0.27829314,0,0,1147.864,Superterran
Kepler-398 c,1.01,1.01,536.0,0.087,4493.0,0.613,0.649,Kepler-398 c,0,0.35892028,0,0,611.52736,Terran
Kepler-399 b,0.96,0.84,773.0,0.103,5502.0,0.68,0.902,Kepler-399 b,0,0.3309576,0,0,704.70428,Terran
Kepler-379 b,1.66,3.39,775.0,0.152,6054.0,1.306,1.125,Kepler-379 b,0,0.28788409,0,0,866.96932,Superterran
Kepler-372 d,1.69,3.5,660.0,0.201,6509.0,1.137,1.202,Kepler-372 d,0,0.29589842,0,0,771.92924,Superterran
Kepler-250 b,1.13,1.51,938.0,0.048,5160.0,0.805,0.806,Kepler-250 b,0,0.30083132,0,0,1009.3805,Terran
Kepler-390 c,0.79,0.418,630.0,0.101,5166.0,0.776,0.787,Kepler-390 c,0,0.31953565,0,0,739.2049,Subterran
Kepler-373 c,1.24,2.07,729.0,0.126,5787.0,0.845,0.981,Kepler-373 c,0,0.30241422,0,0,915.67266,Terran
Kepler-326 b,1.52,44.6,1127.0,0.032,5105.0,0.801,0.91,Kepler-326 b,0,0.28002867,0,0,1469.2663,Terran
Kepler-46 d,1.64,3.33,845.0,0.067,5309.0,0.79,0.883,Kepler-46 d,0,0.28697878,0,0,894.10417,Superterran
Kepler-374 d,1.31,2.27,1272.0,0.056,5977.0,0.911,1.033,Kepler-374 d,0,0.28888931,0,0,1423.4149,Terran
Kepler-375 b,1.45,2.7,851.0,0.101,5826.0,0.837,0.891,Kepler-375 b,0,0.30140414,0,0,824.16627,Terran
Kepler-256 b,1.59,3.15,1681.0,0.027,5551.0,1.301,1.037,Kepler-256 b,0,0.27592897,0,0,1692.3635,Terran
Kepler-327 d,1.73,3.64,387.0,0.09,3799.0,0.492,0.591913,Kepler-327 d,0,0.44157953,0,0,464.30597,Superterran
Kepler-403 c,1.75,3.71,604.0,0.297,6090.0,1.329,1.299,Kepler-403 c,0,0.29381148,0,0,764.79897,Superterran
Kepler-246 c,1.5,2.86,667.0,0.095,5206.0,0.831,0.853,Kepler-246 c,0,0.3105139,0,0,735.89138,Terran
Kepler-250 d,2.18,5.39,579.0,0.127,5160.0,0.805,0.806,Kepler-250 d,0,0.30398792,0,0,620.54554,Superterran
Kepler-376 b,1.07,1.24,1242.0,0.057,5900.0,1.175,0.968,Kepler-376 b,0,0.2945046,0,0,1479.9195,Terran
Kepler-380 c,1.27,2.15,1056.0,0.078,6045.0,1.224,0.99,Kepler-380 c,0,0.29239891,0,0,1208.8662,Terran
Kepler-130 d,1.64,3.33,451.0,0.377,5884.0,1.127,0.927,Kepler-130 d,0,0.34267269,0,0,499.52298,Superterran
Kepler-252 b,1.23,2.04,587.0,0.058,4208.0,0.549,0.61,Kepler-252 b,0,0.31746539,0,0,759.82141,Terran
Kepler-255 b,1.55,3.02,971.0,0.063,5573.0,0.933,0.867,Kepler-255 b,0,0.28494239,0,0,1031.5855,Terran
Kepler-381 b,0.99,0.937,1576.0,0.066,6152.0,1.568,1.144,Kepler-381 b,0,0.29476803,0,0,1505.4057,Terran
Kepler-383 c,1.24,2.07,406.0,0.172,4710.0,0.672,0.669,Kepler-383 c,0,0.46933733,0,0,464.15315,Terran
Kepler-331 d,1.64,3.33,346.0,0.159,4347.0,0.492,0.653,Kepler-331 d,0,0.45375122,0,0,459.43805,Superterran
Kepler-333 c,1.11,1.41,386.0,0.135,4259.0,0.534,0.601,Kepler-333 c,0,0.48074054,0,0,458.94288,Terran
Kepler-256 d,2.48,6.71,1097.0,0.064,5551.0,1.301,1.037,Kepler-256 d,0,0.23767589,0,0,1099.2223,Superterran
Kepler-387 c,0.89,0.64,826.0,0.098,5774.0,1.046,0.85,Kepler-387 c,0,0.30151842,0,0,994.40313,Terran
Kepler-334 d,1.41,2.57,656.0,0.168,5828.0,1.068,1.022,Kepler-334 d,0,0.31646108,0,0,724.88795,Terran
Kepler-336 b,1.02,1.04,1625.0,0.033,5867.0,1.304,1.09,Kepler-336 b,0,0.29370436,0,0,1839.3677,Terran
Kepler-149 c,1.61,3.22,436.0,0.281,5381.0,0.953,1.013,Kepler-149 c,0,0.40262899,0,0,506.78338,Superterran
Kepler-393 c,1.33,2.33,901.0,0.124,6189.0,1.382,1.256,Kepler-393 c,0,0.29224869,0,0,1104.6245,Terran
Kepler-292 c,1.47,2.76,1001.0,0.045,5299.0,0.826,0.865,Kepler-292 c,0,0.28629043,0,0,1117.0414,Terran
Kepler-337 b,1.54,2.99,1458.0,0.045,5684.0,1.761,1.081,Kepler-337 b,0,0.27801467,0,0,1788.8308,Terran
Kepler-338 c,2.34,6.08,831.0,0.172,5923.0,1.735,1.105,Kepler-338 c,0,0.24808903,0,0,971.9342,Superterran
Kepler-102 d,1.154,3.0,686.0,0.08618,4909.0,0.724,0.803,Kepler-102 d,0,0.33000703,0,0,699.82913,Terran
HD 20329 b,1.72,7.42,2141.0,0.018,5596.0,1.13,0.9,HD 20329 b,0,0.26893498,0,0,2205.6636,Superterran
Kepler-265 b,1.86,4.12,1022.0,0.069,5835.0,1.103,0.97,Kepler-265 b,0,0.26795834,0,0,1098.3759,Superterran
Kepler-269 c,1.69,3.5,875.0,0.081,5847.0,0.959,0.92,Kepler-269 c,0,0.27384188,0,0,1249.3468,Superterran
Kepler-395 b,1.03,1.08,576.0,0.061,4262.0,0.556,0.622827,Kepler-395 b,0,0.37054234,0,0,585.81516,Terran
Kepler-298 d,2.5,6.8,277.0,0.305,4465.0,0.582,0.66,Kepler-298 d,0,0.61724947,0,0,341.60609,Superterran
Kepler-339 c,1.15,7.3,914.0,0.069,5631.0,0.802,0.87,Kepler-339 c,0,0.30484878,0,0,914.64165,Terran
Kepler-339 d,1.17,14.7,796.0,0.091,5631.0,0.802,0.87,Kepler-339 d,0,0.31432558,0,0,796.44323,Terran
Kepler-171 d,1.89,4.23,497.0,0.223,5642.0,0.839,0.978,Kepler-171 d,0,0.33579173,0,0,582.13417,Superterran
Kepler-174 d,2.19,5.43,212.0,0.677,4880.0,0.622,0.602,Kepler-174 d,2,0.67845615,1,1,251.84376,Superterran
Kepler-272 d,2.25,5.69,777.0,0.091,5297.0,0.929,0.91,Kepler-272 d,0,0.25171011,0,0,990.61483,Superterran
Kepler-206 d,1.19,1.81,681.0,0.163,5764.0,1.185,0.957,Kepler-206 d,0,0.32042143,0,0,747.87965,Terran
Kepler-200 b,2.13,5.18,854.0,0.08,5678.0,0.944,0.972,Kepler-200 b,0,0.25652262,0,0,1021.8344,Superterran
Kepler-252 c,2.15,5.27,499.0,0.08,4208.0,0.549,0.61,Kepler-252 c,0,0.29699547,0,0,646.96461,Superterran
Kepler-1928 b,1.992,4.63,621.0,0.194,5720.0,0.92,1.01,Kepler-1928 b,0,0.30891051,0,0,611.97915,Superterran
Kepler-107 b,1.536,3.8,1592.0,0.04544,5854.0,1.447,1.238,Kepler-107 b,0,0.27850034,0,0,1663.1607,Terran
Kepler-1983 b,2.33,6.04,807.0,0.0689,5135.0,0.874,0.812,Kepler-1983 b,0,0.25714767,0,0,830.93281,Superterran
Kepler-343 c,2.02,4.74,746.0,0.167,5807.0,1.433,1.055,Kepler-343 c,0,0.27595692,0,0,797.19999,Superterran
Kepler-190 b,1.56,3.05,1166.0,0.03,5106.0,0.795,0.834,Kepler-190 b,0,0.27959642,0,0,1288.5904,Terran
Kepler-205 c,1.64,3.33,389.0,0.122,4321.0,0.546,0.592,Kepler-205 c,0,0.43397248,0,0,475.05687,Superterran
Kepler-202 b,1.63,3.29,802.0,0.045,4668.0,0.667,0.683,Kepler-202 b,0,0.28487864,0,0,939.33232,Superterran
Kepler-214 c,2.13,5.18,619.0,0.194,6169.0,1.352,1.11,Kepler-214 c,0,0.26346069,0,0,876.54589,Superterran
Kepler-196 c,2.24,5.65,407.0,0.24,5128.0,0.782,0.839,Kepler-196 c,0,0.40414411,0,0,468.34933,Superterran
Kepler-101 c,1.25,3.78,1413.0,0.0684,5667.0,1.56,1.17,Kepler-101 c,0,0.2910374,0,0,1400.8688,Terran
Kepler-154 b,2.26,5.73,561.0,0.198,5690.0,1.001,0.933,Kepler-154 b,0,0.28794103,0,0,658.93553,Superterran
Kepler-359 d,4.01,2.7,464.0,0.372,6248.0,1.086,0.827,Kepler-359 d,0,0.34502165,0,0,446.07106,Terran
Kepler-256 c,2.15,5.27,1315.0,0.045,5551.0,1.301,1.037,Kepler-256 c,0,0.25031768,0,0,1310.8991,Superterran
Kepler-184 c,1.97,8.8,630.0,0.141,5788.0,0.873,0.872,Kepler-184 c,0,0.29941218,0,0,673.07888,Superterran
Kepler-172 b,2.35,6.12,1256.0,0.04,5526.0,1.085,1.081,Kepler-172 b,0,0.23989105,0,0,1412.1978,Superterran
Kepler-205 b,1.51,2.89,757.0,0.032,4321.0,0.546,0.592,Kepler-205 b,0,0.2911463,0,0,927.5782,Terran
Kepler-217 b,2.23,5.6,1413.0,0.065,6171.0,1.799,1.342,Kepler-217 b,0,0.24434166,0,0,1741.6819,Superterran
Kepler-174 c,1.49,2.83,377.0,0.214,4880.0,0.622,0.602,Kepler-174 c,0,0.47958253,0,0,447.93875,Terran
TOI-1266 b,2.52,4.46,415.0,0.073,3563.0,0.4232,0.437,TOI-1266 b,0,0.45212485,0,0,426.84115,Superterran
TOI-2095 b,1.25,4.1,347.0,0.101,3759.0,0.44,0.44,TOI-2095 b,0,0.60589256,0,0,390.85425,Terran
HIP 29442 d,1.538,5.14,920.0,0.0673,5289.0,0.98,0.901,HIP 29442 d,0,0.29268608,0,0,1032.8879,Terran
TOI-1749 b,1.39,57.0,831.0,0.0291,3985.0,0.55,0.58,TOI-1749 b,0,0.30009752,0,0,865.85311,Terran
Kepler-361 b,1.45,2.7,1060.0,0.086,6169.0,1.343,1.191,Kepler-361 b,0,0.2846305,0,0,1277.6924,Terran
Kepler-362 b,0.88,0.615,838.0,0.087,5788.0,0.722,0.904,Kepler-362 b,0,0.29802529,0,0,1100.0588,Terran
Kepler-193 b,2.39,6.3,979.0,0.106,6335.0,1.147,1.051,Kepler-193 b,0,0.24732056,0,0,935.99297,Superterran
TOI-561 b,1.397,2.02,2319.0,0.01064,5342.0,0.843,0.806,TOI-561 b,0,0.28240928,0,0,2387.9355,Terran
Kepler-1471 b,1.41,2.57,1238.0,0.0453,5660.0,0.93,0.95,Kepler-1471 b,0,0.28724244,0,0,1205.3868,Terran
LHS 1140 c,1.272,1.91,422.0,0.027,3096.0,0.2159,0.1844,LHS 1140 c,0,0.51278419,0,0,434.68608,Terran
L 98-59 c,1.329,2.0,526.0,0.0309,3415.0,0.3155,0.2923,L 98-59 c,0,0.39979099,0,0,526.49699,Terran
L 98-59 d,1.627,1.64,416.0,0.0494,3415.0,0.3155,0.2923,L 98-59 d,0,0.52714337,0,0,416.72568,Terran
HIP 29442 c,1.551,4.5,1123.0,0.04518,5289.0,0.98,0.901,HIP 29442 c,0,0.27898284,0,0,1260.1791,Terran
Kepler-93 b,1.478,4.66,1133.0,0.05343,5669.0,0.919,0.911,Kepler-93 b,0,0.28489884,0,0,1170.9354,Terran
Kepler-365 c,1.64,3.33,729.0,0.137,6012.0,1.048,1.02,Kepler-365 c,0,0.29204295,0,0,829.02044,Superterran
Kepler-220 c,1.57,3.09,586.0,0.076,4632.0,0.666,0.729,Kepler-220 c,0,0.31247306,0,0,707.16169,Terran
LP 791-18 b,1.212,1.94,564.3,0.00978,2960.0,0.182,0.139,LP 791-18 b,0,0.34580333,0,0,637.17114,Terran
K2-266 c,0.705,0.29013072,664.5,0.0679,4285.0,0.703,0.686,K2-266 c,0,0.32378328,0,0,687.37341,Subterran
Kepler-409 b,1.199,6.0,438.0,0.3192,5421.0,0.897,0.913,Kepler-409 b,0,0.43784921,0,0,437.87963,Terran
Kepler-196 b,1.9,4.27,536.0,0.138,5128.0,0.782,0.839,Kepler-196 b,0,0.32008227,0,0,617.6408,Superterran
Kepler-163 c,2.26,5.73,648.0,0.152,5776.0,0.917,0.882,Kepler-163 c,0,0.28233182,0,0,681.55942,Superterran
LHS 1678 c,0.941,1.4,510.9,0.0327,3490.0,0.329,0.345,LHS 1678 c,0,0.38964985,0,0,551.89993,Terran
Kepler-763 b,1.22,1.98,1414.0,0.0205,5166.0,0.8,0.84,Kepler-763 b,0,0.29070458,0,0,1657.8628,Terran
Kepler-208 b,1.63,3.29,1379.0,0.054,6092.0,1.314,1.082,Kepler-208 b,0,0.27485465,0,0,1479.0356,Superterran
Kepler-246 b,2.34,6.08,896.0,0.052,5206.0,0.831,0.853,Kepler-246 b,0,0.24722077,0,0,994.65816,Superterran
Kepler-179 c,2.0,4.66,810.0,0.064,5302.0,0.759,0.893,Kepler-179 c,0,0.26497867,0,0,969.02623,Superterran
Kepler-226 c,2.27,45.2,919.0,0.058,5571.0,0.802,0.904,Kepler-226 c,0,0.24907454,0,0,1041.0259,Superterran
Kepler-113 b,1.82,11.7,775.0,0.05123,4725.0,0.69,0.75,Kepler-113 b,0,0.27687123,0,0,912.67465,Superterran
Kepler-48 d,2.04,7.93,448.0,0.23302,5194.0,0.89,0.88,Kepler-48 d,0,0.37884591,0,0,504.75921,Superterran
Kepler-237 c,2.08,4.98,687.0,0.071,4861.0,0.725,0.696,Kepler-237 c,0,0.27052492,0,0,820.43909,Superterran
Kepler-161 b,2.12,2.63,868.0,0.054,5078.0,0.806,0.853,Kepler-161 b,0,0.25947934,0,0,957.147,Superterran
Kepler-106 b,0.82,5.3,1021.0,0.06491,5858.0,1.04,1.0,Kepler-106 b,0,0.29432101,0,0,1184.6589,Terran
Kepler-100 d,1.61,3.0,670.0,0.21747,5825.0,1.49,1.08,Kepler-100 d,0,0.29678176,0,0,774.51582,Terran
Kepler-274 b,1.54,2.99,961.0,0.101,6023.0,1.007,0.883,Kepler-274 b,0,0.28591372,0,0,1016.2834,Terran
Kepler-312 b,1.29,2.21,1685.0,0.031,6115.0,1.467,1.314,Kepler-312 b,0,0.28758598,0,0,2305.3914,Terran
Kepler-211 c,1.29,18.3,841.0,0.062,5123.0,0.816,0.867,Kepler-211 c,0,0.30106478,0,0,910.91882,Terran
Kepler-864 b,2.4,6.35,1143.0,0.0687,5754.0,1.0,1.0,Kepler-864 b,0,0.2391045,0,0,1237.2206,Superterran
Kepler-166 b,2.27,5.77,772.0,0.072,5413.0,0.742,0.811,Kepler-166 b,0,0.2577862,0,0,859.03186,Superterran
Kepler-181 c,1.99,4.62,937.0,0.049,5333.0,0.749,0.81,Kepler-181 c,0,0.26280732,0,0,1044.9066,Superterran
Kepler-106 d,0.95,8.1,649.0,0.16063,5858.0,1.04,1.0,Kepler-106 d,0,0.32211309,0,0,753.27149,Terran
Kepler-131 c,0.84,8.25,615.0,0.17391,5685.0,1.03,1.02,Kepler-131 c,0,0.32955091,0,0,698.83862,Terran
Kepler-320 b,1.14,1.55,1292.0,0.085,6435.0,1.108,1.072,Kepler-320 b,0,0.295678,0,0,1223.8158,Terran
Kepler-169 e,2.2,5.48,595.0,0.105,4997.0,0.763,0.825,Kepler-169 e,0,0.28883167,0,0,667.31498,Superterran
Kepler-249 c,1.51,2.89,429.0,0.058,3568.0,0.482,0.510238,Kepler-249 c,0,0.4097103,0,0,505.19789,Terran
Kepler-174 b,1.96,4.5,553.0,0.1,4880.0,0.622,0.602,Kepler-174 b,0,0.30464796,0,0,655.2779,Superterran
Kepler-231 c,1.93,24.1,393.0,0.114,3767.0,0.49,0.58,Kepler-231 c,0,0.4224692,0,0,469.32436,Superterran
Kepler-197 c,1.23,5.3,930.0,0.09,6004.0,1.12,0.857,Kepler-197 c,0,0.29592155,0,0,1089.2567,Terran
Kepler-241 b,2.33,6.04,562.0,0.094,4699.0,0.668,0.671,Kepler-241 b,0,0.28368063,0,0,661.62452,Superterran
Kepler-233 b,2.43,6.48,751.0,0.077,5360.0,0.758,0.855,Kepler-233 b,0,0.25013581,0,0,858.38112,Superterran
Kepler-143 b,2.41,6.39,838.0,0.127,5848.0,1.359,0.982,Kepler-143 b,0,0.24544047,0,0,956.14478,Superterran
Kepler-332 d,1.18,1.76,427.0,0.189,4955.0,0.72,0.743,Kepler-332 d,0,0.46019872,0,0,472.81867,Terran
Kepler-311 d,2.05,4.86,327.0,0.7326,5903.0,1.156,0.974,Kepler-311 d,0,0.57774218,0,0,375.61425,Superterran
LHS 1678 d,0.981,0.907,462.95,0.04,3490.0,0.329,0.345,LHS 1678 d,0,0.43342078,0,0,499.01125,Terran
Kepler-440 b,1.86,4.12,229.0,0.242,4134.0,0.559,0.575,Kepler-440 b,2,0.75260263,0,1,307.80693,Superterran
HD 23472 e,0.818,0.72,723.0,0.068,4684.0,0.71,0.67,HD 23472 e,0,0.31620284,0,0,769.64046,Terran
TOI-544 b,2.018,2.89,999.0,0.0225,4169.0,0.623,0.631,TOI-544 b,0,0.25911503,0,0,1142.4423,Terran
TOI-2266 b,1.54,2.99,550.0,0.02,3200.0,0.24,0.23,TOI-2266 b,0,0.35365165,0,0,584.33315,Terran
K2-13 b,1.89,4.23,511.0,0.2114,5698.0,0.78,0.8,K2-13 b,0,0.33737591,0,0,578.92597,Superterran
Kepler-186 f,1.17,1.71,177.0,0.432,3755.0,0.523,0.544,Kepler-186 f,1,0.6108342,1,1,211.90451,Terran
Kepler-441 b,1.64,3.33,189.0,0.64,4340.0,0.55,0.572,Kepler-441 b,0,0.51489081,0,0,196.25168,Superterran
Kepler-68 c,0.979,1.3,1052.0,0.09008,5847.0,1.2564,1.057,Kepler-68 c,0,0.29952999,0,0,1094.1947,Terran
L 98-59 e,1.49,2.82,347.0,0.0712,3415.0,0.3155,0.2923,L 98-59 e,0,0.69173285,0,0,349.71904,Terran
Kepler-19 b,2.209,6.1,851.0,0.0846,5541.0,0.859,0.936,Kepler-19 b,0,0.2567577,0,0,891.67565,Superterran
K2-15 b,2.48,6.71,676.0,0.091,5131.0,0.68,0.72,K2-15 b,0,0.26137514,0,0,734.77577,Superterran
K2-17 b,2.23,5.6,487.0,0.119,4320.0,0.66,0.71,K2-17 b,0,0.40084163,0,0,468.82948,Superterran
Kepler-442 b,1.34,2.36,241.0,0.409,4402.0,0.598,0.609,Kepler-442 b,1,0.83824202,1,1,263.03917,Terran
TOI-1411 b,1.19880592,2.0,976.4,0.02122,4115.0,0.614,0.6045,TOI-1411 b,0,0.29032656,0,0,1141.7252,Terran
Kepler-437 b,2.14,5.22,308.0,0.288,4551.0,0.68,0.707,Kepler-437 b,0,0.64247814,0,0,345.71516,Superterran
Kepler-296 c,2.0,4.66,606.0,0.0521,3740.0,0.48,0.498,Kepler-296 c,0,0.35624429,0,0,525.06227,Superterran
K2-265 b,1.70824866,7.3418362,1366.0,0.03359,5420.0,0.92,0.901,K2-265 b,0,0.27137533,0,0,1411.0176,Superterran
Kepler-296 d,2.09,5.02,403.0,0.118,3740.0,0.48,0.498,Kepler-296 d,0,0.62067996,0,0,348.89012,Superterran
Kepler-296 e,1.53,2.96,337.0,0.169,3740.0,0.48,0.498,Kepler-296 e,1,0.85187076,1,1,281.6348,Terran
Kepler-296 f,1.8,3.89,274.0,0.255,3740.0,0.48,0.498,Kepler-296 f,2,0.65849997,1,1,229.27652,Superterran
Kepler-1869 b,1.11955354,1.46,865.0,0.07976,5808.0,0.902,0.987,Kepler-1869 b,0,0.30160431,0,0,993.88762,Terran
Kepler-1980 b,2.21,5.52,564.0,0.2049,5819.0,0.99,1.049,Kepler-1980 b,0,0.27658144,0,0,723.02704,Superterran
Kepler-1814 c,1.76,3.75,1711.0,0.0133,4922.0,0.823,0.79,Kepler-1814 c,0,0.26734786,0,0,1864.2309,Superterran
Kepler-1894 b,1.20117759,1.87,1231.0,0.0385,5772.0,0.901,0.999,Kepler-1894 b,0,0.29382719,0,0,1255.1486,Terran
TOI-1736 b,3.18175535,12.3,1099.79,0.073,5636.0,1.4286,1.0373,TOI-1736 b,0,0.23735357,0,0,1217.8627,Superterran
TOI-244 b,1.52,2.68,458.0,0.0559,3433.0,0.426,0.428,TOI-244 b,0,0.44418259,0,0,472.57377,Terran
Kepler-445 d,1.25,2.1,305.0,0.0439,3157.0,0.21,0.18,Kepler-445 d,0,0.56191507,0,0,409.91448,Terran
TOI-500 b,1.166,1.42,1617.0,0.01189,4440.0,0.678,0.74,TOI-500 b,0,0.29181607,0,0,1762.8962,Terran
Wolf 327 b,1.24,2.53,996.0,0.01,3542.0,0.406,0.405,Wolf 327 b,0,0.29481881,0,0,1125.7074,Terran
Kepler-1982 b,0.77,0.381,1282.0,0.0511,6202.0,1.122,1.213,Kepler-1982 b,0,0.28850515,0,0,1575.6693,Subterran
GJ 3929 c,2.26,5.71,317.0,0.081,3384.0,0.32,0.313,GJ 3929 c,0,0.6752644,0,0,326.53746,Superterran
GJ 9827 d,1.98,3.02,675.0,0.053,4236.0,0.58,0.62,GJ 9827 d,0,0.29620616,0,0,704.22352,Superterran
Kepler-1655 b,2.213,5.4,938.0,0.1029,6148.0,1.03,1.03,Kepler-1655 b,0,0.25399254,0,0,971.57964,Superterran
HD 20794 b,1.45,2.7,660.0,0.1257,5368.0,0.93,0.79,HD 20794 b,0,0.30992532,0,0,753.91414,Terran
HD 110067 e,1.94,3.9,533.0,0.1785,5266.0,0.788,0.798,HD 110067 e,0,0.34899357,0,0,552.84885,Superterran
Kepler-20 b,1.773,9.7,1187.0,0.04565,5495.0,0.9164,0.929,Kepler-20 b,0,0.27005684,0,0,1223.9616,Superterran
Kepler-1972 c,0.868,2.11,1215.0,0.10493,5818.0,1.384,1.12,Kepler-1972 c,0,0.2988486,0,0,1055.966,Terran
HR 858 b,2.004,3.55,1552.0,0.04888,6354.0,1.258,1.204,HR 858 b,0,0.25168207,0,0,1616.4085,Superterran
Kepler-445 b,1.58,3.12,401.0,0.0217,3157.0,0.21,0.18,Kepler-445 b,0,0.35223075,0,0,583.03638,Terran
Kepler-446 d,1.35,2.39,436.0,0.0403,3359.0,0.24,0.22,Kepler-446 d,0,0.59474951,0,0,392.89183,Terran
K2-131 b,1.69,7.9,2223.0,0.00936,5120.0,0.7595,0.803,K2-131 b,0,0.27036319,0,0,2257.0314,Superterran
K2-136 b,1.014,4.3,610.0,0.0707,4500.0,0.677,0.742,K2-136 b,0,0.333555,0,0,690.92516,Terran
Kepler-1986 b,1.89,4.23,579.0,0.1307,5549.0,0.732,0.776,Kepler-1986 b,0,0.31687209,0,0,628.11292,Superterran
Kepler-1921 c,1.41,2.57,1791.0,0.0454,6120.0,2.0,1.251,Kepler-1921 c,0,0.2831826,0,0,2147.3241,Terran
Kepler-1610 c,2.09,5.02,433.0,0.2323,5295.0,0.8,0.825,Kepler-1610 c,0,0.43428839,0,0,452.01299,Superterran
Kepler-454 b,2.37,5.4,916.0,0.09528,5687.0,1.066,1.03,Kepler-454 b,0,0.24658368,0,0,954.58783,Superterran
K2-157 b,0.935,1.14,2432.0,0.00962,5334.0,0.86,0.89,K2-157 b,0,0.2931132,0,0,2576.0146,Terran
Kepler-290 d,0.86,0.566,1589.0,0.0154,5142.0,0.755,0.84,Kepler-290 d,0,0.29218108,0,0,1654.4939,Terran
Kepler-1814 b,2.36961357,6.21,1022.0,0.03765,4922.0,0.823,0.79,Kepler-1814 b,0,0.2424489,0,0,1116.1911,Superterran
TOI-1347 b,1.8,11.1,1400.0,0.0171,5464.0,0.83,0.913,TOI-1347 b,0,0.26531084,0,0,1900.9192,Superterran
Kepler-2001 b,1.04,1.12,1402.0,0.0197,5081.0,0.77,0.864,Kepler-2001 b,0,0.29468383,0,0,1496.8987,Terran
Kepler-416 c,2.352,6.13,791.0,0.10454,5718.0,1.075,1.0,Kepler-416 c,0,0.24557886,0,0,914.98221,Superterran
K2-138 b,1.51,3.1,1157.0,0.03385,5356.3,0.863,0.935,K2-138 b,0,0.28150879,0,0,1325.3592,Terran
Kepler-975 b,1.48,2.79,1599.0,0.02898,4897.0,0.75,0.8,Kepler-975 b,0,0.28390171,0,0,1230.8474,Terran
TOI-238 c,2.18,6.7,696.0,0.0749,5059.0,0.733,0.79,TOI-238 c,0,0.26595683,0,0,794.85548,Superterran
Kepler-431 d,1.11,1.41,856.0,0.1045,6004.0,1.092,1.071,Kepler-431 d,0,0.29681558,0,0,1185.4067,Terran
Kepler-431 c,0.668,0.229,951.0,0.0847,6004.0,1.092,1.071,Kepler-431 c,0,0.28217616,0,0,1316.6908,Subterran
Kepler-449 b,2.056,4.88,917.0,0.1027,5649.18,1.467,1.02,Kepler-449 b,0,0.25895359,0,0,1064.427,Superterran
Kepler-430 c,1.75,3.71,458.0,0.4757,5884.0,1.485,1.166,Kepler-430 c,0,0.40149108,0,0,499.18203,Superterran
K2-275 c,2.21,5.52,653.0,0.0881,4841.0,0.69,0.77,K2-275 c,0,0.28322286,0,0,688.94978,Superterran
Kepler-1487 b,2.13,5.18,1682.0,0.0898,6541.0,1.63,1.38,Kepler-1487 b,0,0.2511905,0,0,1322.9315,Superterran
Kepler-323 b,1.381,3.9,1838.0,0.02778,6004.0,1.12,1.015,Kepler-323 b,0,0.2846549,0,0,1881.7583,Terran
Kepler-10 c,2.355,11.29,579.0,0.241,5708.0,1.065,0.91,Kepler-10 c,0,0.3002536,0,0,604.23545,Superterran
Kepler-1972 b,0.802,2.02,1084.0,0.08006,5818.0,1.384,1.12,Kepler-1972 b,0,0.29277453,0,0,1233.222,Terran
HD 40307 f,2.13,5.2,398.0,0.247,4956.0,0.716684,0.77,HD 40307 f,0,0.51678687,0,0,400.69709,Superterran
Kepler-444 d,0.53,0.2,783.0,0.06,5046.0,0.752,0.758,Kepler-444 d,0,0.27289029,0,0,917.72544,Subterran
Kepler-444 f,0.741,0.332,673.0,0.0811,5046.0,0.752,0.758,Kepler-444 f,0,0.30814473,0,0,786.73656,Subterran
TOI-763 b,2.28,9.79,1038.0,0.06,5450.0,0.897,0.917,TOI-763 b,0,0.2476747,0,0,1074.7475,Superterran
Kepler-763 d,1.67,3.43,804.0,0.0634,4999.0,0.843,0.8,Kepler-763 d,0,0.28275864,0,0,942.71603,Superterran
K2-133 d,2.003,4.67,734.0,0.07487,3655.0,0.455,0.461,K2-133 d,0,0.44452607,0,0,448.76771,Superterran
TOI-776 b,1.798,5.0,520.0,0.0653,3725.0,0.547,0.542,TOI-776 b,0,0.36934369,0,0,529.91219,Superterran
TOI-833 b,1.27,2.15,1118.0,0.0171,3920.0,0.6,0.61,TOI-833 b,0,0.29319093,0,0,1160.5864,Terran
Kepler-1693 b,1.28938413,2.21,807.0,0.1011,5432.34,0.878295,0.95,Kepler-1693 b,0,0.310571,0,0,798.08646,Terran
Kepler-1130 b,0.8,0.437,904.0,0.05963,5403.0,0.81,0.9,Kepler-1130 b,0,0.29756898,0,0,1014.5921,Subterran
TOI-836 b,1.704,4.53,871.0,0.0422,4552.0,0.665,0.678,TOI-836 b,0,0.28643901,0,0,856.92535,Superterran
Kepler-1849 b,2.38685349,6.29,355.0,0.2597,4806.0,0.729,0.709,Kepler-1849 b,0,0.52803948,0,0,385.64663,Superterran
Kepler-2001 c,1.82,3.97,597.0,0.1084,5081.0,0.77,0.864,Kepler-2001 c,0,0.31729858,0,0,638.13252,Superterran
DMPP-1 e,1.86,4.13,1314.0,0.0651,6196.0,1.26,1.21,DMPP-1 e,0,0.26435102,0,0,1355.1952,Superterran
Kepler-1991 b,1.47,2.76,760.0,0.1065,5478.0,1.053,0.914,Kepler-1991 b,0,0.30011222,0,0,828.42027,Terran
Kepler-1987 e,1.92,4.35,643.0,0.0765,4769.0,0.714,0.799,Kepler-1987 e,0,0.29039161,0,0,729.61676,Superterran
Kepler-417 c,2.69,7.7,616.0,0.1194,5177.0,0.806,0.9,Kepler-417 c,0,0.267515,0,0,657.16338,Superterran
Kepler-1213 b,1.19,1.81,1156.0,0.06026,6050.0,1.21,1.14,Kepler-1213 b,0,0.29252119,0,0,1433.1401,Terran
Kepler-1020 b,2.28,5.82,325.0,0.37594,5227.0,0.8,0.87,Kepler-1020 b,0,0.59562454,0,0,359.43604,Superterran
Kepler-579 b,2.0,4.66,730.0,0.0854,5636.0,0.96,0.99,Kepler-579 b,0,0.27434381,0,0,823.0886,Superterran
Kepler-1074 b,1.25,2.1,568.0,0.0536,4002.0,0.57,0.6,Kepler-1074 b,0,0.33992135,0,0,651.76814,Terran
Kepler-1126 c,1.45,2.7,305.0,0.6193,5678.0,0.921,0.794,Kepler-1126 c,0,0.72064487,0,0,345.32258,Terran
TOI-1693 b,1.41,2.57,764.0,0.0226,3499.0,0.46,0.49,TOI-1693 b,0,0.3077622,0,0,782.29635,Terran
Kepler-948 b,1.85,4.08,841.0,0.0749,5679.0,0.94,0.96,Kepler-948 b,0,0.27181047,0,0,987.26698,Superterran
Kepler-1894 c,1.21,1.92,1007.0,0.0576,5772.0,0.901,0.999,Kepler-1894 c,0,0.29835195,0,0,1026.1581,Terran
Kepler-1996 b,2.26,5.73,392.0,0.1789,4580.0,0.675,0.748,Kepler-1996 b,0,0.40572154,0,0,465.9833,Superterran
Kepler-1278 b,1.01,1.01,1213.0,0.04417,6074.0,1.16,1.11,Kepler-1278 b,0,0.29395257,0,0,1735.076,Terran
Kepler-1977 b,1.66,3.39,798.0,0.0486,4805.0,0.688,0.769,Kepler-1977 b,0,0.28728207,0,0,875.20016,Superterran
Kepler-1275 b,1.48,2.79,1368.0,0.0488,6296.0,1.36,1.23,Kepler-1275 b,0,0.28136955,0,0,1561.2254,Terran
Kepler-1052 c,2.3,5.9,302.0,0.6135,5818.0,0.848,0.937,Kepler-1052 c,0,0.59843657,0,0,357.49357,Superterran
Kepler-656 c,1.41,2.57,975.0,0.0602,5550.0,0.954,1.05,Kepler-656 c,0,0.29271749,0,0,987.13665,Terran
Kepler-1471 c,1.88,4.19,841.0,0.0981,5533.0,1.166,0.934,Kepler-1471 c,0,0.2808665,0,0,819.10772,Superterran
Kepler-60 c,1.9,3.85,1023.0,0.08422,5905.0,1.257,1.041,Kepler-60 c,0,0.2636372,0,0,1231.2104,Superterran
Kepler-784 c,1.55,3.02,844.0,0.1309,5676.0,1.487,1.016,Kepler-784 c,0,0.27991698,0,0,1302.284,Terran
Kepler-1869 c,0.74,0.33,1455.0,0.028,5808.0,0.902,0.987,Kepler-1869 c,0,0.28627197,0,0,1670.5001,Subterran
Kepler-1987 c,1.33,2.33,860.0,0.0427,4769.0,0.714,0.799,Kepler-1987 c,0,0.2963013,0,0,976.58845,Terran
Kepler-1669 d,1.22,1.98,669.0,0.0468,4224.0,0.603,0.609,Kepler-1669 d,0,0.30874142,0,0,837.63072,Terran
Kepler-1870 b,2.10143764,5.07,1046.0,0.0452,5508.0,0.84,0.955,Kepler-1870 b,0,0.25423158,0,0,1186.7969,Superterran
K2-8 c,2.41,6.39,801.0,0.0532,4870.0,0.74,0.78,K2-8 c,0,0.2488148,0,0,891.70193,Superterran
Kepler-1339 b,0.71,0.285,1642.0,0.02356,5586.0,0.93,0.94,Kepler-1339 b,0,0.2832918,0,0,2095.6444,Subterran
Kepler-865 c,0.89,0.64,914.0,0.061,5440.0,0.885,0.782,Kepler-865 c,0,0.30205358,0,0,981.20692,Terran
Kepler-2000 c,1.57,3.09,359.0,0.1228,3757.0,0.576,0.581,Kepler-2000 c,0,0.47479902,0,0,447.79201,Terran
Kepler-864 c,1.62,3.26,1532.0,0.0382,6213.0,1.195,1.27,Kepler-864 c,0,0.27460704,0,0,1659.1813,Superterran
Kepler-1905 b,1.4460734,2.69,1212.0,0.0451,5788.0,1.015,1.038,Kepler-1905 b,0,0.28422553,0,0,1335.3258,Terran
Kepler-230 c,2.04,4.82,359.0,0.38,5588.0,0.817,0.784,Kepler-230 c,0,0.57397581,0,0,377.60151,Superterran
Kepler-1839 b,1.9493759,4.46,1049.0,0.0583,5926.0,0.939,1.03,Kepler-1839 b,0,0.26011551,0,0,1330.734,Superterran
K2-32 e,1.212,2.1,1066.0,0.04899,5271.0,0.86,0.83,K2-32 e,0,0.29995985,0,0,981.34472,Terran
Kepler-1987 b,1.23,2.04,997.0,0.0318,4769.0,0.714,0.799,Kepler-1987 b,0,0.29499336,0,0,1131.6496,Terran
Kepler-919 b,2.25,5.69,869.0,0.0981,6113.0,1.21,1.15,Kepler-919 b,0,0.25097959,0,0,1011.2092,Superterran
Kepler-1181 c,1.83,4.01,1124.0,0.0928,6688.0,1.347,1.336,Kepler-1181 c,0,0.26703843,0,0,1239.2289,Superterran
Kepler-1858 b,2.42168247,6.44,330.0,0.3575,4939.0,0.819,0.785,Kepler-1858 b,0,0.55762321,0,0,370.71273,Superterran
Kepler-411 b,2.401,25.6,1138.0,0.0375,4974.0,0.82,0.87,Kepler-411 b,0,0.24210628,0,0,1063.1095,Superterran
Kepler-144 b,1.33,2.33,1253.0,0.066,6075.0,1.235,1.154,Kepler-144 b,0,0.28901536,0,0,1317.2056,Terran
Kepler-1121 b,1.91,4.31,1008.0,0.11818,6231.0,1.59,1.29,Kepler-1121 b,0,0.265463,0,0,1097.6153,Superterran
Kepler-402 d,1.38,2.48,1006.0,0.087,6090.0,1.264,1.072,Kepler-402 d,0,0.29052842,0,0,1096.2659,Terran
LTT 1445 A b,1.34,2.73,431.0,0.0381,3562.0,0.271,0.257,LTT 1445 A b,0,0.36118048,0,0,595.97049,Terran
Kepler-150 b,1.25,2.1,1131.0,0.044,5560.0,0.939,0.956,Kepler-150 b,0,0.29247296,0,0,1250.1127,Terran
Kepler-1841 b,1.48912557,2.82,542.0,0.1606,5190.0,0.899,0.823,Kepler-1841 b,0,0.34397282,0,0,611.7201,Terran
TOI-262 b,2.07,4.94,584.0,0.163,5310.0,0.853,0.913,TOI-262 b,0,0.31656581,0,0,603.02,Superterran
55 Cnc e,1.875,7.99,1958.0,0.01544,5172.0,0.943,0.905,55 Cnc e,0,0.2613764,0,0,2066.7311,Superterran
Kepler-405 b,2.08,4.98,785.0,0.095,5818.0,0.893,0.873,Kepler-405 b,0,0.27594747,0,0,771.46054,Superterran
Kepler-129 b,2.4,20.0,910.0,0.13,5770.0,1.653,1.178,Kepler-129 b,0,0.24283618,0,0,1042.2001,Superterran
HD 136352 b,1.664,4.72,905.0,0.0964,5664.0,1.058,0.87,HD 136352 b,0,0.28343488,0,0,935.16233,Superterran
Kepler-1176 b,2.45,6.57,595.0,0.1589,5844.0,1.02,1.01,Kepler-1176 b,0,0.27448408,0,0,674.70445,Superterran
Kepler-1783 b,1.31946731,2.3,1088.0,0.07595,5129.0,1.781,0.887,Kepler-1783 b,0,0.3093059,0,0,799.70564,Terran
Kepler-1421 b,0.93,0.749,1209.0,0.07576,6335.0,1.42,1.25,Kepler-1421 b,0,0.29449132,0,0,1471.2892,Terran
Kepler-414 b,1.71,3.5,1024.0,0.0543,5536.0,0.946,0.89,Kepler-414 b,0,0.27461052,0,0,1137.0255,Superterran
HD 136352 d,2.562,8.82,431.0,0.425,5664.0,1.058,0.87,HD 136352 d,0,0.41385496,0,0,445.38035,Superterran
Kepler-1491 c,2.44,6.53,530.0,0.3045,5626.0,1.389,0.991,Kepler-1491 c,0,0.28442707,0,0,639.56085,Superterran
Kepler-1834 c,1.22,1.98,1541.0,0.015,4821.0,0.788,0.765,Kepler-1834 c,0,0.29062414,0,0,1685.1163,Terran
Kepler-348 c,1.33,2.33,888.0,0.138,6177.0,1.359,1.189,Kepler-348 c,0,0.29560561,0,0,993.65581,Terran
Kepler-1200 b,1.06,1.2,1174.0,0.0188,4612.0,0.7,0.74,Kepler-1200 b,0,0.29503059,0,0,1411.2261,Terran
Kepler-1195 b,2.08,4.98,702.0,0.0726,4965.0,0.71,0.74,Kepler-1195 b,0,0.27000848,0,0,825.95657,Superterran
K2-268 b,1.5,2.86,1136.0,0.0308,5106.0,0.78,0.84,K2-268 b,0,0.28276979,0,0,1249.9716,Terran
TOI-1749 c,2.12,14.0,673.0,0.0443,3985.0,0.55,0.58,TOI-1749 c,0,0.28497638,0,0,702.60924,Superterran
TOI-431 b,1.28,3.07,1862.0,0.0113,4850.0,0.731,0.78,TOI-431 b,0,0.28823903,0,0,1954.9529,Terran
Kepler-795 b,1.68,3.46,580.0,0.1803,5631.0,0.96,0.94,Kepler-795 b,0,0.31639662,0,0,666.42005,Superterran
Kepler-163 b,1.05,1.16,906.0,0.078,5776.0,0.917,0.882,Kepler-163 b,0,0.30440374,0,0,951.43302,Terran
Kepler-989 b,2.21,5.52,805.0,0.0734,5074.0,0.78,0.82,Kepler-989 b,0,0.26307767,0,0,830.47677,Superterran
HR 858 d,2.001,7.1,1061.0,0.1046,6354.0,1.258,1.204,HR 858 d,0,0.25225262,0,0,1105.9012,Superterran
Kepler-1446 b,0.82,0.477,1539.0,0.01405,4865.0,0.75,0.81,Kepler-1446 b,0,0.29069494,0,0,1665.5818,Terran
Kepler-1834 b,1.4593834,2.73,848.0,0.04911,4821.0,0.788,0.765,Kepler-1834 b,0,0.29347058,0,0,926.69044,Terran
Kepler-1859 b,1.58313575,3.13,1455.0,0.0394,5887.0,1.235,1.09,Kepler-1859 b,0,0.27660618,0,0,1583.7164,Terran
Kepler-98 b,1.99,3.55,1592.0,0.02614,5539.0,1.11,0.99,Kepler-98 b,0,0.25638454,0,0,1648.6902,Superterran
Kepler-238 b,1.73,3305.02,1642.0,0.034,5751.0,1.43,1.229,Kepler-238 b,0,0.26863626,0,0,1998.4168,Superterran
TOI-237 b,1.44,2.67,388.0,0.0341,3212.0,0.211,0.179,TOI-237 b,0,0.58515767,0,0,394.27417,Terran
GJ 1132 b,1.19151465,1.83704819,583.8,0.0157,3229.0,0.2211,0.1945,GJ 1132 b,0,0.36158321,0,0,596.34667,Terran
GJ 1132 c,1.52,2.91,300.0,0.0476,3090.0,0.226,0.198,GJ 1132 c,0,0.73238181,0,0,337.5621,Terran
TOI-1442 b,1.17,1.71,1072.0,0.0071,3330.0,0.31,0.29,TOI-1442 b,0,0.29743508,0,0,1094.0731,Terran
TOI-1064 c,2.651,2.5,634.0,0.09429,4734.0,0.726,0.748,TOI-1064 c,0,0.26984246,0,0,654.23243,Terran
Kepler-1542 d,0.87,0.59,1010.0,0.0629,5564.0,0.99,0.94,Kepler-1542 d,0,0.29596655,0,0,1191.4257,Terran
K2-316 c,1.83,4.01,423.0,0.0582,3436.0,0.379,0.408,K2-316 c,0,0.51032552,0,0,415.87616,Superterran
Kepler-1269 b,1.63,3.29,657.0,0.23611,5998.0,1.15,1.1,Kepler-1269 b,0,0.29212664,0,0,833.43417,Superterran
Kepler-1315 b,1.38,2.48,1541.0,0.01617,4861.0,0.75,0.8,Kepler-1315 b,0,0.28551067,0,0,1569.7544,Terran
K2-239 d,1.1,1.37,399.0,0.0685,3420.0,0.36,0.4,K2-239 d,0,0.61218941,0,0,390.91311,Terran
K2-192 b,1.52,2.92,939.0,0.049,5222.0,0.81,0.9,K2-192 b,0,0.28557068,0,0,1056.3978,Terran
TRAPPIST-1 b,1.116,1.374,397.6,0.01154,2566.0,0.1192,0.0898,TRAPPIST-1 b,0,0.56548578,0,0,410.74432,Terran
TRAPPIST-1 d,0.788,0.388,286.2,0.02227,2566.0,0.1192,0.0898,TRAPPIST-1 d,1,0.90766241,0,1,295.67425,Subterran
TRAPPIST-1 e,0.92,0.692,249.7,0.02925,2566.0,0.1192,0.0898,TRAPPIST-1 e,1,0.84549451,1,1,257.99535,Terran
TRAPPIST-1 g,1.129,1.321,197.3,0.04683,2566.0,0.1192,0.0898,TRAPPIST-1 g,1,0.57566382,1,1,203.89817,Terran
TRAPPIST-1 h,0.755,0.326,171.7,0.06189,2566.0,0.1192,0.0898,TRAPPIST-1 h,0,0.46227141,0,0,177.36356,Subterran
K2-117 c,2.06,4.9,537.0,0.0492,3778.0,0.51,0.54,K2-117 c,0,0.32025255,0,0,593.03258,Superterran
Kepler-1297 b,0.97,0.871,1790.0,0.0283,5818.0,0.99,0.99,Kepler-1297 b,0,0.293376,0,0,2034.8495,Terran
Kepler-80 f,1.21,4459.73,1054.0,0.0175,4540.0,0.678,0.73,Kepler-80 f,0,0.29224232,0,0,1396.0678,Terran
Kepler-113 c,2.18,8.7,628.0,0.07796,4725.0,0.69,0.75,Kepler-113 c,0,0.27533636,0,0,739.8296,Superterran
Kepler-1016 b,2.18,5.39,1540.0,0.03044,5821.0,1.0,0.99,Kepler-1016 b,0,0.2467196,0,0,1763.4223,Superterran
Kepler-1651 b,1.84,4.04,393.0,0.0692,3713.0,0.503,0.522,Kepler-1651 b,0,0.39654805,0,0,497.06327,Superterran
Kepler-1053 b,0.98,0.904,953.0,0.0315,4529.0,0.69,0.74,Kepler-1053 b,0,0.30379025,0,0,968.32299,Terran
Kepler-1932 b,1.51482218,2.91,1891.0,0.0123,5278.0,0.815,0.911,Kepler-1932 b,0,0.27869176,0,0,2118.2293,Terran
Kepler-524 c,0.96,0.84,1574.0,0.03046,6014.0,1.1,1.09,Kepler-524 c,0,0.29321824,0,0,2127.9147,Terran
Kepler-534 c,1.227,2.02,933.0,0.0761,5936.0,0.965,1.075,Kepler-534 c,0,0.29501339,0,0,1134.9669,Terran
Kepler-647 b,1.17,1.71,788.0,0.12237,6020.0,1.07,1.03,Kepler-647 b,0,0.29872214,0,0,1046.8632,Terran
Kepler-130 b,1.02,1.04,982.0,0.079,5884.0,1.127,0.927,Kepler-130 b,0,0.29836806,0,0,1145.5065,Terran
Kepler-1955 b,1.16654878,1.69,853.0,0.11959,5825.0,1.291,1.049,Kepler-1955 b,0,0.30207098,0,0,960.13564,Terran
K2-154 b,1.99,4.62,715.0,0.0405,4097.0,0.63,0.65,K2-154 b,0,0.27766944,0,0,795.60593,Superterran
Kepler-537 b,1.41,2.57,1181.0,0.04317,5763.0,0.99,1.07,Kepler-537 b,0,0.28570666,0,0,1338.0255,Terran
Kepler-1030 b,2.48,6.71,529.0,0.1338,4983.0,0.76,0.8,Kepler-1030 b,0,0.30903593,0,0,572.06775,Superterran
WASP-47 e,1.83,9.0,1992.0,0.01673,5565.0,1.156,1.058,WASP-47 e,0,0.26455436,0,0,2265.4429,Superterran
K2-28 b,2.32,5.99,568.0,0.0214,3214.0,0.288,0.257,K2-28 b,0,0.2891779,0,0,643.75206,Superterran
Kepler-1866 b,2.08215108,4.99,834.0,0.1016,5791.0,1.083,1.03,Kepler-1866 b,0,0.2603896,0,0,980.57015,Superterran
HD 73583 c,2.39,9.7,498.0,0.1242,4511.0,0.65,0.73,HD 73583 c,0,0.33723818,0,0,531.72944,Superterran
Kepler-633 c,2.296,5.89,725.0,0.16246,5877.0,1.265,0.997,Kepler-633 c,0,0.26354992,0,0,784.21702,Superterran
Kepler-1021 b,2.33,6.04,634.0,0.1034,5431.0,0.86,0.89,Kepler-1021 b,0,0.26520208,0,0,757.9931,Superterran
Kepler-1952 b,1.23923346,2.07,725.0,0.1724,5973.0,1.305,0.922,Kepler-1952 b,0,0.3099381,0,0,819.23197,Terran
Kepler-1431 b,1.47,2.76,1064.0,0.0648,5806.0,1.03,1.03,Kepler-1431 b,0,0.28353123,0,0,1299.8344,Terran
GJ 806 c,2.28,5.8,490.0,0.0523,3600.0,0.4144,0.413,GJ 806 c,0,0.36447091,0,0,505.15502,Superterran
TOI-2136 b,2.19,6.37,395.0,0.057,3342.0,0.34,0.34,TOI-2136 b,0,0.50033629,0,0,406.90038,Superterran
TOI-2427 b,1.8,3.89,1117.0,0.0202,4072.0,0.65,0.64,TOI-2427 b,0,0.26943415,0,0,1176.9278,Superterran
Wolf 503 b,2.043,6.26,790.0,0.05706,4716.0,0.689,0.688,Wolf 503 b,0,0.27110936,0,0,806.81219,Superterran
Kepler-1514 c,1.1758241,1.74,1066.0,0.0997,6145.0,1.289,1.196,Kepler-1514 c,0,0.2967942,0,0,1093.2493,Terran
TRAPPIST-1 c,1.097,1.308,339.7,0.0158,2566.0,0.1192,0.0898,TRAPPIST-1 c,0,0.73055616,0,0,351.03128,Terran
TRAPPIST-1 f,1.045,1.039,217.7,0.03849,2566.0,0.1192,0.0898,TRAPPIST-1 f,1,0.67711241,1,1,224.90485,Terran
GJ 514 b,2.13,5.2,202.0,0.422,3728.0,0.5,0.51,GJ 514 b,2,0.52010084,0,1,198.92846,Superterran
Kepler-399 c,1.43,2.63,630.0,0.155,5502.0,0.68,0.902,Kepler-399 c,0,0.36415241,0,0,574.45984,Terran
Kepler-1802 b,1.671,3.43,581.0,0.0662,4245.0,0.637,0.649,Kepler-1802 b,0,0.31958864,0,0,656.51783,Superterran
TOI-431 c,1.49,2.83,867.0,0.052,4850.0,0.731,0.78,TOI-431 c,0,0.29297194,0,0,911.32619,Terran
Kepler-289 b,2.49,3.7,607.0,0.21183,5990.0,1.0,1.08,Kepler-289 b,0,0.29604546,0,0,650.22831,Superterran
Kepler-1863 b,2.26309256,5.74,508.0,0.23678,5871.0,0.983,1.097,Kepler-1863 b,0,0.27432687,0,0,720.65942,Superterran
GJ 3929 b,1.09,1.75,568.0,0.0252,3384.0,0.32,0.313,GJ 3929 b,0,0.370086,0,0,585.43037,Terran
Kepler-475 b,2.49,6.76,980.0,0.03989,5009.0,0.79,0.86,Kepler-475 b,0,0.237141,0,0,1102.6535,Superterran
TOI-2081 b,2.04,4.82,488.0,0.0752,3800.0,0.534,0.54,TOI-2081 b,0,0.39728239,0,0,485.6424,Superterran
Kepler-691 b,2.09,5.02,460.0,0.0649,3715.0,0.5,0.53,Kepler-691 b,0,0.3536337,0,0,532.78645,Superterran
Kepler-62 e,1.61,36.0,270.0,0.427,4925.0,0.64,0.69,Kepler-62 e,2,0.82742754,0,1,297.99679,Superterran
HIP 41378 b,2.419,9.06,970.67,0.1303,6371.0,1.306,1.245,HIP 41378 b,0,0.24189803,0,0,1007.7606,Superterran
Kepler-332 b,1.17,1.71,703.0,0.07,4955.0,0.72,0.743,Kepler-332 b,0,0.31674277,0,0,776.92036,Terran
Kepler-1578 b,1.04,1.12,1700.0,0.0252,5545.0,0.86,0.9,Kepler-1578 b,0,0.294069,0,0,1648.0685,Terran
Kepler-1966 b,1.10479327,1.39,733.0,0.0763,5009.0,0.84,0.797,Kepler-1966 b,0,0.32171506,0,0,751.47278,Terran
Kepler-887 c,1.13,1.51,1089.0,0.0801,6194.0,1.29,1.19,Kepler-887 c,0,0.29478103,0,0,1317.3354,Terran
Kepler-306 d,2.47,6.66,535.0,0.12,4954.0,0.719,0.75,Kepler-306 d,0,0.28467459,0,0,633.99364,Superterran
Kepler-195 c,1.55,3.02,469.0,0.197,5329.0,0.775,0.867,Kepler-195 c,0,0.39068475,0,0,524.73787,Terran
Kepler-212 b,1.09,1.32,830.0,0.133,5852.0,1.455,1.166,Kepler-212 b,0,0.30250959,0,0,983.44415,Terran
Kepler-195 b,2.03,4.78,751.0,0.077,5329.0,0.775,0.867,Kepler-195 b,0,0.27135903,0,0,839.325,Superterran
Kepler-24 d,1.67,293.959,1305.0,0.051,5897.0,1.289,1.046,Kepler-24 d,0,0.2735378,0,0,1382.4214,Superterran
Kepler-83 d,1.94,4.1,569.0,0.051,4648.0,0.594,0.58,Kepler-83 d,0,0.30039632,0,0,675.52346,Superterran
KOI-7913 b,2.34,6.08,432.0,0.1456,4324.0,0.788,0.76,KOI-7913 b,0,0.38043344,0,0,484.55696,Superterran
Kepler-54 d,1.53,12.0946,328.0,0.126,4252.0,0.554,0.518,Kepler-54 d,0,0.60488086,0,0,383.25713,Terran
YZ Cet d,1.03,1.09,356.7,0.02851,3151.0,0.157,0.142,YZ Cet d,0,0.67449052,0,0,368.59016,Terran
Kepler-1608 b,1.73,3.64,612.0,0.1126,4992.0,0.72,0.75,Kepler-1608 b,0,0.32502938,0,0,629.37042,Superterran
Kepler-968 c,1.69,3.5,644.0,0.052,4598.0,0.7,0.76,Kepler-968 c,0,0.2911126,0,0,813.15596,Superterran
HD 23472 c,1.87,3.41,467.0,0.1646,4684.0,0.71,0.67,HD 23472 c,0,0.39817646,0,0,494.71236,Superterran
Kepler-1463 b,1.86,4.12,619.0,0.1694,5679.0,0.95,0.96,Kepler-1463 b,0,0.29228729,0,0,737.00226,Superterran
Kepler-1948 b,1.03283226,1.09,399.0,0.1022,3872.0,0.557,0.585,Kepler-1948 b,0,0.3926923,0,0,547.89845,Terran
Kepler-1319 b,1.34,2.36,557.0,0.0296,3655.0,0.54,0.56,Kepler-1319 b,0,0.3178378,0,0,717.76755,Terran
Kepler-1532 b,1.35,2.39,1681.0,0.0206,5559.0,0.88,0.91,Kepler-1532 b,0,0.28591451,0,0,1848.17,Terran
Kepler-808 b,1.46,2.73,1322.0,0.01314,4653.0,0.71,0.76,Kepler-808 b,0,0.28154009,0,0,1801.7583,Terran
HD 23472 d,0.75,0.55,909.0,0.04298,4684.0,0.71,0.67,HD 23472 d,0,0.29650785,0,0,968.0753,Terran
HD 23472 f,1.137,0.77,630.0,0.0906,4684.0,0.71,0.67,HD 23472 f,0,0.33854022,0,0,666.77337,Terran
LP 890-9 b,1.32,13.2,396.0,0.01875,2850.0,0.1556,0.118,LP 890-9 b,0,0.55915608,0,0,409.4255,Terran
Kepler-260 c,1.74,3.68,372.0,0.332,5250.0,0.862,1.013,Kepler-260 c,0,0.42953897,0,0,473.53979,Superterran
Kepler-140 c,1.8,3.89,428.0,0.414,6077.0,1.288,1.044,Kepler-140 c,0,0.38294512,0,0,516.62492,Superterran
Kepler-85 c,1.978,2.15,706.0,0.10363,5505.2,0.875,0.928,Kepler-85 c,0,0.26728734,0,0,802.4367,Superterran
TOI-1260 b,2.41,8.56,871.0,0.0367,4227.0,0.672,0.679,TOI-1260 b,0,0.24829987,0,0,900.20721,Superterran
Kepler-1203 b,1.06,1.2,1188.0,0.0114,4105.0,0.61,0.64,Kepler-1203 b,0,0.29390477,0,0,1648.0603,Terran
GJ 1002 b,1.03,1.08,230.9,0.0457,3024.0,0.137,0.12,GJ 1002 b,1,0.86151546,1,1,260.59581,Terran
Kepler-1182 b,2.41,6.39,796.0,0.0981,5924.0,1.05,1.04,Kepler-1182 b,0,0.24176197,0,0,1064.3661,Superterran
Kepler-513 b,2.2,5.48,623.0,0.1779,5849.0,1.06,1.02,Kepler-513 b,0,0.27910757,0,0,711.82027,Superterran
Kepler-1329 b,2.17,5.35,577.0,0.0747,4500.0,0.69,0.72,Kepler-1329 b,0,0.28839783,0,0,675.32872,Superterran
K2-61 b,1.92,4.35,1325.0,0.0392,5748.0,0.995,0.97,K2-61 b,0,0.23366883,0,0,1440.5638,Superterran
Kepler-825 c,1.84,4.04,981.0,0.0759,5976.0,1.08,1.03,Kepler-825 c,0,0.26851032,0,0,1118.9344,Superterran
Kepler-382 b,1.32,2.3,1166.0,0.055,5600.0,0.945,1.002,Kepler-382 b,0,0.28921987,0,0,1334.2714,Terran
Kepler-1191 b,1.51,2.89,952.0,0.0587,5308.0,0.81,0.85,Kepler-1191 b,0,0.28643159,0,0,1042.573,Terran
Kepler-1891 b,1.52139156,2.93,1017.0,0.0473,5516.0,0.827,0.873,Kepler-1891 b,0,0.28320419,0,0,1158.097,Terran
Kepler-1456 b,1.14,1.55,433.0,0.1132,4231.0,0.62,0.64,Kepler-1456 b,0,0.43805432,0,0,492.89261,Terran
Kepler-529 b,1.86,4.12,1662.0,0.0309,6087.0,1.14,1.07,Kepler-529 b,0,0.26241896,0,0,1843.7256,Superterran
Kepler-136 b,2.05,19.8,951.0,0.106,6165.0,1.355,1.204,Kepler-136 b,0,0.25726895,0,0,1156.1724,Superterran
Kepler-775 b,1.19,1.81,1612.0,0.01834,5468.0,0.84,0.92,Kepler-775 b,0,0.29114756,0,0,1804.0755,Terran
Kepler-357 b,1.84,4.04,793.0,0.063,5036.0,0.834,0.794,Kepler-357 b,0,0.2816806,0,0,832.25276,Superterran
Kepler-23 d,2.206,4.44,896.0,0.12012,5828.0,1.548,1.078,Kepler-23 d,0,0.25287101,0,0,1026.9296,Superterran
Kepler-1324 b,1.51,2.89,895.0,0.0466,4776.0,0.73,0.78,Kepler-1324 b,0,0.29246945,0,0,904.65411,Terran
Kepler-110 b,1.83,4.01,1008.0,0.107,5960.0,1.149,0.989,Kepler-110 b,0,0.27128475,0,0,1030.9406,Superterran
K2-325 b,2.2,5.48,423.0,0.0419,3287.0,0.298,0.274,K2-325 b,0,0.45576349,0,0,432.33312,Superterran
Kepler-716 c,1.39281536,2.52,992.0,0.04548,5012.0,0.742183,0.83,Kepler-716 c,0,0.29278039,0,0,1003.5675,Terran
Kepler-1850 b,0.72909663,0.313,1008.0,0.0206,4239.0,0.6,0.611,Kepler-1850 b,0,0.28807761,0,0,1257.4534,Subterran
K2-38 b,1.54,7.3,1266.0,0.04994,5731.0,1.06,1.03,K2-38 b,0,0.27485586,0,0,1309.3689,Superterran
K2-38 c,2.29,8.3,916.0,0.09514,5731.0,1.06,1.03,K2-38 c,0,0.24198474,0,0,948.56057,Superterran
Kepler-1365 b,0.92,0.721,969.0,0.07839,5770.0,1.05,1.0,Kepler-1365 b,0,0.29526055,0,0,1341.6675,Terran
Kepler-341 d,1.85,4.08,622.0,0.182,6012.0,1.024,0.976,Kepler-341 d,0,0.29474682,0,0,725.50403,Superterran
GJ 393 b,1.17,1.71,485.0,0.05402,3579.0,0.426,0.426,GJ 393 b,0,0.42881937,0,0,501.0698,Terran
Kepler-1933 b,1.17984089,1.76,1058.0,0.05605,5661.0,1.008,0.964,Kepler-1933 b,0,0.29625688,0,0,1136.172,Terran
Kepler-23 b,1.638,2.56,1157.0,0.07212,5828.0,1.548,1.078,Kepler-23 b,0,0.2629103,0,0,1293.5913,Superterran
TOI-700 e,0.953,0.818,272.9,0.134,3459.0,0.421,0.415,TOI-700 e,1,0.91203186,0,1,305.68811,Terran
Kepler-1331 b,1.05,1.16,1244.0,0.0142,4508.0,0.69,0.72,Kepler-1331 b,0,0.29499103,0,0,1430.6432,Terran
Kepler-1246 b,1.36,2.42,554.0,0.0848,4611.0,0.69,0.73,Kepler-1246 b,0,0.33630461,0,0,650.09615,Terran
Kepler-287 b,2.33,83.0,667.0,0.145,5806.0,1.032,0.963,Kepler-287 b,0,0.27498065,0,0,699.42559,Superterran
K2-155 b,1.8,3.89,708.0,0.0562,4258.0,0.58,0.65,K2-155 b,0,0.33337848,0,0,598.14622,Superterran
TOI-1695 b,1.9,6.36,698.0,0.033548,3690.0,0.515,0.513,TOI-1695 b,0,0.29288865,0,0,720.00609,Superterran
K2-155 d,1.9,4.27,381.0,0.1937,4258.0,0.58,0.65,K2-155 d,0,0.72989462,0,0,322.189,Superterran
Kepler-1443 b,0.97,0.871,1602.0,0.03783,6289.0,1.27,1.19,Kepler-1443 b,0,0.29333726,0,0,2071.341,Terran
Kepler-138 e,0.797,0.43,292.0,0.1803,3841.0,0.535,0.535,Kepler-138 e,0,0.79424968,0,0,329.29568,Subterran
GJ 1002 c,1.1,1.36,181.7,0.0738,3024.0,0.137,0.12,GJ 1002 c,1,0.58171525,1,1,205.06774,Terran
Kepler-138 c,1.51,2.3,410.0,0.0913,3841.0,0.535,0.535,Kepler-138 c,0,0.45682631,0,0,463.108,Terran
Kepler-1644 b,1.88,4.19,606.0,0.142,5499.0,0.86,0.89,Kepler-1644 b,0,0.30380338,0,0,674.57672,Superterran
Kepler-1249 b,2.38,6.26,647.0,0.167,6202.0,1.28,1.19,Kepler-1249 b,0,0.24969638,0,0,900.67329,Superterran
HD 191939 d,2.995,2.8,540.0,0.2132,5348.0,0.94,0.81,HD 191939 d,0,0.29106771,0,0,559.44298,Terran
TOI-700 b,0.914,0.704,417.0,0.0677,3459.0,0.421,0.415,TOI-700 b,0,0.52704018,0,0,430.00972,Terran
TOI-700 d,1.073,1.25,268.8,0.1633,3459.0,0.421,0.415,TOI-700 d,1,0.94117592,1,1,276.93926,Terran
Kepler-792 b,1.96,4.5,852.0,0.0988,5971.0,1.12,1.09,Kepler-792 b,0,0.2635817,0,0,1071.6354,Superterran
Kepler-1254 c,1.3,2.24,927.0,0.0422,4985.0,0.75,0.78,Kepler-1254 c,0,0.29616223,0,0,1007.5562,Terran
Kepler-1238 b,1.93,4.38,1389.0,0.0541,6386.0,1.48,1.3,Kepler-1238 b,0,0.25915582,0,0,1731.1189,Superterran
Kepler-933 b,2.46,6.62,602.0,0.1041,5346.0,0.84,0.87,Kepler-933 b,0,0.2550134,0,0,789.67821,Superterran
Kepler-1240 b,1.15,1.6,1121.0,0.05791,5682.0,0.96,0.98,Kepler-1240 b,0,0.29378874,0,0,1385.9512,Terran
Kepler-1605 b,1.08,1.28,528.0,0.36567,5280.0,0.82,0.86,Kepler-1605 b,0,0.36855763,0,0,588.81125,Terran
Kepler-1119 b,1.92,4.35,938.0,0.0812,6083.0,1.17,1.11,Kepler-1119 b,0,0.26152463,0,0,1335.5111,Superterran
Kepler-49 d,1.6,235.982,717.0,0.031,4252.0,0.559,0.549,Kepler-49 d,0,0.29197264,0,0,852.10806,Terran
Kepler-1465 b,1.77,3.78,668.0,0.1939,4726.0,0.71,0.75,Kepler-1465 b,0,0.46000402,0,0,448.88657,Superterran
TOI-2096 c,1.914,4.32,349.0,0.04,3300.0,0.235,0.231,TOI-2096 c,0,0.53629532,0,0,398.67901,Superterran
TOI-2096 b,1.243,2.08,445.0,0.025,3300.0,0.235,0.231,TOI-2096 b,0,0.42155151,0,0,503.89622,Terran
Kepler-1179 b,1.32,2.3,1137.0,0.03497,5212.0,0.81,0.84,Kepler-1179 b,0,0.29084485,0,0,1197.8087,Terran
Kepler-1544 b,1.78,3.82,269.0,0.54465,4886.0,0.74,0.81,Kepler-1544 b,2,0.79266351,1,1,275.66766,Superterran
Kepler-868 b,2.05,4.86,1047.0,0.0575,5614.0,0.89,0.93,Kepler-868 b,0,0.25593283,0,0,1247.6466,Superterran
Kepler-381 d,1.0667865,1.23,1387.0,0.08364,6197.0,2.188,1.198,Kepler-381 d,0,0.29564193,0,0,1326.5269,Terran
Kepler-1806 b,2.35560189,6.15,729.0,0.0813,5311.0,0.788,0.884,Kepler-1806 b,0,0.26047444,0,0,785.47117,Superterran
Kepler-1570 b,1.07,1.24,836.0,0.16699,5550.0,0.89,0.92,Kepler-1570 b,0,0.30961893,0,0,864.42655,Terran
Kepler-1759 b,0.9037791,0.676,954.0,0.0429,5017.0,0.797,0.76,Kepler-1759 b,0,0.30143471,0,0,1004.4929,Terran
Kepler-225 c,1.84,4.04,412.0,0.111,3682.0,0.48,0.593,Kepler-225 c,0,0.4085451,0,0,486.70301,Superterran
Kepler-833 b,2.02,4.74,382.0,0.1139,4339.0,0.62,0.64,Kepler-833 b,0,0.3526476,0,0,540.02474,Superterran
Kepler-321 b,1.77,3.78,1042.0,0.057,5740.0,1.194,1.024,Kepler-321 b,0,0.27057506,0,0,1199.4664,Superterran
Kepler-973 b,1.96,4.5,402.0,0.2489,5213.0,0.78,0.86,Kepler-973 b,0,0.41824445,0,0,471.26128,Superterran
Kepler-243 b,2.45,6.57,850.0,0.062,5228.0,0.842,0.904,Kepler-243 b,0,0.24468596,0,0,932.13685,Superterran
Kepler-308 b,2.12,5.14,833.0,0.09,5895.0,0.941,0.92,Kepler-308 b,0,0.26263168,0,0,897.02442,Superterran
Kepler-776 b,1.28,2.18,904.0,0.0523,5071.0,0.78,0.83,Kepler-776 b,0,0.29800379,0,0,978.19328,Terran
Kepler-1226 b,1.45,2.7,809.0,0.13945,5923.0,1.02,1.02,Kepler-1226 b,0,0.29224377,0,0,958.8407,Terran
Kepler-1048 b,1.61,3.22,619.0,0.059,4651.0,0.7,0.75,Kepler-1048 b,0,0.28601661,0,0,935.94325,Superterran
Kepler-1260 b,1.77,3.78,823.0,0.1444,5961.0,1.08,1.06,Kepler-1260 b,0,0.27448804,0,0,1024.8066,Superterran
K2-141 b,1.51,4.97,2103.0,0.00747,4570.0,0.681,0.708,K2-141 b,0,0.27887912,0,0,2161.5497,Terran
Kepler-367 c,1.2,1.87,357.0,0.253,4710.0,0.695,0.768,Kepler-367 c,0,0.58415034,0,0,400.97312,Terran
Kepler-176 e,1.45,0.52075,398.0,0.25654,5295.0,0.83,0.87,Kepler-176 e,0,0.46938016,0,0,456.53838,Terran
Kepler-1756 b,1.47199944,2.77,1093.0,0.0319,4915.0,0.812,0.781,Kepler-1756 b,0,0.28417408,0,0,1236.745,Terran
Kepler-20 e,0.821,0.76,1004.0,0.0637,5495.0,0.9164,0.929,Kepler-20 e,0,0.29775091,0,0,1036.0377,Terran
Kepler-102 e,2.17,4.7,590.0,0.1162,4909.0,0.724,0.803,Kepler-102 e,0,0.31095415,0,0,602.70806,Superterran
Kepler-107 d,0.86,7.7,1173.0,0.08377,5854.0,1.447,1.238,Kepler-107 d,0,0.29513441,0,0,1224.7622,Terran
Kepler-1960 b,1.30749704,2.26,1547.0,0.0354,6371.0,1.072,1.117,Kepler-1960 b,0,0.28760043,0,0,1787.203,Terran
Kepler-1007 b,1.44,2.67,652.0,0.048,4587.0,0.7,0.73,Kepler-1007 b,0,0.29324395,0,0,946.90171,Terran
Kepler-659 b,2.5,6.8,513.0,0.1204,4870.0,0.74,0.79,Kepler-659 b,0,0.29054674,0,0,612.50872,Superterran
Kepler-1290 b,1.42,2.6,1098.0,0.0557,5660.0,0.93,0.95,Kepler-1290 b,0,0.28600079,0,0,1268.3757,Terran
Kepler-1244 b,1.35,2.39,1839.0,0.0502,6680.0,1.77,1.46,Kepler-1244 b,0,0.28542111,0,0,2325.8069,Terran
Kepler-374 b,1.03,1.08,1761.0,0.029,5977.0,0.911,1.033,Kepler-374 b,0,0.29344853,0,0,1978.0011,Terran
K2-12 b,2.44,5.2,1026.0,0.0792,5672.0,1.117,0.965,K2-12 b,0,0.23941186,0,0,1047.7745,Superterran
Kepler-78 b,1.201,1.68,2223.0,0.00901,5058.0,0.7475,0.779,Kepler-78 b,0,0.2903106,0,0,2275.4281,Terran
Kepler-1420 b,1.28,2.18,806.0,0.0671,5187.0,0.79,0.82,Kepler-1420 b,0,0.29827988,0,0,971.77173,Terran
K2-136 d,1.565,3.0,420.0,0.1538,4500.0,0.677,0.742,K2-136 d,0,0.44553947,0,0,468.87852,Terran
K2-415 b,1.015,7.5,412.4,0.027,3173.0,0.1965,0.1635,K2-415 b,0,0.5362145,0,0,426.08244,Terran
TOI-733 b,1.992,5.72,1055.8,0.0618,5585.0,0.949,0.956,TOI-733 b,0,0.26125275,0,0,1101.2193,Superterran
HD 15337 c,2.526,6.792,656.1,0.1235,5131.0,0.855,0.829,HD 15337 c,0,0.278591,0,0,669.57309,Superterran
HD 80653 b,1.613,5.72,2463.0,0.01661,5959.0,1.22,1.18,HD 80653 b,0,0.27391442,0,0,2562.9534,Superterran
HD 3167 b,1.67,4.97,1774.0,0.01796,5261.0,0.88,0.837,HD 3167 b,0,0.27179353,0,0,1837.6904,Superterran
HD 3167 d,1.92,4.33,859.5,0.0763,5261.0,0.88,0.837,HD 3167 d,0,0.27297478,0,0,890.78087,Superterran
Kepler-1025 b,1.98,4.58,1654.0,0.21607,6089.0,1.13,1.09,Kepler-1025 b,0,0.32854943,0,0,586.87064,Superterran
Kepler-68 b,2.357,8.03,1275.0,0.06135,5847.0,1.2564,1.057,Kepler-68 b,0,0.24018701,0,0,1326.0134,Superterran
Kepler-997 b,1.36,2.42,1709.0,0.04022,6150.0,1.56,1.22,Kepler-997 b,0,0.28541652,0,0,1921.0128,Terran
K2-117 b,2.03,4.78,868.0,0.0189,3778.0,0.51,0.54,K2-117 b,0,0.26392043,0,0,957.95875,Superterran
Kepler-1170 b,2.41,6.39,705.0,0.088,5069.0,0.76,0.8,Kepler-1170 b,0,0.25644909,0,0,798.33319,Superterran
Kepler-392 b,1.0,0.972,1125.0,0.059,5938.0,1.129,0.874,Kepler-392 b,0,0.29602836,0,0,1325.1026,Terran
K2-188 b,1.35,2.39,1692.0,0.0289,5977.0,1.19,1.06,K2-188 b,0,0.2858581,0,0,1881.3803,Terran
Kepler-194 b,1.51,2.89,1648.0,0.032,6089.0,1.025,0.94,Kepler-194 b,0,0.27972852,0,0,1648.544,Terran
Kepler-157 d,1.46,2.73,969.0,0.0706,5866.0,1.03,1.02,Kepler-157 d,0,0.28610717,0,0,1147.4871,Terran
Kepler-323 c,1.57,6.8,1431.0,0.0458,6004.0,1.12,1.015,Kepler-323 c,0,0.27774365,0,0,1465.5385,Terran
Kepler-236 c,2.0,4.66,329.0,0.132,3750.0,0.51,0.596005,Kepler-236 c,0,0.54878124,0,0,390.29102,Superterran
Kepler-157 c,2.24,5.65,779.0,0.11,5774.0,1.044,0.95,Kepler-157 c,0,0.25569491,0,0,914.06942,Superterran
Kepler-947 b,2.28,5.82,573.0,0.1773,5508.0,0.87,0.9,Kepler-947 b,0,0.27007107,0,0,741.4317,Superterran
Kepler-758 e,1.53,2.96,1144.0,0.0829,6228.0,1.42,1.16,Kepler-758 e,0,0.2798733,0,0,1419.8442,Terran
Kepler-1907 c,1.15547044,1.63,620.0,0.10371,5159.0,0.8,0.752,Kepler-1907 c,0,0.35671163,0,0,612.02531,Terran
Kepler-934 b,2.09,5.02,384.0,0.2658,5001.0,0.77,0.81,Kepler-934 b,0,0.47727706,0,0,423.78739,Superterran
Kepler-102 c,0.567,1.7,777.0,0.06702,4909.0,0.724,0.803,Kepler-102 c,0,0.28936059,0,0,793.56573,Terran
Kepler-102 b,0.46,1.1,857.0,0.05521,4909.0,0.724,0.803,Kepler-102 b,0,0.26131397,0,0,874.26781,Terran
Kepler-1521 b,2.5,6.8,391.0,0.23476,5042.0,0.76,0.81,Kepler-1521 b,0,0.43876294,0,0,430.73732,Superterran
Kepler-189 c,2.38,22.7,544.0,0.137,5235.0,0.75,0.803,Kepler-189 c,0,0.3012085,0,0,600.57222,Superterran
Kepler-107 c,1.597,10.0,1378.0,0.06064,5854.0,1.447,1.238,Kepler-107 c,0,0.27663158,0,0,1440.0312,Terran
Kepler-1468 c,1.15,1.6,1448.0,0.0466,5893.0,1.05,1.04,Kepler-1468 c,0,0.29207587,0,0,1809.1833,Terran
Kepler-1371 b,0.73,0.315,1015.0,0.04214,5361.0,0.83,0.87,Kepler-1371 b,0,0.28772951,0,0,1294.8792,Subterran
Kepler-202 c,1.85,4.08,505.0,0.113,4668.0,0.667,0.683,Kepler-202 c,0,0.3330147,0,0,592.77011,Superterran
Kepler-271 b,1.23,2.04,759.0,0.08784,5555.0,0.87,0.9,Kepler-271 b,0,0.30842235,0,0,837.89108,Terran
Kepler-20 f,0.952,1.4,681.0,0.1387,5495.0,0.9164,0.929,Kepler-20 f,0,0.33119244,0,0,702.09663,Terran
Kepler-102 f,0.861,4.3,495.0,0.1656,4909.0,0.724,0.803,Kepler-102 f,0,0.42449705,0,0,504.80448,Terran
Kepler-974 b,1.57,3.09,577.0,0.0419,3687.0,0.5,0.52,Kepler-974 b,0,0.3282859,0,0,644.64187,Terran
Kepler-218 b,1.48,2.79,1156.0,0.046,5502.0,1.063,1.019,Kepler-218 b,0,0.28264207,0,0,1348.3313,Terran
Kepler-1387 b,0.93,0.749,1123.0,0.031,5046.0,0.77,0.82,Kepler-1387 b,0,0.29734233,0,0,1183.7082,Terran
Kepler-1205 b,1.41,2.57,1667.0,0.0196,5226.0,0.81,0.84,Kepler-1205 b,0,0.28413438,0,0,1615.4647,Terran
Kepler-1067 c,1.74682428,3.7,973.0,0.06069,5594.0,0.934,0.981,Kepler-1067 c,0,0.27409248,0,0,1078.2967,Superterran
Kepler-1222 b,0.79,0.418,1246.0,0.02801,5239.0,0.8,0.84,Kepler-1222 b,0,0.29124289,0,0,1316.1366,Subterran
K2-285 d,2.48,6.5,619.9,0.1178,4975.0,0.787,0.83,K2-285 d,0,0.27736984,0,0,657.43508,Superterran
K2-285 e,1.95,10.7,500.9,0.18041,4975.0,0.787,0.83,K2-285 e,0,0.36281156,0,0,531.24544,Superterran
Kepler-1876 b,0.853,2.4,1299.0,0.0758,6104.0,1.477,1.187,Kepler-1876 b,0,0.29366715,0,0,1336.8404,Terran
Kepler-22 b,2.1,9.1,279.0,0.812,5596.0,0.869,0.857,Kepler-22 b,2,0.7216326,1,1,275.41808,Superterran
Kepler-1107 b,1.34,2.36,1897.0,0.01285,5268.0,0.82,0.86,Kepler-1107 b,0,0.2860482,0,0,2015.9987,Terran
Kepler-1969 b,1.68161001,3.47,999.0,0.0717,6046.0,1.007,1.111,Kepler-1969 b,0,0.28099121,0,0,968.09047,Superterran
Kepler-996 b,1.98,4.58,1272.0,0.0474,6014.0,1.14,1.09,Kepler-996 b,0,0.25736492,0,0,1518.9251,Superterran
K2-85 b,1.4,3.2,1355.0,0.013,4232.0,0.71,0.7,K2-85 b,0,0.29147447,0,0,1575.3093,Terran
Kepler-1385 b,0.85,0.543,1423.0,0.04262,5732.0,1.29,1.15,Kepler-1385 b,0,0.29143357,0,0,1829.7909,Terran
K2-291 b,1.589,6.49,1278.0,0.03261,5520.0,0.899,0.934,K2-291 b,0,0.27697092,0,0,1447.9385,Terran
Kepler-1039 b,1.46,2.73,2080.0,0.01714,4870.0,0.74,0.79,Kepler-1039 b,0,0.28273128,0,0,1459.7101,Terran
Kepler-1383 b,1.41,2.57,928.0,0.11397,6370.0,1.44,1.26,Kepler-1383 b,0,0.28795357,0,0,1161.8996,Terran
Kepler-1484 b,2.11,5.1,624.0,0.1939,5730.0,0.92,0.94,Kepler-1484 b,0,0.25716147,0,0,1033.0863,Superterran
Kepler-1864 b,0.75408365,0.353,1156.0,0.049,5854.0,0.979,1.03,Kepler-1864 b,0,0.28907817,0,0,1324.9992,Subterran
K2-36 b,1.43,4.3,1328.0,0.02288,4916.0,0.718,0.79,K2-36 b,0,0.28459917,0,0,1369.1852,Terran
Kepler-538 b,2.215,12.9,417.0,0.3554,5534.0,0.8717,0.892,Kepler-538 b,0,0.44640241,0,0,434.11569,Superterran
Kepler-988 b,2.07,4.94,368.0,0.1085,4005.0,0.53,0.55,Kepler-988 b,0,0.40359153,0,0,478.03605,Superterran
Kepler-1694 b,1.17986031,1.76,956.0,0.0449,4954.0,0.756284,0.82,Kepler-1694 b,0,0.29957983,0,0,1013.4501,Terran
Kepler-526 b,1.99,4.62,1099.0,0.06518,5894.0,1.14,1.15,Kepler-526 b,0,0.25758685,0,0,1391.8279,Superterran
Kepler-109 b,2.49,4.9,1276.0,0.0701,5950.0,1.387,1.094,Kepler-109 b,0,0.23399611,0,0,1325.8275,Superterran
Kepler-159 b,2.38,6.26,447.0,0.082,4625.0,0.663,0.628,Kepler-159 b,0,0.28408624,0,0,650.90648,Superterran
K2-18 b,2.37,8.92,284.0,0.1429,3457.0,0.411,0.359,K2-18 b,2,0.70093768,0,1,302.73451,Superterran
Kepler-208 d,1.2,1.87,999.0,0.103,6092.0,1.314,1.082,Kepler-208 d,0,0.29727403,0,0,1070.9197,Terran
Kepler-364 b,1.55,3.02,753.0,0.178,6108.0,1.284,1.076,Kepler-364 b,0,0.29586872,0,0,834.57529,Terran
Kepler-524 b,1.91,4.31,974.0,0.07955,6014.0,1.1,1.09,Kepler-524 b,0,0.26219107,0,0,1317.0046,Superterran
Kepler-1189 b,1.77,3.78,1158.0,0.0467,6012.0,1.16,1.11,Kepler-1189 b,0,0.26877991,0,0,1363.0666,Superterran
Kepler-401 d,2.27,5.77,380.0,0.66886,6184.0,1.29,1.17,Kepler-401 d,0,0.37503964,0,0,494.1612,Superterran
Kepler-1042 b,2.19,5.43,574.0,0.0756,4815.0,0.72,0.75,Kepler-1042 b,0,0.27468943,0,0,740.738,Superterran
TOI-1416 b,1.62,3.48,1517.0,0.019,4884.0,0.793,0.798,TOI-1416 b,0,0.27479549,0,0,1601.5803,Superterran
Kepler-1528 b,1.46,2.73,1549.0,0.0296,5857.0,1.03,1.03,Kepler-1528 b,0,0.28204699,0,0,1611.6832,Terran
Kepler-1436 b,1.31,2.27,1001.0,0.0907,5972.0,1.09,1.06,Kepler-1436 b,0,0.28837523,0,0,1514.8578,Terran
Kepler-1621 b,2.16,5.31,469.0,0.4204,6158.0,1.24,1.15,Kepler-1621 b,0,0.31993589,0,0,584.24387,Superterran
Kepler-1478 b,1.73,3.64,598.0,0.1681,5904.0,1.06,1.04,Kepler-1478 b,0,0.28693793,0,0,835.87563,Superterran
Kepler-203 c,2.47,749.9,1096.0,0.061,5821.0,1.114,1.06,Kepler-203 c,0,0.2359491,0,0,1229.5908,Superterran
Kepler-221 b,1.71,5.95575,1090.0,0.037,5243.0,0.821,0.854,Kepler-221 b,0,0.27375844,0,0,1185.2901,Superterran
Kepler-386 b,1.39,2.51,651.0,0.096,5178.0,0.767,0.825,Kepler-386 b,0,0.31524364,0,0,736.6987,Terran
Kepler-1591 b,1.27,2.15,892.0,0.0794,6082.0,1.16,1.1,Kepler-1591 b,0,0.29116045,0,0,1310.7361,Terran
Kepler-115 b,1.09,1.32,1489.0,0.036,5979.0,1.205,1.042,Kepler-115 b,0,0.29334042,0,0,1720.9738,Terran
Kepler-717 b,2.42,6.44,1139.0,0.052,5485.0,0.85,0.88,Kepler-717 b,0,0.23524299,0,0,1786.1744,Superterran
Kepler-1566 b,0.79,0.418,1871.0,0.01198,5254.0,0.81,0.84,Kepler-1566 b,0,0.28860595,0,0,2033.681,Subterran
Kepler-1022 b,2.36,6.17,512.0,0.0805,4445.0,0.68,0.71,Kepler-1022 b,0,0.29529059,0,0,618.76762,Superterran
Kepler-1340 b,1.55,3.02,2174.0,0.01523,6331.0,1.42,1.27,Kepler-1340 b,0,0.2768975,0,0,2445.2868,Terran
Kepler-936 b,1.45,2.7,867.0,0.0954,5482.0,0.89,0.92,Kepler-936 b,0,0.30038997,0,0,834.93244,Terran
Kepler-1349 b,0.7,0.271,1668.0,0.03421,6086.0,1.28,1.16,Kepler-1349 b,0,0.28270206,0,0,1898.0093,Subterran
Kepler-394 d,1.50066814,2.86,1165.0,0.05904,6398.0,1.101,1.141,Kepler-394 d,0,0.28394775,0,0,1166.9688,Terran
Kepler-1601 b,0.82,0.477,1507.0,0.03281,5869.0,1.07,1.04,Kepler-1601 b,0,0.29074858,0,0,1648.1847,Terran
Kepler-1751 b,1.82417378,3.98,984.0,0.0712,6052.0,0.967,0.974,Kepler-1751 b,0,0.26971013,0,0,1100.742,Superterran
K2-133 e,1.73,3.64,296.0,0.1346,3655.0,0.455,0.461,K2-133 e,0,0.7191063,0,0,334.6979,Superterran
Kepler-283 c,1.82,3.97,240.0,0.341,4351.0,0.566,0.596,Kepler-283 c,2,0.79063717,1,1,279.76819,Superterran
Kepler-1086 b,2.44,6.53,433.0,0.1198,4350.0,0.66,0.7,Kepler-1086 b,0,0.35424799,0,0,506.63724,Superterran
Kepler-1497 b,1.66,3.39,924.0,0.0817,5675.0,0.95,0.96,Kepler-1497 b,0,0.28220129,0,0,965.08262,Superterran
Kepler-981 b,2.31,5.95,1103.0,0.0535,5718.0,0.96,0.98,Kepler-981 b,0,0.24404617,0,0,1187.131,Superterran
K2-3 d,1.458,2.2,305.2,0.2014,3844.0,0.546,0.549,K2-3 d,1,0.81426382,0,1,315.44273,Terran
TOI-411 c,2.328,9.72,931.0,0.1017,6169.0,1.117,1.098,TOI-411 c,0,0.24690364,0,0,1015.8168,Superterran
Kepler-436 c,2.33,6.04,503.0,0.11452,4685.0,0.71,0.75,Kepler-436 c,0,0.32606939,0,0,555.03611,Superterran
TOI-1680 b,1.466,2.75,404.0,0.03144,3225.0,0.2106,0.1798,TOI-1680 b,0,0.53583288,0,0,416.32669,Terran
Kepler-1743 b,1.59887007,3.18,1144.0,0.084,5855.0,1.613,1.266,Kepler-1743 b,0,0.27669634,0,0,1416.5751,Terran
Kepler-583 b,2.28,5.82,1017.0,0.0689,5523.0,0.91,0.94,Kepler-583 b,0,0.24879626,0,0,1034.108,Superterran
WASP-84 c,1.95,15.2,1329.0,0.02359,5280.0,0.768,0.853,WASP-84 c,0,0.25871317,0,0,1553.501,Superterran
Kepler-1201 b,2.29,5.86,789.0,0.1183,6177.0,1.24,1.15,Kepler-1201 b,0,0.25689505,0,0,857.89305,Superterran
Kepler-1540 b,2.49,6.76,266.0,0.4426,4540.0,0.69,0.74,Kepler-1540 b,2,0.68524014,1,1,270.03485,Superterran
Kepler-1568 b,1.3,2.24,729.0,0.15157,5956.0,1.19,1.09,Kepler-1568 b,0,0.30408297,0,0,862.03461,Terran
K2-147 b,1.47286006,2.77,1077.0,0.01575,3690.0,0.578,0.563,K2-147 b,0,0.29121804,0,0,1084.4935,Subterran
Kepler-1552 b,2.47,6.66,268.0,0.6011,5202.0,0.78,0.85,Kepler-1552 b,0,0.64650474,0,0,329.59254,Superterran
K2-3 c,1.582,2.68,371.8,0.1357,3844.0,0.546,0.549,K2-3 c,0,0.59721169,0,0,384.43509,Terran
K2-3 b,2.078,5.11,501.3,0.0747,3844.0,0.546,0.549,K2-3 b,0,0.36466942,0,0,517.84943,Superterran
Kepler-1542 c,0.65,0.208,1287.0,0.0387,5564.0,0.99,0.94,Kepler-1542 c,0,0.27893939,0,0,1518.6256,Subterran
Kepler-173 c,2.43,6.48,956.0,0.074,6031.0,0.949,1.067,Kepler-173 c,0,0.23989783,0,0,1103.5948,Superterran
Kepler-1445 b,0.96,0.84,987.0,0.09587,6150.0,1.26,1.13,Kepler-1445 b,0,0.29853042,0,0,1136.3742,Terran
Kepler-1095 b,1.21,1.92,1108.0,0.0514,5658.0,0.92,0.94,Kepler-1095 b,0,0.29430065,0,0,1202.8015,Terran
Kepler-1123 b,1.67,3.43,1061.0,0.0497,5500.0,0.9,0.93,Kepler-1123 b,0,0.27761877,0,0,1088.9234,Superterran
TOI-2084 b,2.47,6.66,527.0,0.05006,3551.0,0.475,0.453,TOI-2084 b,0,0.32488222,0,0,544.7285,Superterran
Kepler-1371 c,0.64,0.196,1216.0,0.02937,5361.0,0.83,0.87,Kepler-1371 c,0,0.2776915,0,0,1550.7802,Subterran
TOI-411 b,1.362,13.71,1241.0,0.05727,6169.0,1.117,1.098,TOI-411 b,0,0.28744213,0,0,1354.5005,Terran
HD 219134 c,1.511,4.36,782.0,0.0653,4699.0,0.778,0.81,HD 219134 c,0,0.3003019,0,0,807.44785,Terran
HD 219134 f,1.31,7.3,522.6,0.1463,4699.0,0.778,0.81,HD 219134 f,0,0.39013041,0,0,538.8344,Terran
Kepler-1877 b,0.624086,0.179,1278.0,0.03472,5615.0,0.936,1.022,Kepler-1877 b,0,0.27621204,0,0,1469.0006,Subterran
Kepler-331 c,1.84,4.04,425.0,0.105,4347.0,0.492,0.653,Kepler-331 c,0,0.34733666,0,0,565.36754,Superterran
Kepler-543 b,2.5,6.8,521.0,0.1023,4671.0,0.67,0.7,Kepler-543 b,0,0.28298515,0,0,634.69121,Superterran
Kepler-1105 b,2.01,4.7,729.0,0.0471,4299.0,0.68,0.71,Kepler-1105 b,0,0.27979855,0,0,769.42283,Superterran
Kepler-1311 b,1.24,2.07,1019.0,0.10082,5748.0,1.4,1.05,Kepler-1311 b,0,0.29346979,0,0,1200.4038,Terran
Kepler-1449 b,1.68,3.46,867.0,0.1176,5979.0,1.1,1.08,Kepler-1449 b,0,0.27633198,0,0,1124.5321,Superterran
Kepler-389 c,1.46,2.73,636.0,0.11,5376.0,0.792,0.765,Kepler-389 c,0,0.33364301,0,0,644.50929,Terran
Kepler-147 c,2.43,6.48,689.0,0.216,6012.0,1.468,1.145,Kepler-147 c,0,0.25623576,0,0,791.49586,Superterran
K2-158 c,1.28,2.18,948.0,0.0622,5503.0,0.95,0.92,K2-158 c,0,0.2954401,0,0,1050.2201,Terran
Kepler-167 b,1.718,3.6,918.0,0.04825,4884.0,0.749,0.777,Kepler-167 b,0,0.27955535,0,0,960.34408,Superterran
Kepler-374 c,1.1,1.37,1467.0,0.042,5977.0,0.911,1.033,Kepler-374 c,0,0.29341666,0,0,1643.618,Terran
Kepler-1904 b,1.3904994,2.51,567.0,0.0436,3805.0,0.497,0.526,Kepler-1904 b,0,0.3342685,0,0,652.65291,Terran
Kepler-186 e,1.27,2.15,319.0,0.11,3788.0,0.472,0.478,Kepler-186 e,0,0.60483093,0,0,390.82216,Terran
Kepler-1902 b,1.17563613,1.74,601.0,0.0385,3729.0,0.514,0.52,Kepler-1902 b,0,0.31741389,0,0,770.80612,Terran
Kepler-316 b,1.06,1.2,837.0,0.027,4204.0,0.52,0.587,Kepler-316 b,0,0.30143092,0,0,1021.5124,Terran
Kepler-1585 b,1.79,3.86,1064.0,0.0445,5538.0,0.91,0.94,Kepler-1585 b,0,0.27237065,0,0,1062.2959,Superterran
Kepler-1856 b,1.73447868,3.66,1344.0,0.0215,4948.0,0.816,0.782,Kepler-1856 b,0,0.26920511,0,0,1621.6469,Superterran
Kepler-1958 b,2.05124311,4.86,806.0,0.0856,5749.0,0.864,0.961,Kepler-1958 b,0,0.2618556,0,0,982.74001,Superterran
Kepler-1301 b,1.4,2.54,734.0,0.0815,5188.0,0.81,0.85,Kepler-1301 b,0,0.30338622,0,0,825.74645,Terran
Kepler-1695 b,1.11948901,1.46,957.0,0.0529,5473.19,0.987155,0.96,Kepler-1695 b,0,0.29678168,0,0,1178.1421,Terran
HD 213885 b,1.745,8.83,2128.0,0.02012,5978.0,1.1011,1.068,HD 213885 b,0,0.26771445,0,0,2197.1592,Superterran
Kepler-1103 b,2.27,5.77,736.0,0.15336,6092.0,1.15,1.11,Kepler-1103 b,0,0.24997136,0,0,1012.3348,Superterran
LHS 475 b,0.991,0.941,586.0,0.02037,3300.0,0.2789,0.262,LHS 475 b,0,0.35345302,0,0,625.52049,Terran
TOI-2095 c,1.33,7.4,297.0,0.137,3759.0,0.44,0.44,TOI-2095 c,0,0.76627784,0,0,335.59481,Terran
Kepler-184 b,2.36,6.17,780.0,0.092,5788.0,0.873,0.872,Kepler-184 b,0,0.25549478,0,0,833.26206,Superterran
Kepler-345 c,1.2,2.2,575.0,0.077,4504.0,0.623,0.61,Kepler-345 c,0,0.31560245,0,0,779.70471,Terran
Kepler-261 c,2.0,4.66,505.0,0.156,5098.0,0.794,0.834,Kepler-261 c,0,0.34405028,0,0,555.4094,Superterran
Kepler-1560 b,0.89,0.64,1269.0,0.04175,5815.0,1.02,1.02,Kepler-1560 b,0,0.29409889,0,0,1415.8925,Terran
Kepler-270 b,2.01,4.7,984.0,0.107,6067.0,1.461,1.17,Kepler-270 b,0,0.26158519,0,0,1052.5279,Superterran
Kepler-215 d,2.39,23.6,527.0,0.185,5739.0,1.027,0.788,Kepler-215 d,0,0.29150162,0,0,625.30177,Superterran
Kepler-1867 b,1.15985997,1.65,768.0,0.0872,5693.0,0.816,0.911,Kepler-1867 b,0,0.29740297,0,0,1105.1399,Terran
Kepler-48 b,1.88,3.94,932.0,0.05394,5194.0,0.89,0.88,Kepler-48 b,0,0.26822269,0,0,1049.0801,Superterran
Kepler-1380 b,1.43,2.63,786.0,0.0917,5570.0,0.94,0.96,Kepler-1380 b,0,0.28583686,0,0,1247.3572,Terran
K2-54 b,2.6116925,7.33,560.0,0.0761,3990.0,0.643,0.615,K2-54 b,0,0.35343278,0,0,620.60356,Terran
Kepler-1416 b,0.88,0.615,1870.0,0.0257,6019.0,1.15,1.09,Kepler-1416 b,0,0.29193879,0,0,2113.2893,Terran
Kepler-653 b,1.95,4.46,819.0,0.11945,5665.0,1.19,1.02,Kepler-653 b,0,0.27162378,0,0,890.48877,Superterran
TOI-540 b,0.903,0.674,611.0,0.01223,3216.0,0.1895,0.159,TOI-540 b,0,0.35050419,0,0,630.90256,Terran
Kepler-1485 b,1.47,2.76,728.0,0.14732,6087.0,1.12,1.11,Kepler-1485 b,0,0.29571529,0,0,882.49136,Terran
Kepler-769 c,1.79,3.86,803.0,0.1297,6186.0,1.28,1.19,Kepler-769 c,0,0.28007181,0,0,885.5346,Superterran
Kepler-1900 b,1.62314676,3.27,1356.0,0.042,6173.0,1.041,1.104,Kepler-1900 b,0,0.2746827,0,0,1593.3122,Superterran
Kepler-1466 b,1.55,3.02,585.0,0.17981,5884.0,1.02,1.01,Kepler-1466 b,0,0.32940514,0,0,644.24478,Terran
Kepler-322 b,1.01,1.01,1373.0,0.027,5388.0,0.89,0.908,Kepler-322 b,0,0.29488261,0,0,1483.35,Terran
Kepler-1317 b,1.56,3.05,1796.0,0.0128,5144.0,0.79,0.83,Kepler-1317 b,0,0.27675977,0,0,2003.6439,Terran
Kepler-567 b,2.25,5.69,611.0,0.1229,5148.0,0.79,0.84,Kepler-567 b,0,0.29136433,0,0,648.48447,Superterran
Kepler-888 b,1.76,3.75,417.0,0.31481,5875.0,0.9,0.97,Kepler-888 b,0,0.40998639,0,0,490.04798,Superterran
Kepler-404 c,1.72,3.61,678.0,0.118,5654.0,0.884,0.86,Kepler-404 c,0,0.30860255,0,0,689.81799,Superterran
Kepler-1400 b,1.62,3.26,725.0,0.0771,5044.0,0.78,0.83,Kepler-1400 b,0,0.3036056,0,0,742.84522,Superterran
Kepler-326 d,1.21,6.9,781.0,0.066,5105.0,0.801,0.91,Kepler-326 d,0,0.29845628,0,0,1023.0658,Terran
TOI-712 b,2.049,4.85,650.0,0.07928,4622.0,0.674,0.732,TOI-712 b,0,0.28887835,0,0,658.74875,Superterran
TOI-712 d,2.474,6.68,313.6,0.3405,4622.0,0.674,0.732,TOI-712 d,0,0.65669073,0,0,324.13215,Superterran
Kepler-1795 b,1.66301611,3.4,520.0,0.1002,4500.0,0.688,0.768,Kepler-1795 b,0,0.34551175,0,0,587.81635,Superterran
Kepler-1459 b,1.36,2.42,349.0,0.2829,4828.0,0.74,0.78,Kepler-1459 b,0,0.57680628,0,0,400.27554,Terran
Kepler-1615 b,2.06,4.9,658.0,0.2788,5865.0,1.05,1.04,Kepler-1615 b,0,0.29263397,0,0,681.5993,Superterran
GJ 251 b,1.79,3.85,336.0,0.0808,3342.0,0.36,0.35,GJ 251 b,0,0.62909696,0,0,362.47388,Superterran
Kepler-570 b,2.45,6.57,1009.0,0.0497,5496.0,0.9,0.93,Kepler-570 b,0,0.23930961,0,0,1088.2967,Superterran
Kepler-1396 b,2.07,4.94,786.0,0.1406,6195.0,1.27,1.18,Kepler-1396 b,0,0.26745611,0,0,862.84515,Superterran
K2-138 d,2.39,7.92,888.0,0.05893,5356.3,0.863,0.935,K2-138 d,0,0.24448437,0,0,1004.5165,Superterran
K2-138 f,2.904,1.63,653.0,0.10447,5356.3,0.863,0.935,K2-138 f,0,0.23943037,0,0,754.35414,Terran
Kepler-1542 e,0.76,0.363,1065.0,0.05649,5564.0,0.99,0.94,Kepler-1542 e,0,0.29017277,0,0,1257.8649,Subterran
Kepler-789 b,2.12,5.14,1419.0,0.0951,5870.0,1.02,1.01,Kepler-789 b,0,0.25254325,0,0,1241.1814,Superterran
Kepler-299 b,1.32,2.3,1258.0,0.04,5617.0,1.032,1.004,Kepler-299 b,0,0.28867463,0,0,1402.4763,Terran
K2-154 c,2.07,4.94,552.0,0.0677,4097.0,0.63,0.65,K2-154 c,0,0.31173614,0,0,615.36273,Superterran
Kepler-55 f,1.59,3.15,559.0,0.081,4503.0,0.619,0.631,Kepler-55 f,0,0.32518088,0,0,651.52789,Terran
Kepler-1073 d,1.48770949,2.82,1369.0,0.0352,5509.0,1.116,0.924,Kepler-1073 d,0,0.28117712,0,0,1524.5939,Terran
Kepler-804 c,1.14,1.55,890.0,0.08654,5817.0,1.05,1.01,Kepler-804 c,0,0.30088062,0,0,1002.6914,Terran
GJ 15 A b,1.55,3.03,550.0,0.072,3607.0,0.38,0.38,GJ 15 A b,0,0.53462708,0,0,413.3033,Terran
Kepler-135 c,1.16,1.65,975.0,0.103,6090.0,1.275,1.047,Kepler-135 c,0,0.29626911,0,0,1160.1307,Terran
TOI-1062 b,2.265,10.15,1077.0,0.052,5328.0,0.84,0.94,TOI-1062 b,0,0.24823389,0,0,1075.3907,Superterran
Kepler-1304 b,2.29,5.86,715.0,0.1202,5259.0,0.81,0.85,Kepler-1304 b,0,0.24483184,0,0,1198.7353,Superterran
Kepler-168 b,1.46,2.73,1240.0,0.056,6282.0,1.107,1.113,Kepler-168 b,0,0.28253301,0,0,1496.5165,Terran
Kepler-1310 b,1.44,2.67,1883.0,0.01452,5549.0,0.88,0.91,Kepler-1310 b,0,0.28196248,0,0,2117.3598,Terran
TOI-1062 c,3.1,9.78,859.0,0.08,5328.0,0.84,0.94,TOI-1062 c,0,0.22031359,0,0,867.6523,Superterran
Kepler-1404 b,2.01,4.7,596.0,0.1143,5261.0,0.8,0.84,Kepler-1404 b,0,0.29386246,0,0,687.70535,Superterran
Kepler-213 c,2.34,6.08,1060.0,0.057,5696.0,1.195,1.07,Kepler-213 c,0,0.24162766,0,0,1263.2465,Superterran
Kepler-1561 b,1.09,1.32,1682.0,0.0194,5957.0,1.11,1.07,Kepler-1561 b,0,0.29279452,0,0,2041.8539,Terran
Kepler-1338 b,0.92,0.721,2124.0,0.01937,5909.0,1.05,1.04,Kepler-1338 b,0,0.29257765,0,0,2387.2443,Terran
Kepler-53 d,2.12,37.1907,870.0,0.091,6085.0,0.958,0.966,Kepler-53 d,0,0.25877361,0,0,973.65439,Superterran
Kepler-542 b,1.57,3.09,698.0,0.10703,5526.0,0.9,0.93,Kepler-542 b,0,0.29512086,0,0,832.38998,Terran
Kepler-394 c,1.66,3.39,901.0,0.11,6402.0,1.132,0.87,Kepler-394 c,0,0.2859877,0,0,894.29166,Superterran
Kepler-1423 b,1.06,1.2,741.0,0.1586,4939.0,0.75,0.79,Kepler-1423 b,0,0.40127546,0,0,535.51782,Terran
HD 110067 c,2.388,6.3,699.0,0.1039,5266.0,0.788,0.798,HD 110067 c,0,0.26746318,0,0,724.6324,Superterran
Kepler-1512 b,1.18,1.76,322.0,0.13693,4372.0,0.67,0.73,Kepler-1512 b,0,0.81184745,0,0,327.39512,Terran
Kepler-825 b,1.53,2.96,1270.0,0.0453,5976.0,1.08,1.03,Kepler-825 b,0,0.27969552,0,0,1448.3597,Terran
Kepler-245 c,2.18,26.7,568.0,0.124,5100.0,0.795,0.856,Kepler-245 c,0,0.29441734,0,0,650.45114,Superterran
Kepler-1398 b,0.9,0.666,1510.0,0.03909,6126.0,1.18,1.13,Kepler-1398 b,0,0.29297174,0,0,1738.9316,Terran
Kepler-607 b,0.87,0.59,1874.0,0.0137,5196.0,0.8,0.84,Kepler-607 b,0,0.29180598,0,0,1987.2781,Terran
HD 110067 b,2.2,5.69,800.0,0.0793,5266.0,0.788,0.798,HD 110067 b,0,0.26366633,0,0,829.44755,Superterran
GJ 3988 b,1.74,3.69,348.0,0.0405,3273.0,0.19734,0.1842,GJ 3988 b,0,0.64622072,0,0,360.12064,Superterran
Kepler-1019 b,1.46,2.73,1164.0,0.0221,4433.0,0.67,0.7,Kepler-1019 b,0,0.28496659,0,0,1216.8285,Terran
TOI-2257 b,2.194,5.45,256.0,0.145,3430.0,0.313,0.328,TOI-2257 b,2,0.71601979,1,1,253.70072,Superterran
Kepler-97 b,1.48,3.51,1328.0,0.03563,5779.0,0.98,0.94,Kepler-97 b,0,0.28163376,0,0,1502.5909,Terran
Kepler-300 b,1.67,3.43,812.0,0.094,5986.0,0.9,1.07,Kepler-300 b,0,0.27648656,0,0,1141.1996,Superterran
K2-275 b,2.34,6.08,1166.0,0.0277,4841.0,0.69,0.77,K2-275 b,0,0.2420395,0,0,1228.6711,Superterran
Kepler-1559 b,0.72,0.299,1609.0,0.01835,5316.0,0.82,0.86,Kepler-1559 b,0,0.28443836,0,0,1829.3183,Subterran
Kepler-155 c,2.24,5.65,286.0,0.242,4508.0,0.62,0.635,Kepler-155 c,2,0.72876715,0,1,291.41898,Superterran
Kepler-307 b,2.43,7.44,797.0,0.09359,5367.0,0.814,0.907,Kepler-307 b,0,0.24825389,0,0,885.60662,Superterran
Kepler-755 c,1.26,2.13,1016.0,0.037,5043.0,0.77,0.82,Kepler-755 c,0,0.29362808,0,0,1154.3632,Terran
Kepler-1637 b,0.89,0.64,1093.0,0.0596,5789.0,1.02,1.02,Kepler-1637 b,0,0.29643695,0,0,1194.1322,Terran
Kepler-1348 b,1.94,4.42,636.0,0.1834,5911.0,1.04,1.04,Kepler-1348 b,0,0.28531733,0,0,755.48502,Superterran
Kepler-984 b,2.12,5.14,484.0,0.23688,5610.0,0.93,0.96,Kepler-984 b,0,0.33441367,0,0,560.43768,Superterran
Kepler-907 b,1.2,1.87,879.0,0.1225,6106.0,1.38,1.08,Kepler-907 b,0,0.29877274,0,0,1021.7802,Terran
Kepler-823 b,1.57,3.09,1277.0,0.0507,5643.0,0.96,0.98,Kepler-823 b,0,0.27734939,0,0,1549.4285,Terran
HD 63433 d,1.073,1.25,1040.0,0.0503,5688.0,0.912,0.99,HD 63433 d,0,0.29714636,0,0,1191.7684,Terran
K2-153 b,2.0,4.66,497.0,0.0614,3845.0,0.53,0.55,K2-153 b,0,0.36187516,0,0,528.5564,Superterran
Kepler-1082 b,1.12,1.46,1827.0,0.02571,5923.0,1.14,1.03,Kepler-1082 b,0,0.29221378,0,0,2150.1015,Terran
Kepler-334 b,1.12,1.46,1090.0,0.061,5828.0,1.068,1.022,Kepler-334 b,0,0.29636453,0,0,1202.9861,Terran
Kepler-1196 b,2.23,5.6,436.0,0.3179,5756.0,0.97,0.98,Kepler-1196 b,0,0.37504574,0,0,496.62692,Superterran
Kepler-333 b,1.32,28.2,480.0,0.087,4259.0,0.534,0.601,Kepler-333 b,0,0.37051522,0,0,571.69698,Terran
Kepler-1671 b,1.32557381,2.32,962.0,0.04946,5135.55,0.929771,0.866,Kepler-1671 b,0,0.29218342,0,0,1113.9989,Terran
Kepler-1158 b,2.34,6.08,1079.0,0.12643,6203.0,1.95,1.41,Kepler-1158 b,0,0.24104567,0,0,1321.8023,Superterran
Kepler-57 b,3.135,25.06,850.0,0.05988,5187.9,0.826,0.859,Kepler-57 b,0,0.25568651,0,0,964.60586,Superterran
TOI-1860 b,1.31,2.27,1885.0,0.0204,5752.0,0.94,0.99,TOI-1860 b,0,0.28727991,0,0,1907.0428,Terran
TOI-2260 b,1.62,3.26,2609.0,0.0097,5534.0,0.94,0.99,TOI-2260 b,0,0.27356897,0,0,2604.8916,Superterran
HD 219134 b,1.602,4.74,1015.0,0.03876,4699.0,0.778,0.81,HD 219134 b,0,0.28198425,0,0,1048.2953,Superterran
Proxima Cen b,1.02,1.055,218.0,0.04848,2900.0,0.141,0.1221,Proxima Cen b,1,0.86414229,1,1,261.08103,Terran
K2-250 b,2.71257333,7.81,1003.0,0.04606,5003.0,0.797,0.809,K2-250 b,0,0.24072206,0,0,1050.7979,Superterran
Kepler-1852 b,1.88610592,4.22,760.0,0.0762,5237.0,0.826,0.927,Kepler-1852 b,0,0.28119072,0,0,812.73326,Superterran
Kepler-881 b,1.78,3.82,1217.0,0.0552,5961.0,1.09,1.06,Kepler-881 b,0,0.2687273,0,0,1312.0669,Superterran
Kepler-1255 b,2.32,5.99,694.0,0.2226,6018.0,1.12,1.08,Kepler-1255 b,0,0.2702955,0,0,727.63393,Superterran
Kepler-127 b,1.4,2.54,884.0,0.125,6106.0,1.359,1.248,Kepler-127 b,0,0.29063469,0,0,1013.5217,Terran
GJ 9827 b,1.44,4.28,1035.01,0.0189,4236.0,0.58,0.62,GJ 9827 b,0,0.28581574,0,0,1216.429,Terran
Kepler-1871 b,2.42172881,6.44,1403.0,0.0308,5741.0,0.946,1.02,Kepler-1871 b,0,0.23550099,0,0,1642.1021,Superterran
Kepler-1457 b,1.99,4.62,478.0,0.26391,5866.0,1.01,1.01,Kepler-1457 b,0,0.31072113,0,0,630.35124,Superterran
Teegarden's Star b,1.05,1.16,277.0,0.0259,3034.0,0.12,0.097,Teegarden's Star b,1,0.96836238,0,1,293.09014,Terran
Teegarden's Star c,1.02,1.05,209.0,0.0455,3034.0,0.12,0.097,Teegarden's Star c,1,0.65900478,1,1,221.11916,Terran
TOI-2445 b,1.25,2.1,1060.0,0.0064,3333.0,0.27,0.25,TOI-2445 b,0,0.2954925,0,0,1083.5165,Terran
Kepler-1923 b,1.95958179,4.5,553.0,0.2846,5881.0,1.294,1.109,Kepler-1923 b,0,0.31408517,0,0,625.2563,Superterran
Kepler-467 b,2.25,5.69,712.0,0.16848,5809.0,1.37,1.05,Kepler-467 b,0,0.25925054,0,0,852.71123,Superterran
LTT 1445 A c,1.147,1.54,508.0,0.02661,3340.0,0.265,0.257,LTT 1445 A c,0,0.39175357,0,0,541.42092,Terran
Kepler-683 b,1.97,4.54,1332.0,0.0355,5703.0,0.95,0.96,Kepler-683 b,0,0.25799518,0,0,1491.2874,Superterran
Kepler-120 b,2.15,8.5,575.0,0.055,4096.0,0.534,0.654,Kepler-120 b,0,0.26604279,0,0,830.79558,Superterran
Kepler-406 c,0.85,2.71,1050.0,0.05531,5538.0,1.07,1.07,Kepler-406 c,0,0.29442061,0,0,1257.7501,Terran
Kepler-1078 b,1.9,4.27,1122.0,0.0388,5612.0,0.92,0.94,Kepler-1078 b,0,0.26026645,0,0,1947.6444,Superterran
TOI-206 b,1.3,2.24,910.0,0.0112,3383.0,0.35,0.35,TOI-206 b,0,0.29885732,0,0,944.74915,Terran
Kepler-1802 c,2.322,6.0,357.0,0.1748,4245.0,0.637,0.649,Kepler-1802 c,0,0.49620377,0,0,404.02181,Superterran
TOI-1136 b,1.9,3.5,1216.0,0.05106,5770.0,0.968,1.022,TOI-1136 b,0,0.26330537,0,0,1257.9193,Superterran
Kepler-1632 b,2.47,6.66,369.0,0.6762,6137.0,1.19,1.12,Kepler-1632 b,0,0.42410999,0,0,441.96506,Superterran
Kepler-1306 b,1.91,4.31,678.0,0.123,5727.0,0.97,0.98,Kepler-1306 b,0,0.28229118,0,0,791.08466,Superterran
LHS 1678 b,0.685,0.35,830.44,0.01239,3490.0,0.329,0.345,LHS 1678 b,0,0.29520568,0,0,896.62388,Subterran
Kepler-60 d,1.99,4.16,929.0,0.10203,5905.0,1.257,1.041,Kepler-60 d,0,0.26099169,0,0,1118.3694,Superterran
Kepler-1686 b,1.42553017,2.62,913.0,0.08827,5714.96,1.19951,1.02,Kepler-1686 b,0,0.28958257,0,0,1060.2702,Terran
Kepler-1138 b,1.7,3.53,1080.0,0.0415,5582.0,0.92,0.95,Kepler-1138 b,0,0.2745711,0,0,1165.8736,Superterran
Kepler-1961 b,1.6187808,3.25,866.0,0.0588,5401.0,0.777,0.871,Kepler-1961 b,0,0.28233424,0,0,1012.1313,Superterran
Kepler-270 c,1.77,3.78,756.0,0.18,6067.0,1.461,1.17,Kepler-270 c,0,0.28724548,0,0,811.50139,Superterran
Kepler-1157 b,1.09,1.32,732.0,0.0448,4679.0,0.71,0.76,Kepler-1157 b,0,0.30552888,0,0,921.58737,Terran
K2-243 c,2.01,4.7,801.0,0.1817,6570.0,1.39,1.29,K2-243 c,0,0.27048446,0,0,862.97469,Superterran
Kepler-403 d,1.42,2.6,958.0,0.12178,6209.0,1.45,1.25,Kepler-403 d,0,0.28699379,0,0,1194.587,Terran
Kepler-378 b,0.75,0.347,503.0,0.112,4661.0,0.671,0.78,Kepler-378 b,0,0.36072087,0,0,589.61227,Subterran
Kepler-256 e,2.35,6.12,897.0,0.096,5551.0,1.301,1.037,Kepler-256 e,0,0.25131902,0,0,897.51126,Superterran
Kepler-1408 b,0.89,0.64,1616.0,0.04218,6170.0,1.35,1.21,Kepler-1408 b,0,0.2923686,0,0,1947.5161,Terran
Kepler-826 b,1.25,2.1,1305.0,0.05202,6079.0,1.15,1.05,Kepler-826 b,0,0.29029391,0,0,1530.5889,Terran
Kepler-1284 b,1.21,1.92,1703.0,0.0143,5123.0,0.79,0.84,Kepler-1284 b,0,0.29042258,0,0,1916.4942,Terran
TOI-1807 b,1.49681583,2.44,1694.1,0.0122,4914.0,0.746,0.8048,TOI-1807 b,0,0.28872659,0,0,2169.6891,Terran
Kepler-1587 b,1.33,2.33,981.0,0.08747,5933.0,1.22,1.08,Kepler-1587 b,0,0.29091312,0,0,1171.3273,Terran
Kepler-482 b,2.36,6.17,352.0,0.25787,4871.0,0.72,0.75,Kepler-482 b,0,0.46706163,0,0,418.80831,Superterran
Kepler-1070 b,1.73,3.64,1101.0,0.06753,6261.0,1.32,1.21,Kepler-1070 b,0,0.27144469,0,0,1287.6828,Superterran
Kepler-649 b,2.26,5.73,564.0,0.17522,5871.0,0.94,0.97,Kepler-649 b,0,0.28759881,0,0,660.21733,Superterran
HD 93963 A b,1.46954368,2.8,1842.23,0.02061,5908.0,1.0311,1.0844,HD 93963 A b,0,0.28557881,0,0,2108.0091,Terran
Kepler-111 b,1.58,3.12,1356.0,0.046,5952.0,1.157,1.171,Kepler-111 b,0,0.27710648,0,0,1500.7094,Terran
Kepler-1401 b,1.68,3.46,808.0,0.0975,5964.0,1.1,1.07,Kepler-1401 b,0,0.27985821,0,0,998.67278,Superterran
Kepler-928 b,1.59,3.15,894.0,0.0444,4700.0,0.7,0.73,Kepler-928 b,0,0.28885881,0,0,902.57653,Terran
Kepler-1361 b,0.86,0.566,1061.0,0.04304,5131.0,0.79,0.83,Kepler-1361 b,0,0.29802205,0,0,1077.5486,Terran
Kepler-192 d,1.02,1.04,926.0,0.0686,5487.0,0.94,0.94,Kepler-192 d,0,0.30065053,0,0,1054.4774,Terran
Kepler-939 b,1.75,3.71,692.0,0.1153,5471.0,0.85,0.88,Kepler-939 b,0,0.27439727,0,0,1061.1111,Superterran
Kepler-1873 b,1.62573811,3.28,1787.0,0.0128,5151.0,0.792,0.903,Kepler-1873 b,0,0.27365833,0,0,2008.2628,Superterran
Kepler-1357 b,1.28,2.18,1177.0,0.041,5597.0,0.9,0.93,Kepler-1357 b,0,0.2908756,0,0,1306.2719,Terran
Kepler-1320 b,1.7,3.53,1389.0,0.0163,4817.0,0.74,0.8,Kepler-1320 b,0,0.2714613,0,0,1481.0909,Superterran
Kepler-1845 b,2.43836702,6.52,584.0,0.0885,4703.0,0.701,0.686,Kepler-1845 b,0,0.27092099,0,0,693.35218,Superterran
Kepler-90 i,1.32,2.3,709.0,0.1201380843,6015.0,1.29,1.12,Kepler-90 i,0,0.29747591,0,0,958.485,Terran
Kepler-992 b,1.62,3.26,510.0,0.13372,4944.0,0.74,0.8,Kepler-992 b,0,0.35898981,0,0,566.28523,Superterran
Kepler-1273 b,2.49,6.76,573.0,0.1857,5566.0,0.91,0.94,Kepler-1273 b,0,0.31482909,0,0,560.10515,Superterran
Kepler-1899 b,1.55098292,3.02,851.0,0.0457,4791.0,0.742,0.759,Kepler-1899 b,0,0.29001487,0,0,914.04467,Terran
Kepler-613 b,2.29,5.86,713.0,0.1232,5723.0,0.96,0.98,Kepler-613 b,0,0.26282711,0,0,793.1771,Superterran
Kepler-393 b,1.29,2.21,1052.0,0.091,6189.0,1.382,1.256,Kepler-393 b,0,0.2907136,0,0,1289.4509,Terran
Kepler-713 b,2.48,6.71,905.0,0.0748,5785.0,0.99,0.98,Kepler-713 b,0,0.23755803,0,0,1104.6501,Superterran
TOI-1452 b,1.672,4.82,326.0,0.061,3185.0,0.275,0.249,TOI-1452 b,0,0.72006129,0,0,336.90744,Superterran
Kepler-183 c,2.27,35.7,857.0,0.103,5888.0,0.958,0.99,Kepler-183 c,0,0.25446149,0,0,909.92775,Superterran
Kepler-131 b,2.41,16.13,718.0,0.12789,5685.0,1.03,1.02,Kepler-131 b,0,0.25477149,0,0,814.92496,Superterran
Kepler-62 d,1.95,14.0,510.0,0.12,4925.0,0.64,0.69,Kepler-62 d,0,0.34296602,0,0,562.12759,Superterran
Kepler-1860 b,1.13863767,1.55,697.0,0.10625,5420.0,0.868,0.874,Kepler-1860 b,0,0.31337066,0,0,811.26483,Terran
Kepler-732 b,2.18,5.39,407.0,0.0691,3631.0,0.46,0.49,Kepler-732 b,0,0.3786201,0,0,495.9484,Superterran
Kepler-1040 b,2.08,4.98,300.0,0.67249,5694.0,0.96,0.98,Kepler-1040 b,0,0.64719639,0,0,346.34323,Superterran
Kepler-901 b,1.37,2.45,704.0,0.0378,4184.0,0.57,0.59,Kepler-901 b,0,0.30330314,0,0,839.80725,Terran
L 168-9 b,1.63,4.07,998.0,0.0208,3842.0,0.604,0.614,L 168-9 b,0,0.29234925,0,0,1010.502,Terran
K2-167 b,2.36509493,6.5,1220.0,0.0932,6310.0,1.499,1.084,K2-167 b,0,0.24351746,0,0,1207.8621,Superterran
Kepler-597 b,2.37,6.21,743.0,0.10916,5683.0,0.95,0.97,Kepler-597 b,0,0.25224477,0,0,868.64748,Superterran
Kepler-520 c,1.07,1.24,1107.0,0.06035,6112.0,1.09,1.1,Kepler-520 c,0,0.29402849,0,0,1583.1873,Terran
Kepler-330 b,1.35,2.39,714.0,0.075,5117.0,0.722,0.848,Kepler-330 b,0,0.30652348,0,0,814.50713,Terran
Kepler-167 c,1.674,3.44,771.0,0.0684,4884.0,0.749,0.777,Kepler-167 c,0,0.29259682,0,0,806.58004,Superterran
Kepler-1137 b,2.2,5.48,1020.0,0.1871,6807.0,1.84,1.5,Kepler-1137 b,0,0.25292091,0,0,1026.5701,Superterran
Kepler-267 c,2.13,5.18,484.0,0.06,4258.0,0.555,0.541571,Kepler-267 c,0,0.32413048,0,0,578.89513,Superterran
DMPP-1 c,3.31,10.94,1239.0,0.0973,6196.0,1.26,1.21,DMPP-1 c,0,0.21030814,0,0,1277.2775,Superterran
Kepler-1577 b,1.13,1.51,1125.0,0.0657,4862.0,0.74,0.78,Kepler-1577 b,0,0.31580398,0,0,791.39415,Terran
Kepler-751 b,2.46,6.62,679.0,0.1263,5387.0,0.84,0.87,Kepler-751 b,0,0.26943625,0,0,695.38264,Superterran
Kepler-1575 b,1.31,2.27,1312.0,0.0366,5667.0,0.92,0.95,Kepler-1575 b,0,0.28859589,0,0,1472.0921,Terran
WASP-132 c,1.841,6.26,1329.0,0.01833,4686.0,0.758,0.789,WASP-132 c,0,0.26387166,0,0,1510.7028,Superterran
HD 20794 d,2.04,4.8,388.0,0.3625,5368.0,0.93,0.79,HD 20794 d,0,0.45065262,0,0,442.79586,Superterran
Kepler-377 b,1.39,2.51,875.0,0.109,5949.0,1.224,1.043,Kepler-377 b,0,0.29350555,0,0,987.89838,Terran
Kepler-887 b,1.84,4.04,785.0,0.15431,6194.0,1.29,1.19,Kepler-887 b,0,0.27396548,0,0,948.92068,Superterran
Kepler-1503 b,2.27,5.77,321.0,0.3771,5069.0,0.74,0.77,Kepler-1503 b,0,0.45283019,0,0,431.21837,Superterran
Kepler-1781 b,2.38091029,6.26,1003.0,0.0574,5568.0,0.957,1.053,Kepler-1781 b,0,0.24600052,0,0,975.48271,Superterran
Kepler-198 d,1.53,2.96,1562.0,0.02342,5636.0,0.93,0.97,Kepler-198 d,0,0.27847662,0,0,1785.4915,Terran
Kepler-1828 b,2.11598626,5.13,799.0,0.0924,5806.0,0.899,0.996,Kepler-1828 b,0,0.26340908,0,0,887.84987,Superterran
Kepler-1328 b,0.98,0.904,1214.0,0.052,5780.0,0.99,1.0,Kepler-1328 b,0,0.2951943,0,0,1426.2567,Terran
Kepler-32 b,2.2,1303.0,514.0,0.05,3900.0,0.53,0.58,Kepler-32 b,0,0.30624094,0,0,611.56204,Superterran
Kepler-1150 b,1.02,1.04,1432.0,0.0382,4754.0,0.72,0.76,Kepler-1150 b,0,0.3023579,0,0,1003.2146,Terran
K2-104 b,1.79,3.86,798.0,0.0242,3712.0,0.48,0.51,K2-104 b,0,0.28629076,0,0,809.65034,Superterran
Kepler-1151 b,2.22,5.56,485.0,0.3197,5470.0,0.85,0.88,Kepler-1151 b,0,0.47826706,0,0,417.88252,Superterran
Kepler-124 c,1.75,3.71,560.0,0.1,4984.0,0.636,0.706,Kepler-124 c,0,0.30583655,0,0,695.30527,Superterran
Kepler-999 b,2.34,6.08,1355.0,0.06918,6237.0,1.65,1.29,Kepler-999 b,0,0.2398687,0,0,1502.6297,Superterran
Kepler-518 b,2.11,5.1,839.0,0.07996,5842.0,0.88,0.96,Kepler-518 b,0,0.25871038,0,0,987.83182,Superterran
Kepler-265 d,2.49,6.76,554.0,0.236,5835.0,1.103,0.97,Kepler-265 d,0,0.29842142,0,0,593.90847,Superterran
DMPP-1 d,2.02,4.72,1632.0,0.04467,6196.0,1.26,1.21,DMPP-1 d,0,0.27309959,0,0,1683.2015,Superterran
Kepler-797 b,2.17,5.35,605.0,0.181,5680.0,0.95,0.96,Kepler-797 b,0,0.26081464,0,0,886.31119,Superterran
KOI-351 b,1.31,2.27,1062.0,0.074,6080.0,1.2,1.2,KOI-351 b,0,0.29067345,0,0,1234.6949,Terran
Kepler-922 b,1.42,2.6,1876.0,0.01795,5671.0,0.93,0.95,Kepler-922 b,0,0.28294953,0,0,1975.3308,Terran
Kepler-509 b,2.49,6.76,584.0,0.23702,6060.0,1.2,1.1,Kepler-509 b,0,0.27276451,0,0,673.78664,Superterran
Kepler-813 b,2.14,5.22,817.0,0.1439,5743.0,0.93,0.95,Kepler-813 b,0,0.27928531,0,0,728.02304,Superterran
Kepler-1352 b,0.89,0.64,1701.0,0.02883,6118.0,1.16,1.11,Kepler-1352 b,0,0.29238975,0,0,1932.4795,Terran
Kepler-1422 b,2.02,4.74,833.0,0.1499,6194.0,1.23,1.15,Kepler-1422 b,0,0.26431269,0,0,961.11356,Superterran
Kepler-26 d,1.07,1.24,652.0,0.039,4486.0,0.571,0.593,Kepler-26 d,0,0.31674779,0,0,791.39485,Terran
Kepler-320 c,1.37,2.45,1002.0,0.142,6435.0,1.108,1.072,Kepler-320 c,0,0.2961336,0,0,946.85036,Terran
Kepler-926 b,2.31,5.95,524.0,0.2739,5806.0,1.01,1.01,Kepler-926 b,0,0.30214257,0,0,607.26675,Superterran
Kepler-402 b,1.22,1.98,1311.0,0.051,6090.0,1.264,1.072,Kepler-402 b,0,0.29171951,0,0,1431.8266,Terran
TOI-1266 c,1.98,3.17,346.0,0.105,3563.0,0.4232,0.437,TOI-1266 c,0,0.6755864,0,0,356.15516,Terran
Kepler-1474 b,2.16,5.31,561.0,0.2108,5870.0,1.04,1.04,Kepler-1474 b,0,0.29946645,0,0,637.14784,Superterran
Kepler-128 c,1.521,3.38,843.0,0.16517,6072.0,1.659,1.184,Kepler-128 c,0,0.29554578,0,0,985.77616,Terran
Kepler-186 c,1.25,2.1,464.0,0.0451,3788.0,0.472,0.478,Kepler-186 c,0,0.35461194,0,0,610.36167,Terran
Kepler-339 b,1.42,2.6,1023.0,0.055,5631.0,0.802,0.87,Kepler-339 b,0,0.29093331,0,0,1024.458,Terran
Kepler-777 b,1.47,2.76,569.0,0.0519,4043.0,0.56,0.58,Kepler-777 b,0,0.31409039,0,0,723.33893,Terran
Kepler-83 c,2.36,2.03,362.0,0.11796,4082.0,0.61,0.66,Kepler-83 c,0,0.42780228,0,0,444.17912,Superterran
Kepler-1206 b,1.64,3.33,1314.0,0.0201,4877.0,0.75,0.8,Kepler-1206 b,0,0.27472235,0,0,1420.128,Superterran
Kepler-1602 b,1.34,2.36,1159.0,0.09744,6296.0,1.36,1.22,Kepler-1602 b,0,0.29555545,0,0,985.53801,Terran
Kepler-370 b,1.59,3.15,1040.0,0.054,5852.0,0.9,0.982,Kepler-370 b,0,0.27873224,0,0,1242.3062,Terran
Kepler-369 b,1.13,1.51,687.0,0.03,3591.0,0.471,0.5,Kepler-369 b,0,0.32421746,0,0,733.44051,Terran
Kepler-778 b,1.68,3.46,977.0,0.0453,5102.0,0.77,0.81,Kepler-778 b,0,0.27772635,0,0,1065.679,Superterran
Kepler-878 b,1.93,4.38,501.0,0.165,5044.0,0.77,0.81,Kepler-878 b,0,0.31056869,0,0,640.74253,Superterran
Kepler-1508 b,1.33,2.33,967.0,0.1629,6158.0,1.22,1.14,Kepler-1508 b,0,0.29654282,0,0,970.9905,Terran
Kepler-156 b,2.3,5.9,867.0,0.054,5094.0,0.807,0.864,Kepler-156 b,0,0.2504759,0,0,961.01162,Superterran
HD 15906 b,2.24,5.65,668.0,0.09,4757.0,0.762,0.79,HD 15906 b,0,0.28100142,0,0,690.59713,Superterran
Kepler-1356 b,1.53,2.96,1714.0,0.0136,5106.0,0.78,0.82,Kepler-1356 b,0,0.27832777,0,0,1864.9022,Terran
Kepler-1012 b,1.29,2.21,934.0,0.06066,5556.0,0.91,0.95,Kepler-1012 b,0,0.29471062,0,0,1063.7696,Terran
Kepler-154 f,1.5,2.86,838.0,0.08832,5769.0,0.98,0.98,Kepler-154 f,0,0.28856971,0,0,993.49673,Terran
Kepler-10 b,1.47,3.24,2188.0,0.01685,5708.0,1.065,0.91,Kepler-10 b,0,0.28055312,0,0,2287.5762,Terran
Kepler-384 c,1.13,1.51,531.0,0.236,5577.0,0.882,0.882,Kepler-384 c,0,0.32247211,0,0,743.82286,Terran
Kepler-1153 b,1.73,3.64,1343.0,0.0277,5470.0,0.88,0.91,Kepler-1153 b,0,0.27006252,0,0,1467.8634,Superterran
Kepler-1271 b,1.48,2.79,1484.0,0.04233,6143.0,1.23,1.13,Kepler-1271 b,0,0.28123409,0,0,1596.2003,Terran
TOI-1468 b,1.401,3.04,683.5,0.02107,3376.0,0.3714,0.3527,TOI-1468 b,0,0.32463505,0,0,708.89527,Terran
TOI-1468 c,2.126,4.1,338.1,0.08608,3376.0,0.3714,0.3527,TOI-1468 c,0,0.63779096,0,0,350.69315,Superterran
K2-152 b,2.29,5.86,337.0,0.1716,4044.0,0.61,0.63,K2-152 b,0,0.55366239,0,0,377.28269,Superterran
Kepler-1626 b,2.02,4.74,1352.0,0.0537,6826.0,1.85,1.51,Kepler-1626 b,0,0.25459643,0,0,1764.7711,Superterran
K2-254 b,1.63,3.29,791.0,0.0448,4629.0,0.67,0.71,K2-254 b,0,0.29095605,0,0,846.81105,Superterran
Kepler-294 b,1.77,3.78,1087.0,0.048,5913.0,0.976,0.947,Kepler-294 b,0,0.27048052,0,0,1205.8822,Superterran
Kepler-296 b,1.61,3.22,495.0,0.079,3740.0,0.48,0.498,Kepler-296 b,0,0.4913017,0,0,426.39895,Superterran
Kepler-1947 b,1.0101666,1.01,1298.0,0.07375,6040.0,1.686,0.984,Kepler-1947 b,0,0.29839956,0,0,1150.1136,Terran
HD 97658 b,2.12,8.3,751.0,0.0805,5212.0,0.728,0.85,HD 97658 b,0,0.27277788,0,0,780.2067,Superterran
GJ 1252 b,1.193,1.32,1090.0,0.00915,3458.0,0.391,0.381,GJ 1252 b,0,0.2961555,0,0,1125.1618,Terran
HD 108236 c,2.071,4.94,932.0,0.062,5660.0,0.877,0.869,HD 108236 c,0,0.25832924,0,0,1059.7375,Superterran
Kepler-324 b,1.14,2414.4,935.0,0.05,5194.0,0.84,0.901,Kepler-324 b,0,0.29851543,0,0,1077.5577,Terran
Kepler-324 e,2.03862444,235.014,635.0,0.10972,5191.0,0.826,0.844,Kepler-324 e,0,0.28328405,0,0,735.23027,Superterran
K2-6 b,2.5,6.8,615.0,0.1898,5850.0,0.96,0.97,K2-6 b,0,0.28917269,0,0,616.27907,Superterran
Kepler-971 b,2.13,5.18,1087.0,0.08679,5431.0,0.85,0.88,Kepler-971 b,0,0.26606162,0,0,842.2146,Superterran
Kepler-452 b,1.63,3.29,265.0,1.046,5757.0,1.11,1.037,Kepler-452 b,2,0.8267185,1,1,295.22945,Superterran
Kepler-399 d,1.89,4.23,486.0,0.261,5502.0,0.68,0.902,Kepler-399 d,0,0.46099942,0,0,442.69566,Superterran
Kepler-1355 b,1.46,2.73,1448.0,0.0224,5352.0,0.83,0.88,Kepler-1355 b,0,0.28212328,0,0,1590.5653,Terran
Kepler-1827 b,1.85644292,4.1,1329.0,0.04647,5423.0,1.404,0.915,Kepler-1827 b,0,0.2636364,0,0,1501.9996,Superterran
TOI-270 d,2.0,4.2,383.0,0.0721,3506.0,0.38,0.386,TOI-270 d,0,0.5180918,0,0,399.88037,Superterran
Kepler-1311 c,1.22,1.98,1671.0,0.03753,5748.0,1.4,1.05,Kepler-1311 c,0,0.29007212,0,0,1967.8936,Terran
HD 235088 b,1.982,4.15,805.0,0.0706,5075.0,0.772,0.849,HD 235088 b,0,0.2713412,0,0,830.82446,Superterran
Kepler-366 c,1.79,3.86,848.0,0.11,6209.0,1.048,1.088,Kepler-366 c,0,0.2694789,0,0,1206.3662,Superterran
Kepler-283 b,2.13,5.18,488.0,0.082,4351.0,0.566,0.596,Kepler-283 b,0,0.32837407,0,0,570.51701,Superterran
Kepler-185 c,2.02,4.74,530.0,0.139,5208.0,0.806,0.763,Kepler-185 c,0,0.3309561,0,0,577.32202,Superterran
Kepler-1285 b,0.97,0.871,874.0,0.12758,6170.0,1.28,1.2,Kepler-1285 b,0,0.30028264,0,0,1065.6532,Terran
Kepler-1003 b,1.78,3.82,1157.0,0.04333,6109.0,1.17,1.11,Kepler-1003 b,0,0.26698849,0,0,1605.9575,Superterran
Kepler-213 b,1.62,3.26,1326.0,0.036,5696.0,1.195,1.07,Kepler-213 b,0,0.27483927,0,0,1589.5503,Superterran
Kepler-112 b,2.36,6.17,809.0,0.076,5544.0,0.841,0.782,Kepler-112 b,0,0.246322,0,0,993.15887,Superterran
Kepler-1038 c,1.4162338,2.59,784.0,0.0692,5159.0,0.821,0.868,Kepler-1038 c,0,0.29767511,0,0,887.91721,Terran
Kepler-26 e,2.41,6.39,276.0,0.22,4486.0,0.571,0.593,Kepler-26 e,0,0.64465847,0,0,333.20705,Superterran
Kepler-169 b,1.13,1.51,962.0,0.04,4997.0,0.763,0.825,Kepler-169 b,0,0.29861868,0,0,1081.1738,Terran
Kepler-239 b,2.33,6.04,616.0,0.095,4914.0,0.763,0.757,Kepler-239 b,0,0.27290701,0,0,710.09053,Superterran
Kepler-1812 b,2.3249424,6.01,1034.0,0.0765,6174.0,1.103,1.162,Kepler-1812 b,0,0.24283783,0,0,1222.0664,Superterran
Kepler-738 b,2.5,6.8,530.0,0.1552,5327.0,0.82,0.86,Kepler-738 b,0,0.27957782,0,0,645.99575,Superterran
Kepler-1005 b,1.5,2.86,1026.0,0.06717,5782.0,1.06,1.0,Kepler-1005 b,0,0.28341224,0,0,1202.8527,Terran
Kepler-617 b,1.32,2.3,750.0,0.0219,3712.0,0.48,0.51,Kepler-617 b,0,0.2996277,0,0,917.17765,Terran
Kepler-371 c,1.78,3.82,443.0,0.313,5666.0,0.992,0.876,Kepler-371 c,0,0.33731442,0,0,591.77056,Superterran
Kepler-211 b,1.26,2.13,954.0,0.048,5123.0,0.816,0.867,Kepler-211 b,0,0.29655699,0,0,1035.273,Terran
Kepler-925 b,2.34,6.08,394.0,0.1805,4673.0,0.72,0.77,Kepler-925 b,0,0.41220784,0,0,456.75879,Superterran
Kepler-54 c,1.23,0.7,395.0,0.0809,3705.0,0.5,0.51,Kepler-54 c,0,0.45170022,0,0,478.30097,Terran
TOI-1235 b,1.69,6.69,775.0,0.03845,3997.0,0.619,0.63,TOI-1235 b,0,0.29250734,0,0,799.67245,Superterran
Kepler-801 b,2.0,4.66,419.0,0.0795,4435.0,0.63,0.67,Kepler-801 b,0,0.30565701,0,0,644.52825,Superterran
Kepler-750 c,1.62,3.26,1537.0,0.05009,6160.0,1.23,1.15,Kepler-750 c,0,0.27513252,0,0,1519.0145,Superterran
LHS 3844 b,1.286,2.37,816.0,0.00624,3080.0,0.189,0.151,LHS 3844 b,0,0.30643918,0,0,833.25961,Terran
Kepler-126 c,1.58,1.27942148,790.0,0.162,6239.0,1.358,1.108,Kepler-126 c,0,0.28768302,0,0,925.0785,Terran
Kepler-1455 b,2.16,5.31,298.0,0.2149,4075.0,0.6,0.62,Kepler-1455 b,0,0.69727869,0,0,321.77872,Superterran
Kepler-998 b,2.32,5.99,1020.0,0.0626,6058.0,1.18,1.12,Kepler-998 b,0,0.24234659,0,0,1284.9563,Superterran
Kepler-397 b,2.46,6.62,539.0,0.144,5307.0,0.767,0.844,Kepler-397 b,0,0.29324852,0,0,610.58239,Superterran
DMPP-3 A b,1.44,2.67,854.0,0.05958,5138.0,0.91,0.9,DMPP-3 A b,0,0.2945082,0,0,943.43443,Terran
Kepler-52 d,1.95,88.8775,332.0,0.182,4263.0,0.556,0.577,Kepler-52 d,0,0.57601114,0,0,380.09296,Superterran
Kepler-756 b,1.12,1.46,1741.0,0.0219,5282.0,0.79,0.82,Kepler-756 b,0,0.29330388,0,0,1581.989,Terran
Kepler-1286 b,2.15,5.27,888.0,0.0991,5753.0,0.98,1.0,Kepler-1286 b,0,0.25688133,0,0,983.75894,Superterran
Kepler-132 c,1.28,2.18,1069.0,0.068,6003.0,1.178,0.929,Kepler-132 c,0,0.2915624,0,0,1245.7218,Terran
Kepler-1430 b,1.18,1.76,969.0,0.0304,4796.0,0.72,0.77,Kepler-1430 b,0,0.29896212,0,0,1031.5463,Terran
K2-73 b,2.58,9.2,968.0,0.07619,5867.0,1.058,1.02,K2-73 b,0,0.23929633,0,0,1088.8713,Superterran
pi Men c,2.0189,3.63,1169.8,0.06839,5998.0,1.17,1.07,pi Men c,0,0.25604224,0,0,1200.4381,Superterran
Kepler-1903 b,2.28642395,5.85,769.0,0.1321,6347.0,0.996,1.053,Kepler-1903 b,0,0.25228585,0,0,936.4274,Superterran
TOI-1685 b,1.421,3.07,1000.0,0.01164,3470.0,0.462,0.466,TOI-1685 b,0,0.27552783,0,0,1116.2281,Superterran
G 264-012 c,1.76,3.75,387.0,0.0525,3326.0,0.305,0.297,G 264-012 c,0,0.54005486,0,0,403.50217,Superterran
Kepler-535 b,2.36,6.17,1247.0,0.06011,6123.0,1.27,1.18,Kepler-535 b,0,0.23927121,0,0,1436.4228,Superterran
Kepler-1763 b,1.14651332,1.59,1822.0,0.0257,5897.0,1.259,1.026,Kepler-1763 b,0,0.29173347,0,0,2101.1592,Terran
Kepler-1061 b,1.98,4.58,1332.0,0.0388,6067.0,1.07,1.09,Kepler-1061 b,0,0.25725394,0,0,1544.4004,Superterran
GJ 3942 b,2.57,7.14,590.0,0.0608,3867.0,0.61,0.63,GJ 3942 b,0,0.28678397,0,0,611.75111,Superterran
HD 28109 b,2.69,6.2,867.0,0.1357,6189.0,1.425,1.227,HD 28109 b,0,0.25285688,0,0,1008.269,Superterran
Kepler-235 d,2.05,4.86,401.0,0.122,4255.0,0.554,0.581,Kepler-235 d,0,0.45906569,0,0,436.76276,Superterran
HD 63433 b,2.14,21.755,967.11,0.072,5553.0,0.934,0.956,HD 63433 b,0,0.25783122,0,0,998.24789,Superterran
Kepler-1076 b,0.8,0.437,770.0,0.0611,4868.0,0.74,0.79,Kepler-1076 b,0,0.30720787,0,0,844.60747,Subterran
Kepler-1258 b,0.86,0.566,2335.0,0.01824,5839.0,0.99,0.99,Kepler-1258 b,0,0.29135175,0,0,2142.0396,Terran
Kepler-336 d,2.37,6.21,749.0,0.154,5867.0,1.304,1.09,Kepler-336 d,0,0.25351951,0,0,851.46178,Superterran
Kepler-1031 b,0.87,0.59,2024.0,0.0218,6011.0,1.12,1.09,Kepler-1031 b,0,0.29163977,0,0,2148.8063,Terran
Kepler-61 b,2.15,5.27,273.0,0.24861,4017.0,0.62,0.635,Kepler-61 b,0,0.6737067,0,0,328.61757,Superterran
Kepler-120 c,1.53,2.96,455.0,0.088,4096.0,0.534,0.654,Kepler-120 c,0,0.32660787,0,0,656.80157,Terran
Kepler-1403 b,2.14,5.22,1238.0,0.064,6060.0,1.15,1.11,Kepler-1403 b,0,0.25004075,0,0,1408.7552,Superterran
Kepler-822 b,1.77,3.78,1239.0,0.04078,5928.0,1.08,1.06,Kepler-822 b,0,0.2684171,0,0,1413.2758,Superterran
Kepler-388 c,0.86,0.566,515.0,0.093,4498.0,0.586,0.635,Kepler-388 c,0,0.32362663,0,0,732.71325,Terran
Kepler-900 b,2.08,4.98,716.0,0.0679,4836.0,0.73,0.78,Kepler-900 b,0,0.27512339,0,0,778.01977,Superterran
Kepler-666 b,2.4,6.35,1133.0,0.0542,5887.0,1.05,1.03,Kepler-666 b,0,0.23781496,0,0,1372.2267,Superterran
K2-22 b,2.3,444.962,2100.0,0.009,3879.0,0.58,0.595292,K2-22 b,0,0.24124332,0,0,1630.4776,Superterran
Kepler-1606 b,2.07,4.94,324.0,0.6421,5422.0,0.86,0.9,Kepler-1606 b,2,0.70025387,0,1,325.36751,Superterran
Kepler-1946 b,2.48812698,6.75,1143.0,0.0394,5505.0,0.873,0.887,Kepler-1946 b,0,0.23506309,0,0,1234.319,Superterran
Kepler-1461 b,2.03,4.78,451.0,0.1715,4919.0,0.74,0.79,Kepler-1461 b,0,0.40476121,0,0,479.22941,Superterran
GJ 3090 b,2.18,4.52,723.0,0.0316,3707.0,0.516,0.519,GJ 3090 b,0,0.27533568,0,0,741.95901,Superterran
Kepler-1307 b,2.47,6.66,768.0,0.1369,5884.0,1.08,1.06,Kepler-1307 b,0,0.26986868,0,0,690.99324,Superterran
Kepler-326 c,1.4,17.4,889.0,0.051,5105.0,0.801,0.91,Kepler-326 c,0,0.28832809,0,0,1163.8324,Terran
GJ 887 b,1.8,3.9,426.0,0.0683,3688.0,0.468,0.495,GJ 887 b,0,0.4097419,0,0,483.24911,Superterran
GJ 887 c,2.43,6.5,320.0,0.121,3688.0,0.468,0.495,GJ 887 c,0,0.55357397,0,0,363.77672,Superterran
Kepler-132 b,1.21,1.92,1082.0,0.067,6003.0,1.178,0.929,Kepler-132 b,0,0.29358514,0,0,1254.9838,Terran
Kepler-707 b,1.33,2.33,1160.0,0.0325,5099.0,0.76,0.8,Kepler-707 b,0,0.29050826,0,0,1196.0073,Terran
Kepler-262 b,1.36,2.42,734.0,0.108,5841.0,0.881,0.816,Kepler-262 b,0,0.30685832,0,0,807.63223,Terran
Kepler-1572 b,0.94,0.779,1293.0,0.05838,5618.0,0.95,0.97,Kepler-1572 b,0,0.29480911,0,0,1439.1012,Terran
Kepler-352 c,1.24,2.07,591.0,0.118,5212.0,0.781,0.798,Kepler-352 c,0,0.3398446,0,0,653.10727,Terran
Kepler-400 c,1.49,2.83,755.0,0.134,5886.0,1.145,1.08,Kepler-400 c,0,0.29666216,0,0,857.77448,Terran
K2-222 b,2.275,7.5,803.0,0.1186,5942.0,1.072,0.94,K2-222 b,0,0.2511495,0,0,895.98805,Superterran
Kepler-1683 b,1.87477762,4.17,669.0,0.1182,5429.0,0.900327,0.95,Kepler-1683 b,0,0.28999137,0,0,746.64951,Superterran
Kepler-122 b,2.34,6.08,1159.0,0.064,6050.0,1.216,0.982,Kepler-122 b,0,0.2409877,0,0,1328.4204,Superterran
Kepler-271 d,0.66,0.219,954.0,0.05554,5555.0,0.87,0.9,Kepler-271 d,0,0.28589346,0,0,1052.8304,Subterran
Kepler-446 c,1.11,1.41,520.0,0.0283,3359.0,0.24,0.22,Kepler-446 c,0,0.46721082,0,0,468.84825,Terran
Kepler-235 c,1.28,2.18,555.0,0.065,4255.0,0.554,0.581,Kepler-235 c,0,0.358722,0,0,598.36867,Terran
Kepler-99 b,1.48,6.15,810.0,0.05071,4782.0,0.73,0.79,Kepler-99 b,0,0.29335307,0,0,912.44313,Terran
Kepler-1555 b,1.61,3.22,959.0,0.0805,5866.0,1.06,1.04,Kepler-1555 b,0,0.27747142,0,0,1268.4623,Superterran
Kepler-783 c,2.33153725,6.04,840.0,0.06903,5411.49,0.872088,0.94,Kepler-783 c,0,0.24884932,0,0,963.04697,Superterran
EPIC 220674823 b,1.606,7.54,2324.0,0.0132,5578.0,0.99,0.913,EPIC 220674823 b,0,0.26861068,0,0,2332.941,Superterran
K2-247 c,2.19,5.43,688.0,0.0615,4667.0,0.69,0.74,K2-247 c,0,0.28228342,0,0,698.21305,Superterran
TOI-904 b,2.426,6.46,429.43,0.056,3770.2,0.527,0.557,TOI-904 b,0,0.30893295,0,0,577.87181,Superterran
TOI-904 c,2.167,5.34,217.26,0.312,3770.2,0.527,0.557,TOI-904 c,2,0.65860318,1,1,244.82075,Superterran
Kepler-1104 b,1.23,2.04,1321.0,0.06321,6417.0,1.41,1.3,Kepler-1104 b,0,0.29083891,0,0,1543.2835,Terran
Kepler-1901 b,1.47418907,2.77,1132.0,0.0453,5696.0,0.921,1.022,Kepler-1901 b,0,0.28289594,0,0,1349.3556,Terran
Kepler-62 c,0.54,4.0,578.0,0.0929,4925.0,0.64,0.69,Kepler-62 c,0,0.31535213,0,0,638.8776,Subterran
GJ 357 d,2.34,6.1,219.6,0.204,3505.0,0.337,0.342,GJ 357 d,2,0.57551752,1,1,226.26138,Superterran
Kepler-1604 b,1.41,2.57,2023.0,0.01406,4976.0,0.76,0.81,Kepler-1604 b,0,0.28310507,0,0,2251.5444,Terran
Kepler-804 b,1.94,4.42,779.0,0.11287,5817.0,1.05,1.01,Kepler-804 b,0,0.27295717,0,0,878.10265,Superterran
TOI-4342 b,2.329,7.3,639.0,0.0519,3866.0,0.598,0.587,TOI-4342 b,0,0.28836774,0,0,656.22763,Superterran
TOI-4342 c,2.349,4.8,514.0,0.0804,3866.0,0.598,0.587,TOI-4342 c,0,0.33963825,0,0,527.06396,Superterran
K2-19 d,1.044,6.2,1258.0,0.03478,5350.0,0.824,0.892,K2-19 d,0,0.29529813,0,0,1301.3565,Terran
Kepler-203 d,1.44,33.9,855.0,0.1,5821.0,1.114,1.06,Kepler-203 d,0,0.29260489,0,0,960.34111,Terran
Kepler-1221 b,1.88,4.19,632.0,0.0906,5194.0,0.82,0.87,Kepler-1221 b,0,0.28526323,0,0,779.13268,Superterran
K2-111 b,1.837,5.35,1293.0,0.0565,5775.0,1.25,0.84,K2-111 b,0,0.26587049,0,0,1420.2969,Superterran
Kepler-1943 b,1.54869189,3.02,1098.0,0.05975,6032.0,0.973,1.055,Kepler-1943 b,0,0.27829442,0,0,1555.4551,Terran
Kepler-651 b,2.37,6.21,574.0,0.14078,5522.0,0.87,0.92,Kepler-651 b,0,0.28143689,0,0,662.55208,Superterran
Kepler-1879 b,2.06512018,4.92,987.0,0.0957,5865.0,1.388,1.023,Kepler-1879 b,0,0.25641309,0,0,1162.4628,Superterran
Kepler-364 c,2.15,5.27,568.0,0.312,6108.0,1.284,1.076,Kepler-364 c,0,0.30218733,0,0,630.3739,Superterran
Kepler-828 b,1.51,2.89,1848.0,0.01228,5039.0,0.77,0.81,Kepler-828 b,0,0.2792,0,0,1882.4373,Terran
Kepler-229 b,2.2,5.48,823.0,0.062,5120.0,0.728,0.808,Kepler-229 b,0,0.26211915,0,0,847.67559,Superterran
Kepler-1689 b,0.94678642,0.799,879.0,0.0784,5731.43,0.996208,1.023,Kepler-1689 b,0,0.30191022,0,0,1009.0765,Terran
Kepler-629 b,1.38,2.48,816.0,0.07107,5444.0,0.84,0.93,Kepler-629 b,0,0.29738625,0,0,916.08448,Terran
Kepler-1384 b,1.94,4.42,608.0,0.1126,4919.0,0.74,0.78,Kepler-1384 b,0,0.31399112,0,0,628.64624,Superterran
Kepler-847 b,1.18,1.76,1054.0,0.0315,4940.0,0.77,0.83,Kepler-847 b,0,0.29496684,0,0,1210.6546,Terran
Kepler-1262 b,1.82,3.97,949.0,0.083,5771.0,0.98,0.99,Kepler-1262 b,0,0.27540765,0,0,940.01866,Superterran
Kepler-764 b,1.64,3.33,875.0,0.0724,5557.0,0.89,0.92,Kepler-764 b,0,0.28219116,0,0,988.68111,Superterran
Kepler-824 b,1.87,4.16,1231.0,0.055,6035.0,1.22,1.15,Kepler-824 b,0,0.26420237,0,0,1315.9645,Superterran
Kepler-743 b,1.21,1.92,1101.0,0.04166,5486.0,0.85,0.94,Kepler-743 b,0,0.2933874,0,0,1271.5615,Terran
Kepler-821 b,1.31,2.27,1215.0,0.029,5191.0,0.8,0.84,Kepler-821 b,0,0.2892744,0,0,1370.0188,Terran
TOI-776 c,2.047,6.9,420.0,0.1001,3725.0,0.547,0.542,TOI-776 c,0,0.47504892,0,0,427.9392,Superterran
Kepler-755 b,1.76,3.75,1331.0,0.02156,5043.0,0.77,0.82,Kepler-755 b,0,0.26836095,0,0,1511.7105,Superterran
Kepler-793 b,1.37,2.45,1177.0,0.0491,5745.0,0.97,0.98,Kepler-793 b,0,0.28693786,0,0,1383.1993,Terran
Kepler-757 b,1.36,2.42,1734.0,0.019,6014.0,1.13,1.08,Kepler-757 b,0,0.28506272,0,0,2288.4884,Terran
Kepler-759 b,2.27,5.77,533.0,0.2329,5860.0,1.04,1.04,Kepler-759 b,0,0.30039597,0,0,617.43434,Superterran
Kepler-790 b,2.18,5.39,634.0,0.101,5208.0,0.8,0.84,Kepler-790 b,0,0.28062171,0,0,709.19364,Superterran
Kepler-787 b,1.28,2.18,1115.0,0.0159,4248.0,0.62,0.65,Kepler-787 b,0,0.29036194,0,0,1362.9407,Terran
Kepler-484 b,2.28,5.82,766.0,0.09036,5668.0,0.87,0.96,Kepler-484 b,0,0.2552133,0,0,889.24517,Superterran
Kepler-768 b,1.79,3.86,618.0,0.092,5108.0,0.78,0.82,Kepler-768 b,0,0.29789583,0,0,725.32326,Superterran
Kepler-810 b,1.93,4.38,1105.0,0.055,5803.0,1.04,1.03,Kepler-810 b,0,0.26250227,0,0,1204.3263,Superterran
Kepler-307 c,2.2,3.64,739.0,0.10896,5367.0,0.814,0.907,Kepler-307 c,0,0.26447744,0,0,820.61584,Superterran
Kepler-806 b,1.14,1.55,1089.0,0.07684,5770.0,1.16,0.99,Kepler-806 b,0,0.29460112,0,0,1315.6151,Terran
Kepler-831 b,1.27,2.15,992.0,0.05984,5732.0,0.97,0.99,Kepler-831 b,0,0.29285825,0,0,1179.6872,Terran
Kepler-779 b,0.92,0.721,425.0,0.0533,3804.0,0.44,0.46,Kepler-779 b,0,0.35788008,0,0,612.4377,Terran
Kepler-830 b,1.7,3.53,907.0,0.1033,6037.0,1.11,1.07,Kepler-830 b,0,0.27933885,0,0,986.56422,Superterran
Kepler-829 b,2.11,5.1,857.0,0.0678,5698.0,0.97,0.98,Kepler-829 b,0,0.25476271,0,0,1130.6044,Superterran
Kepler-477 b,2.07,4.94,649.0,0.0911,5240.0,0.79,0.87,Kepler-477 b,0,0.27672114,0,0,769.42507,Superterran
Kepler-499 b,2.17,5.35,844.0,0.0598,5312.0,0.83,0.87,Kepler-499 b,0,0.25521933,0,0,1001.9013,Superterran
Kepler-745 b,2.16,5.31,931.0,0.0915,5849.0,1.04,1.04,Kepler-745 b,0,0.25141366,0,0,1180.905,Superterran
Kepler-848 b,1.7,3.53,1086.0,0.07586,5695.0,1.2,1.01,Kepler-848 b,0,0.27132033,0,0,1509.2434,Superterran
Kepler-794 b,2.11,5.1,952.0,0.10036,5839.0,1.38,1.19,Kepler-794 b,0,0.2536468,0,0,1196.0398,Superterran
Kepler-796 b,1.3,2.24,1109.0,0.07317,5475.0,1.09,0.93,Kepler-796 b,0,0.28854807,0,0,1554.1629,Terran
TOI-451 b,1.84,4.7,1474.0,0.0274,5490.0,0.85,0.93,TOI-451 b,0,0.26079353,0,0,1533.8479,Superterran
Kepler-753 b,1.91,4.31,641.0,0.054,4346.0,0.65,0.68,Kepler-753 b,0,0.28731033,0,0,752.45172,Superterran
Kepler-846 b,2.48,6.71,624.0,0.1399,5579.0,0.91,0.94,Kepler-846 b,0,0.27206583,0,0,678.83881,Superterran
Kepler-845 b,2.04,4.82,1361.0,0.01668,4913.0,0.75,0.79,Kepler-845 b,0,0.25421472,0,0,1557.5825,Superterran
Kepler-771 b,1.82,3.97,890.0,0.0843,5906.0,1.05,1.03,Kepler-771 b,0,0.26785268,0,0,1215.5189,Superterran
Kepler-773 b,1.43,2.63,1160.0,0.04682,5850.0,1.01,1.04,Kepler-773 b,0,0.28437506,0,0,1401.6081,Terran
Kepler-844 b,1.68,3.46,713.0,0.0298,4128.0,0.57,0.59,Kepler-844 b,0,0.28055593,0,0,980.77049,Superterran
Kepler-842 b,1.6,3.19,1252.0,0.0204,4848.0,0.73,0.78,Kepler-842 b,0,0.27665194,0,0,1416.1538,Terran
Kepler-770 b,2.3,5.9,1171.0,0.1694,5598.0,0.92,0.94,Kepler-770 b,0,0.27241083,0,0,721.05571,Superterran
Kepler-744 b,1.62,3.26,750.0,0.09735,5594.0,0.93,0.94,Kepler-744 b,0,0.29560327,0,0,803.43528,Superterran
Kepler-765 b,2.43,6.48,641.0,0.1754,5901.0,1.06,1.05,Kepler-765 b,0,0.26188452,0,0,747.15503,Superterran
Kepler-834 b,2.02,4.74,378.0,0.0862,4554.0,0.66,0.7,Kepler-834 b,0,0.30656741,0,0,638.1487,Superterran
Kepler-832 b,2.06,4.9,965.0,0.075,5596.0,0.9,0.92,Kepler-832 b,0,0.25803369,0,0,1093.6916,Superterran
Kepler-1017 b,1.99,4.62,831.0,0.07196,5473.0,0.87,0.93,Kepler-1017 b,0,0.26465156,0,0,989.70774,Superterran
Kepler-983 b,2.36,6.17,485.0,0.3148,6052.0,1.08,1.13,Kepler-983 b,0,0.32221188,0,0,558.9953,Superterran
Kepler-913 b,2.06,4.9,1129.0,0.1009,4687.0,0.61,0.63,Kepler-913 b,0,0.27716055,0,0,769.98087,Superterran
Kepler-910 b,0.82,0.477,1752.0,0.03752,6230.0,1.5,1.26,Kepler-910 b,0,0.29010154,0,0,1956.1126,Terran
Kepler-964 b,2.12,5.14,652.0,0.1073,5427.0,0.84,0.93,Kepler-964 b,0,0.2783817,0,0,739.87591,Superterran
Kepler-866 b,1.63,3.29,996.0,0.0331,4751.0,0.71,0.75,Kepler-866 b,0,0.28048371,0,0,1053.8081,Superterran
Kepler-915 b,1.5,2.86,1319.0,0.05655,6173.0,1.38,1.21,Kepler-915 b,0,0.2802739,0,0,1618.1445,Terran
Kepler-914 b,1.38,2.48,1192.0,0.05454,5877.0,1.15,1.1,Kepler-914 b,0,0.28628389,0,0,1420.2869,Terran
Kepler-923 b,1.38,2.48,1104.0,0.07592,5988.0,1.26,1.11,Kepler-923 b,0,0.28724527,0,0,1303.2343,Terran
Kepler-916 b,1.76,3.75,503.0,0.1885,5248.0,0.81,0.85,Kepler-916 b,0,0.35222904,0,0,564.63766,Superterran
Kepler-1029 b,1.26,2.13,790.0,0.047,5030.0,0.77,0.82,Kepler-1029 b,0,0.30104732,0,0,928.70245,Terran
Kepler-958 b,2.06,4.9,749.0,0.08631,5421.0,0.86,0.91,Kepler-958 b,0,0.26995651,0,0,837.92611,Superterran
Kepler-861 b,2.28,5.82,966.0,0.0463,5047.0,0.78,0.82,Kepler-861 b,0,0.24845815,0,0,1045.6468,Superterran
Kepler-862 b,2.21,5.52,1097.0,0.039,5333.0,0.84,0.88,Kepler-862 b,0,0.2468711,0,0,1372.9136,Superterran
Kepler-927 b,1.72,3.61,906.0,0.0866,5743.0,0.99,0.99,Kepler-927 b,0,0.28091685,0,0,930.3933,Superterran
Kepler-962 b,1.97,4.54,689.0,0.09874,5478.0,0.86,0.93,Kepler-962 b,0,0.27942468,0,0,789.18345,Superterran
Kepler-930 b,2.13,5.18,561.0,0.34593,6335.0,1.4,1.25,Kepler-930 b,0,0.31186634,0,0,606.66385,Superterran
Kepler-929 b,1.11,1.41,2362.0,0.01982,5869.0,1.02,1.01,Kepler-929 b,0,0.29211307,0,0,2707.2285,Terran
Kepler-932 b,1.37,2.45,1276.0,0.02876,5331.0,0.84,0.87,Kepler-932 b,0,0.28660712,0,0,1430.9466,Terran
Kepler-931 b,1.33,2.33,744.0,0.0719,5241.0,0.81,0.86,Kepler-931 b,0,0.30185273,0,0,877.12416,Terran
Kepler-1006 b,1.54,2.99,791.0,0.1464,5328.0,0.74,0.78,Kepler-1006 b,0,0.34758513,0,0,597.24838,Terran
Kepler-895 b,1.54,2.99,771.0,0.0328,4315.0,0.61,0.65,Kepler-895 b,0,0.28763843,0,0,971.60245,Terran
Kepler-507 b,1.3,5.69692195,1407.0,0.04781,6113.0,1.32,1.16,Kepler-507 b,0,0.28841402,0,0,1587.5917,Terran
Kepler-1027 b,0.89,0.64,1268.0,0.02911,5436.0,0.82,0.91,Kepler-1027 b,0,0.29289352,0,0,1685.6388,Terran
Kepler-982 b,2.25,5.69,955.0,0.1277,6139.0,1.29,1.16,Kepler-982 b,0,0.24913922,0,0,1074.5148,Superterran
Kepler-897 b,2.39,6.3,855.0,0.077,5839.0,1.04,1.03,Kepler-897 b,0,0.23974369,0,0,1223.7146,Superterran
Kepler-898 b,1.49,2.83,616.0,0.0545,4223.0,0.62,0.65,Kepler-898 b,0,0.30953986,0,0,744.693,Terran
Kepler-938 b,2.22,5.56,544.0,0.2689,5533.0,0.89,0.92,Kepler-938 b,0,0.37078555,0,0,501.91494,Superterran
Kepler-986 b,2.36,6.17,465.0,0.29131,5642.0,0.98,0.96,Kepler-986 b,0,0.33842833,0,0,532.99236,Superterran
Kepler-960 b,2.29,5.86,1391.0,0.03807,4755.0,0.72,0.77,Kepler-960 b,0,0.25000568,0,0,984.40849,Superterran
Kepler-1002 b,1.71,3.57,1453.0,0.0564,6144.0,1.57,1.22,Kepler-1002 b,0,0.27039951,0,0,1616.3521,Superterran
Kepler-889 b,1.09,1.32,1328.0,0.04975,5961.0,1.25,1.14,Kepler-889 b,0,0.29365244,0,0,1616.9365,Terran
Kepler-903 b,2.01,4.7,842.0,0.09081,5682.0,0.97,0.98,Kepler-903 b,0,0.25888824,0,0,1178.6148,Superterran
Kepler-904 b,1.77,3.78,1332.0,0.0417,6160.0,1.25,1.16,Kepler-904 b,0,0.26774158,0,0,1539.4213,Superterran
Kepler-918 b,1.74,3.68,1052.0,0.0569,6028.0,1.14,1.11,Kepler-918 b,0,0.27214989,0,0,1193.6291,Superterran
Kepler-920 b,2.42,6.44,907.0,0.065,5403.0,0.85,0.89,Kepler-920 b,0,0.24271309,0,0,1015.591,Superterran
Kepler-886 b,1.52,2.92,1111.0,0.06428,6098.0,1.16,1.1,Kepler-886 b,0,0.28361631,0,0,1138.6444,Terran
Kepler-885 b,2.5,6.8,830.0,0.14403,6187.0,1.35,1.21,Kepler-885 b,0,0.24080321,0,0,966.50479,Superterran
Kepler-906 b,2.11,5.1,537.0,0.22363,6035.0,1.02,1.06,Kepler-906 b,0,0.30579039,0,0,625.98158,Superterran
Kepler-466 c,1.25,2.1,1206.0,0.04658,5927.0,1.05,1.04,Kepler-466 c,0,0.29207888,0,0,1283.6572,Terran
Kepler-946 b,1.93,4.38,857.0,0.1002,5665.0,0.93,0.94,Kepler-946 b,0,0.2679895,0,0,981.72909,Superterran
Kepler-1014 b,2.39,6.3,614.0,0.121,5388.0,0.84,0.88,Kepler-1014 b,0,0.27591201,0,0,681.21286,Superterran
Kepler-884 b,1.23,2.04,964.0,0.06116,5715.0,0.94,1.0,Kepler-884 b,0,0.30024214,0,0,963.34163,Terran
Kepler-529 c,2.0,4.66,891.0,0.1075,6087.0,1.14,1.07,Kepler-529 c,0,0.26419471,0,0,988.48774,Superterran
Kepler-942 b,2.13,5.18,379.0,0.22737,4861.0,0.75,0.81,Kepler-942 b,0,0.46657591,0,0,428.54902,Superterran
Kepler-1010 b,2.32,5.99,477.0,0.193,5253.0,0.82,0.86,Kepler-1010 b,0,0.35274053,0,0,516.59104,Superterran
Kepler-882 b,1.23,2.04,903.0,0.04741,5476.0,0.87,0.9,Kepler-882 b,0,0.29443949,0,0,1160.2521,Terran
Kepler-255 d,1.32,2.3,1710.0,0.0192,5431.0,0.86,0.9,Kepler-255 d,0,0.28698522,0,0,1868.6368,Terran
Kepler-758 c,1.69,3.5,1372.0,0.05768,6228.0,1.42,1.16,Kepler-758 c,0,0.27112184,0,0,1700.912,Superterran
Kepler-1034 b,2.26,5.73,675.0,0.0965,5198.0,0.8,0.83,Kepler-1034 b,0,0.27471652,0,0,719.30299,Superterran
Kepler-1013 b,2.15,5.27,766.0,0.137,4954.0,0.76,0.81,Kepler-1013 b,0,0.32622372,0,0,572.5524,Superterran
Kepler-760 c,1.48,2.79,1139.0,0.03489,5322.0,0.85,0.89,Kepler-760 c,0,0.28269785,0,0,1341.8483,Terran
Kepler-271 c,0.95,0.809,850.0,0.06993,5555.0,0.87,0.9,Kepler-271 c,0,0.3050268,0,0,938.65709,Terran
Kepler-967 b,2.35,6.12,638.0,0.1027,5178.0,0.8,0.84,Kepler-967 b,0,0.3055866,0,0,593.80014,Superterran
Kepler-876 b,1.43,2.63,923.0,0.0549,5060.0,0.77,0.81,Kepler-876 b,0,0.29098672,0,0,1010.7398,Terran
Kepler-732 c,1.27,2.15,893.0,0.0143,3631.0,0.46,0.49,Kepler-732 c,0,0.29468546,0,0,1090.2033,Terran
Kepler-1060 b,2.38,6.26,484.0,0.2495,5797.0,0.99,0.99,Kepler-1060 b,0,0.30130721,0,0,600.33028,Superterran
Kepler-1008 b,1.28,2.18,627.0,0.09755,5066.0,0.78,0.81,Kepler-1008 b,0,0.32720794,0,0,696.76329,Terran
Kepler-1055 b,1.23,2.04,1304.0,0.0335,5723.0,0.94,0.98,Kepler-1055 b,0,0.2913059,0,0,1452.1502,Terran
Kepler-872 b,1.99,4.62,1230.0,0.0362,5902.0,1.08,1.05,Kepler-872 b,0,0.25759844,0,0,1390.1806,Superterran
Kepler-1071 b,2.38,6.26,814.0,0.0629,5215.0,0.81,0.86,Kepler-1071 b,0,0.24631891,0,0,968.80855,Superterran
Kepler-1139 b,1.19,1.81,1693.0,0.01664,5550.0,0.91,0.94,Kepler-1139 b,0,0.29100904,0,0,1880.1113,Terran
Kepler-1180 b,1.99,4.62,765.0,0.1246,6077.0,1.14,1.09,Kepler-1180 b,0,0.26306851,0,0,1036.1354,Superterran
Kepler-1141 b,0.82,0.477,1471.0,0.03496,5791.0,1.07,1.01,Kepler-1141 b,0,0.29061471,0,0,1693.425,Terran
Kepler-1192 b,2.36,6.17,600.0,0.1693,5438.0,0.83,0.86,Kepler-1192 b,0,0.28547793,0,0,649.52675,Superterran
Kepler-1028 b,1.33,2.33,1217.0,0.0354,5522.0,0.87,0.9,Kepler-1028 b,0,0.28891416,0,0,1327.926,Terran
Kepler-1072 b,1.58,3.12,1849.0,0.02742,6199.0,1.32,1.2,Kepler-1072 b,0,0.27567633,0,0,2164.2099,Terran
Kepler-1194 b,1.51,2.89,676.0,0.1212,5590.0,0.92,0.94,Kepler-1194 b,0,0.30516993,0,0,768.1114,Terran
Kepler-1197 b,1.25,2.1,1011.0,0.02869,4708.0,0.72,0.78,Kepler-1197 b,0,0.29373927,0,0,1165.5537,Terran
Kepler-1146 b,1.23,2.04,1019.0,0.0325,4692.0,0.7,0.74,Kepler-1146 b,0,0.29562788,0,0,1102.7672,Terran
Kepler-1144 b,1.99,4.62,811.0,0.1291,5753.0,0.96,0.98,Kepler-1144 b,0,0.27449752,0,0,826.91791,Superterran
Kepler-1079 b,1.63,3.29,887.0,0.1092,5758.0,1.36,1.08,Kepler-1079 b,0,0.28177829,0,0,1012.8945,Superterran
Kepler-1066 b,2.36,6.17,1290.0,0.0298,5762.0,0.98,0.98,Kepler-1066 b,0,0.23897804,0,0,1491.3855,Superterran
Kepler-1198 b,1.47,2.76,830.0,0.0732,5517.0,0.9,0.93,Kepler-1198 b,0,0.29278687,0,0,930.4006,Terran
Kepler-1199 b,1.15,1.6,931.0,0.11309,5889.0,1.17,0.94,Kepler-1199 b,0,0.30324187,0,0,943.95063,Terran
Kepler-968 b,2.0,4.66,745.0,0.0389,4598.0,0.7,0.76,Kepler-968 b,0,0.26629495,0,0,940.15773,Superterran
Kepler-1047 b,2.09,5.02,503.0,0.29871,5754.0,1.13,1.08,Kepler-1047 b,0,0.29206196,0,0,677.36964,Superterran
Kepler-1148 b,1.69,3.5,1397.0,0.0188,5054.0,0.77,0.81,Kepler-1148 b,0,0.27164394,0,0,1545.5982,Superterran
Kepler-1081 b,1.01,1.01,972.0,0.04662,5345.0,0.84,0.88,Kepler-1081 b,0,0.29907002,0,0,1117.4615,Terran
Kepler-1062 b,1.76,3.75,583.0,0.0748,4597.0,0.7,0.75,Kepler-1062 b,0,0.30222624,0,0,710.35382,Superterran
Kepler-1063 b,1.49,2.83,931.0,0.1176,5945.0,1.14,1.09,Kepler-1063 b,0,0.29229905,0,0,923.04284,Terran
Kepler-1064 b,1.55,3.02,570.0,0.1183,5153.0,0.79,0.85,Kepler-1064 b,0,0.32360787,0,0,664.02304,Terran
Kepler-1084 b,1.11,1.41,1737.0,0.0324,6113.0,1.28,1.12,Kepler-1084 b,0,0.29276047,0,0,1848.8557,Terran
Kepler-1087 b,0.61,0.165,2161.0,0.01554,5589.0,0.94,0.96,Kepler-1087 b,0,0.27281934,0,0,2236.3752,Subterran
Kepler-1207 b,1.62,3.26,802.0,0.1156,5909.0,1.06,1.06,Kepler-1207 b,0,0.2775831,0,0,1221.6495,Superterran
Kepler-1209 b,1.51,2.89,755.0,0.17515,6210.0,1.38,1.23,Kepler-1209 b,0,0.29852039,0,0,826.11264,Terran
Kepler-1114 b,1.35,2.39,631.0,0.11056,5374.0,0.83,0.87,Kepler-1114 b,0,0.3176512,0,0,732.12413,Terran
Kepler-1115 b,1.7,3.53,1381.0,0.2134,8480.0,1.73,1.6,Kepler-1115 b,0,0.2729797,0,0,1281.8237,Superterran
Kepler-1154 b,2.34,6.08,1314.0,0.0631,6327.0,1.43,1.26,Kepler-1154 b,0,0.23995056,0,0,1485.6306,Superterran
Kepler-1089 b,1.83,4.01,584.0,0.0497,3753.0,0.49,0.52,Kepler-1089 b,0,0.32617528,0,0,611.64204,Superterran
Kepler-1216 b,1.39,2.51,1191.0,0.0519,5743.0,0.98,0.99,Kepler-1216 b,0,0.28671129,0,0,1317.0184,Terran
Kepler-1215 b,1.22,1.98,1046.0,0.0528,5616.0,0.93,0.95,Kepler-1215 b,0,0.29536986,0,0,1127.4793,Terran
Kepler-1117 b,1.11,1.41,938.0,0.05485,5612.0,0.93,0.95,Kepler-1117 b,0,0.29894983,0,0,1082.254,Terran
Kepler-1156 b,1.32,2.3,787.0,0.09704,5778.0,1.0,1.0,Kepler-1156 b,0,0.30219825,0,0,877.4701,Terran
Kepler-1092 b,2.07,4.94,508.0,0.2996,5862.0,1.0,0.99,Kepler-1092 b,0,0.3400804,0,0,555.46234,Superterran
Kepler-1093 b,1.95,4.46,776.0,0.17543,6166.0,1.2,1.13,Kepler-1093 b,0,0.27024276,0,0,913.32547,Superterran
Kepler-1210 b,1.7,3.53,856.0,0.0753,5568.0,0.92,0.94,Kepler-1210 b,0,0.28036227,0,0,962.22809,Superterran
Kepler-1212 b,2.14,5.22,795.0,0.1082,6051.0,1.15,1.1,Kepler-1212 b,0,0.25723052,0,0,987.55636,Superterran
Kepler-1120 b,1.38,2.48,1027.0,0.0369,4904.0,0.74,0.78,Kepler-1120 b,0,0.29126117,0,0,1067.6093,Terran
Kepler-1159 b,2.37,6.21,677.0,0.1603,6217.0,1.28,1.19,Kepler-1159 b,0,0.25339879,0,0,853.01911,Superterran
Kepler-1160 b,2.14,5.22,839.0,0.0755,5519.0,0.89,0.92,Kepler-1160 b,0,0.2641944,0,0,859.41325,Superterran
Kepler-1096 b,1.24,2.07,794.0,0.034,4306.0,0.63,0.66,Kepler-1096 b,0,0.30000182,0,0,962.02435,Terran
Kepler-1214 b,2.36,6.17,591.0,0.128,5130.0,0.8,0.85,Kepler-1214 b,0,0.29086736,0,0,631.78678,Superterran
Kepler-1122 b,2.04,4.82,526.0,0.2315,5544.0,0.89,0.92,Kepler-1122 b,0,0.31215849,0,0,618.58591,Superterran
Kepler-1124 b,1.28,2.18,621.0,0.0305,3658.0,0.34,0.35,Kepler-1124 b,0,0.31451613,0,0,769.17578,Terran
Kepler-1161 b,2.13,5.18,485.0,0.0784,4253.0,0.57,0.59,Kepler-1161 b,0,0.28389141,0,0,705.53326,Superterran
Kepler-1098 b,1.3,2.24,1319.0,0.0358,5794.0,0.99,0.99,Kepler-1098 b,0,0.28815442,0,0,1664.3092,Terran
Kepler-1046 b,1.71,3.57,786.0,0.11858,5913.0,1.04,1.04,Kepler-1046 b,0,0.28490745,0,0,873.75584,Superterran
Kepler-1125 b,1.84,4.04,778.0,0.1348,5683.0,0.94,0.95,Kepler-1125 b,0,0.26814234,0,0,1137.1836,Superterran
Kepler-1166 b,1.69,3.5,486.0,0.1975,5446.0,0.86,0.9,Kepler-1166 b,0,0.35959624,0,0,558.65279,Superterran
Kepler-1164 b,1.12,1.46,936.0,0.04635,5183.0,0.79,0.85,Kepler-1164 b,0,0.2991129,0,0,1069.5902,Terran
Kepler-1100 b,1.75,3.71,1000.0,0.06745,6247.0,1.34,1.21,Kepler-1100 b,0,0.2722588,0,0,1157.1708,Superterran
Kepler-1127 b,1.96,4.5,994.0,0.0556,5664.0,0.95,0.97,Kepler-1127 b,0,0.26413776,0,0,1051.0857,Superterran
Kepler-1073 b,2.3,5.9,905.0,0.0805,5792.0,1.0,1.0,Kepler-1073 b,0,0.24866394,0,0,1008.1556,Superterran
Kepler-1169 b,0.94,0.779,1125.0,0.06931,6191.0,1.23,1.24,Kepler-1169 b,0,0.29643133,0,0,1256.3262,Terran
Kepler-1106 b,1.65,3.36,2199.0,0.0239,6104.0,1.17,1.11,Kepler-1106 b,0,0.27247659,0,0,2039.2786,Superterran
Kepler-1037 b,1.28,2.18,1650.0,0.0198,5105.0,0.78,0.82,Kepler-1037 b,0,0.28912314,0,0,1579.7666,Terran
Kepler-1131 b,1.59,3.15,1159.0,0.0459,5851.0,1.04,1.03,Kepler-1131 b,0,0.27786973,0,0,1321.354,Terran
Kepler-1132 b,2.35,6.12,384.0,0.2881,5298.0,0.83,0.87,Kepler-1132 b,0,0.44764116,0,0,431.17532,Superterran
Kepler-1108 b,1.46,2.73,1063.0,0.0511,5406.0,0.84,0.88,Kepler-1108 b,0,0.28718008,0,0,1097.0213,Terran
Kepler-1109 b,2.19,5.43,787.0,0.2466,5893.0,1.06,1.05,Kepler-1109 b,0,0.33396012,0,0,554.53503,Superterran
Kepler-994 b,1.6,3.19,957.0,0.0177,3934.0,0.54,0.56,Kepler-994 b,0,0.28022791,0,0,1122.5066,Terran
Kepler-1133 b,1.97,4.54,703.0,0.0983,5569.0,0.9,0.93,Kepler-1133 b,0,0.2768468,0,0,813.10899,Superterran
Kepler-1173 b,0.89,0.64,1650.0,0.0156,5252.0,0.82,0.86,Kepler-1173 b,0,0.29264349,0,0,1787.4162,Terran
Kepler-1111 b,2.0,4.66,938.0,0.0872,6077.0,1.15,1.1,Kepler-1111 b,0,0.26706672,0,0,925.05441,Superterran
Kepler-1049 b,0.95,0.809,625.0,0.0349,3864.0,0.49,0.51,Kepler-1049 b,0,0.31603719,0,0,798.9375,Terran
Kepler-1135 b,1.85,4.08,451.0,0.3436,5656.0,0.94,0.96,Kepler-1135 b,0,0.31798378,0,0,631.17377,Superterran
Kepler-1174 b,1.59,3.15,1156.0,0.0732,5936.0,1.04,1.04,Kepler-1174 b,0,0.27683378,0,0,1463.5918,Terran
Kepler-508 b,1.64,3.33,710.0,0.17274,6025.0,1.25,1.16,Kepler-508 b,0,0.29400624,0,0,809.18787,Superterran
Kepler-954 b,2.32,5.99,545.0,0.1202,4990.0,0.76,0.82,Kepler-954 b,0,0.30349949,0,0,602.53811,Superterran
Kepler-1050 b,1.6,3.19,1039.0,0.12353,6010.0,1.13,1.09,Kepler-1050 b,0,0.29472444,0,0,821.37817,Terran
Kepler-1136 b,1.64,3.33,922.0,0.0299,4512.0,0.68,0.72,Kepler-1136 b,0,0.28111218,0,0,1018.216,Superterran
Kepler-1177 b,1.9,4.27,377.0,0.4301,5712.0,0.97,0.98,Kepler-1177 b,0,0.36364652,0,0,534.12241,Superterran
Kepler-1075 b,1.42,2.6,818.0,0.0208,3959.0,0.54,0.56,Kepler-1075 b,0,0.2900978,0,0,1051.0996,Terran
Kepler-1186 b,2.23,5.6,724.0,0.1281,5635.0,0.93,0.95,Kepler-1186 b,0,0.26177962,0,0,833.97101,Superterran
Kepler-1188 b,2.08,4.98,775.0,0.135,5913.0,1.06,1.04,Kepler-1188 b,0,0.26033136,0,0,984.59729,Superterran
Kepler-1277 b,1.6,3.19,496.0,0.21857,5578.0,0.92,0.94,Kepler-1277 b,0,0.37491732,0,0,542.42854,Terran
Kepler-1276 b,1.19,1.81,886.0,0.10863,6188.0,1.21,1.14,Kepler-1276 b,0,0.29992554,0,0,997.3053,Terran
Kepler-1323 b,1.52,2.92,2291.0,0.01911,6169.0,1.4,1.18,Kepler-1323 b,0,0.27825198,0,0,2466.9414,Terran
Kepler-1322 b,1.61,3.22,1666.0,0.0183,5488.0,0.87,0.9,Kepler-1322 b,0,0.27441937,0,0,2006.55,Superterran
Kepler-1368 b,1.65,3.36,2085.0,0.0153,5906.0,1.08,1.07,Kepler-1368 b,0,0.27221863,0,0,2395.1339,Superterran
Kepler-1236 b,2.14,5.22,480.0,0.1803,5337.0,0.82,0.86,Kepler-1236 b,0,0.34276709,0,0,544.72544,Superterran
Kepler-1280 b,1.87,4.16,757.0,0.33982,6227.0,1.32,1.2,Kepler-1280 b,0,0.30073909,0,0,689.89615,Superterran
Kepler-1279 b,1.75,3.71,738.0,0.1785,6221.0,1.33,1.21,Kepler-1279 b,0,0.27440254,0,0,1060.9195,Superterran
Kepler-1281 b,1.64,3.33,1123.0,0.0415,5353.0,0.83,0.87,Kepler-1281 b,0,0.27703195,0,0,1193.7173,Superterran
Kepler-1327 b,1.8,3.89,831.0,0.11151,5885.0,1.03,1.02,Kepler-1327 b,0,0.28196101,0,0,852.87066,Superterran
Kepler-1372 b,1.27,2.15,1655.0,0.024,5677.0,0.97,0.98,Kepler-1372 b,0,0.28869534,0,0,1869.9065,Terran
Kepler-1283 b,1.91,4.31,764.0,0.1062,6175.0,1.25,1.16,Kepler-1283 b,0,0.2609237,0,0,1505.266,Superterran
Kepler-1330 b,1.65,3.36,879.0,0.0889,5608.0,0.94,0.97,Kepler-1330 b,0,0.27599043,0,0,1233.0328,Superterran
Kepler-1373 b,1.16,1.65,1887.0,0.02598,6299.0,1.33,1.22,Kepler-1373 b,0,0.29109492,0,0,2887.4724,Terran
Kepler-1374 b,2.29,5.86,737.0,0.0918,5323.0,0.81,0.85,Kepler-1374 b,0,0.26580437,0,0,768.25285,Superterran
Kepler-1287 b,1.54,2.99,796.0,0.0976,5715.0,0.94,0.96,Kepler-1287 b,0,0.29314158,0,0,873.87761,Terran
Kepler-1332 b,1.37,2.45,728.0,0.09915,5581.0,0.9,0.95,Kepler-1332 b,0,0.30269974,0,0,846.71463,Terran
Kepler-528 b,2.08,4.98,708.0,0.14219,5807.0,1.06,1.01,Kepler-528 b,0,0.26881796,0,0,839.40205,Superterran
Kepler-1376 b,1.05,1.16,1042.0,0.0598,5659.0,0.97,0.98,Kepler-1376 b,0,0.29861167,0,0,1129.3406,Terran
Kepler-1289 b,1.52,2.92,1113.0,0.0785,6080.0,1.17,1.1,Kepler-1289 b,0,0.28387449,0,0,1125.8763,Terran
Kepler-1335 b,1.45,2.7,809.0,0.0615,4903.0,0.74,0.77,Kepler-1335 b,0,0.29968599,0,0,842.82607,Terran
Kepler-1334 b,2.29,5.86,710.0,0.1229,5614.0,0.91,0.94,Kepler-1334 b,0,0.25883003,0,0,833.96837,Superterran
Kepler-1377 b,1.25,2.1,1873.0,0.0153,5218.0,0.82,0.86,Kepler-1377 b,0,0.28918746,0,0,1964.8518,Terran
Kepler-1378 b,2.2,5.48,525.0,0.0885,4407.0,0.67,0.7,Kepler-1378 b,0,0.32223956,0,0,575.04772,Superterran
Kepler-1247 b,2.33,6.04,676.0,0.1091,5303.0,0.82,0.86,Kepler-1247 b,0,0.27216382,0,0,714.10676,Superterran
Kepler-520 b,1.66,3.39,711.0,0.14628,6112.0,1.09,1.1,Kepler-520 b,0,0.28018861,0,0,1016.8205,Superterran
Kepler-1291 b,1.66,3.39,739.0,0.0779,5216.0,0.8,0.84,Kepler-1291 b,0,0.29541326,0,0,787.78334,Superterran
Kepler-1292 b,1.82,3.97,1195.0,0.0443,5556.0,0.93,0.95,Kepler-1292 b,0,0.2668834,0,0,1297.1006,Superterran
Kepler-1337 b,2.41,6.39,437.0,0.1441,4523.0,0.67,0.7,Kepler-1337 b,0,0.36679631,0,0,494.41715,Superterran
Kepler-1381 b,2.25,5.69,649.0,0.1728,5747.0,0.94,0.96,Kepler-1381 b,0,0.29179618,0,0,646.99906,Superterran
Kepler-1248 b,1.18,1.76,1035.0,0.0806,6149.0,1.21,1.21,Kepler-1248 b,0,0.29531984,0,0,1187.8401,Terran
Kepler-1251 b,1.84,4.04,487.0,0.2478,5545.0,0.89,0.92,Kepler-1251 b,0,0.37071513,0,0,529.20613,Superterran
Kepler-1293 b,0.97,0.871,1183.0,0.06763,6241.0,1.28,1.18,Kepler-1293 b,0,0.29433799,0,0,1586.6561,Terran
Kepler-1342 b,1.66,3.39,1283.0,0.0313,5527.0,0.9,0.93,Kepler-1342 b,0,0.27390024,0,0,1399.2759,Superterran
Kepler-1252 b,1.67,3.43,665.0,0.1078,5949.0,1.09,1.06,Kepler-1252 b,0,0.29212101,0,0,813.04792,Superterran
Kepler-1253 b,1.33,2.33,501.0,0.31444,5850.0,1.1,0.97,Kepler-1253 b,0,0.34524921,0,0,626.89575,Terran
Kepler-1295 b,1.55,3.02,1029.0,0.0464,5486.0,0.89,0.92,Kepler-1295 b,0,0.28231869,0,0,1134.7927,Terran
Kepler-1344 b,1.84,4.04,1219.0,0.05501,5981.0,1.13,1.09,Kepler-1344 b,0,0.26573015,0,0,1312.9596,Superterran
Kepler-1343 b,1.93,4.38,1294.0,0.0449,5759.0,0.93,0.95,Kepler-1343 b,0,0.25986053,0,0,1518.981,Superterran
Kepler-1379 b,1.3,2.24,1564.0,0.0171,5188.0,0.79,0.83,Kepler-1379 b,0,0.28793989,0,0,1744.5261,Terran
Kepler-1382 b,1.88,4.19,959.0,0.14023,6161.0,1.72,1.36,Kepler-1382 b,0,0.26772251,0,0,1067.1905,Superterran
Kepler-1256 b,1.49,2.83,933.0,0.10733,6129.0,1.36,1.17,Kepler-1256 b,0,0.28515872,0,0,1128.9089,Terran
Kepler-1254 b,1.55,3.02,660.0,0.0833,4985.0,0.75,0.78,Kepler-1254 b,0,0.31149161,0,0,717.13847,Terran
Kepler-1347 b,1.03,1.08,617.0,0.104,5193.0,0.79,0.82,Kepler-1347 b,0,0.32922455,0,0,713.52444,Terran
Kepler-1346 b,1.58,3.12,1236.0,0.044,6133.0,1.21,1.14,Kepler-1346 b,0,0.27796093,0,0,1365.2091,Terran
Kepler-1386 b,1.24,2.07,1011.0,0.068,5733.0,1.03,1.02,Kepler-1386 b,0,0.29518587,0,0,1108.9732,Terran
Kepler-1259 b,1.43,2.63,1681.0,0.0141,5053.0,0.77,0.8,Kepler-1259 b,0,0.28250351,0,0,2000.1657,Terran
Kepler-1257 b,1.52,2.92,1252.0,0.0376,5502.0,0.87,0.9,Kepler-1257 b,0,0.28066864,0,0,1371.9289,Terran
Kepler-1300 b,1.37,2.45,954.0,0.16005,6130.0,1.79,1.29,Kepler-1300 b,0,0.29311973,0,0,1019.827,Terran
Kepler-1351 b,0.65,0.208,1212.0,0.0156,4439.0,0.67,0.7,Kepler-1351 b,0,0.28038958,0,0,1308.0165,Subterran
Kepler-1217 b,1.99,4.62,1542.0,0.0326,5905.0,1.08,1.06,Kepler-1217 b,0,0.25631313,0,0,1673.2727,Superterran
Kepler-1218 b,1.44,2.67,684.0,0.15698,5986.0,1.1,1.06,Kepler-1218 b,0,0.29608694,0,0,896.51415,Terran
Kepler-1261 b,2.26,5.73,396.0,0.239,5006.0,0.77,0.82,Kepler-1261 b,0,0.44690761,0,0,435.48838,Superterran
Kepler-1263 b,1.14,1.55,907.0,0.0499,5213.0,0.8,0.84,Kepler-1263 b,0,0.30043861,0,0,1014.7878,Terran
Kepler-1303 b,1.42,2.6,891.0,0.0751,5771.0,1.0,1.01,Kepler-1303 b,0,0.29017208,0,0,1048.5896,Terran
Kepler-1305 b,1.88,4.19,733.0,0.1109,5701.0,0.96,0.97,Kepler-1305 b,0,0.27417976,0,0,906.69193,Superterran
Kepler-1219 b,2.12,5.14,1159.0,0.14146,5944.0,1.94,1.25,Kepler-1219 b,0,0.25187874,0,0,1301.9293,Superterran
Kepler-1220 b,1.52,2.92,899.0,0.0734,5842.0,0.99,1.0,Kepler-1220 b,0,0.28500328,0,0,1077.2773,Terran
Kepler-1264 b,1.18,1.76,1677.0,0.01839,5791.0,0.98,0.99,Kepler-1264 b,0,0.29107028,0,0,2016.7814,Terran
Kepler-1265 b,1.35,2.39,732.0,0.0612,4630.0,0.69,0.71,Kepler-1265 b,0,0.31085675,0,0,777.23046,Terran
Kepler-1223 b,1.22,1.98,557.0,0.1186,4870.0,0.75,0.8,Kepler-1223 b,0,0.3549864,0,0,611.83339,Terran
Kepler-1224 b,1.33,2.33,872.0,0.11625,6155.0,1.22,1.18,Kepler-1224 b,0,0.29544816,0,0,997.72891,Terran
Kepler-1268 b,2.03,4.78,627.0,0.2383,5904.0,1.09,1.06,Kepler-1268 b,0,0.28656171,0,0,718.80899,Superterran
Kepler-1309 b,2.37,6.21,491.0,0.1679,5235.0,0.8,0.85,Kepler-1309 b,0,0.36739767,0,0,496.19247,Superterran
Kepler-1358 b,1.12,1.46,827.0,0.0656,5181.0,0.79,0.82,Kepler-1358 b,0,0.30731392,0,0,885.57144,Terran
Kepler-1225 b,1.82,3.97,1453.0,0.0771,6140.0,1.19,1.13,Kepler-1225 b,0,0.26734431,0,0,1255.0133,Superterran
Kepler-1363 b,1.25,2.1,988.0,0.0363,4839.0,0.72,0.76,Kepler-1363 b,0,0.29632611,0,0,1053.1063,Terran
Kepler-1227 b,2.29,5.86,369.0,0.38555,5747.0,0.95,0.97,Kepler-1227 b,0,0.4862259,0,0,410.63665,Superterran
Kepler-1228 b,1.54,2.99,1757.0,0.01186,5063.0,0.74,0.78,Kepler-1228 b,0,0.27786521,0,0,1869.4787,Terran
Kepler-1364 b,2.15,5.27,1299.0,0.1284,6805.0,1.79,1.49,Kepler-1364 b,0,0.25076931,0,0,1266.6103,Superterran
Kepler-1366 b,1.43,2.63,783.0,0.0273,4070.0,0.6,0.62,Kepler-1366 b,0,0.29211366,0,0,981.39581,Terran
Kepler-1231 b,1.42,2.6,870.0,0.0914,5778.0,1.0,1.01,Kepler-1231 b,0,0.29327341,0,0,964.27837,Terran
Kepler-523 b,1.96,4.5,884.0,0.06159,5515.0,0.86,0.93,Kepler-523 b,0,0.26597557,0,0,994.69334,Superterran
Kepler-1274 b,1.42,2.6,1384.0,0.08161,6179.0,2.17,1.45,Kepler-1274 b,0,0.28376262,0,0,1604.1981,Terran
Kepler-1367 b,0.92,0.721,998.0,0.0236,4106.0,0.6,0.62,Kepler-1367 b,0,0.29857504,0,0,1112.2938,Terran
Kepler-1235 b,0.79,0.418,985.0,0.04836,5541.0,0.9,0.93,Kepler-1235 b,0,0.29287642,0,0,1186.8198,Subterran
Kepler-1424 b,1.16,1.65,629.0,0.19068,5838.0,1.07,1.02,Kepler-1424 b,0,0.31664746,0,0,779.47526,Terran
Kepler-1426 b,1.56,3.05,797.0,0.1187,5831.0,1.02,1.02,Kepler-1426 b,0,0.2938901,0,0,852.02073,Terran
Kepler-556 b,2.24,5.65,766.0,0.09833,5740.0,0.98,1.0,Kepler-556 b,0,0.25667729,0,0,897.15834,Superterran
Kepler-1586 b,1.52,2.92,1013.0,0.12208,6681.0,1.75,1.45,Kepler-1586 b,0,0.2924036,0,0,898.37709,Terran
Kepler-770 d,1.4,2.54,1941.0,0.0616,5598.0,0.92,0.94,Kepler-770 d,0,0.28779795,0,0,1195.7356,Terran
Kepler-783 b,0.78,0.399,991.0,0.04958,5521.0,0.89,0.93,Kepler-783 b,0,0.29324849,0,0,1136.671,Subterran
Kepler-1427 b,1.1,1.37,1844.0,0.0197,5793.0,1.01,1.01,Kepler-1427 b,0,0.29262017,0,0,2068.6757,Terran
Kepler-1428 b,1.64,3.33,1049.0,0.11051,6184.0,1.36,1.28,Kepler-1428 b,0,0.27416284,0,0,1522.2204,Superterran
Kepler-1165 b,1.55,3.02,946.0,0.0914,6080.0,1.18,1.13,Kepler-1165 b,0,0.27986469,0,0,1307.5323,Terran
Kepler-1553 b,1.15,1.6,926.0,0.0481,5288.0,0.81,0.85,Kepler-1553 b,0,0.29824665,0,0,1079.824,Terran
Kepler-1588 b,0.76,0.363,925.0,0.07419,5817.0,0.99,0.96,Kepler-1588 b,0,0.2898751,0,0,1283.6813,Subterran
Kepler-1589 b,1.09,1.32,2102.0,0.0205,6166.0,1.25,1.18,Kepler-1589 b,0,0.29251624,0,0,2428.279,Terran
Kepler-1432 b,2.22,5.56,709.0,0.1696,6031.0,1.13,1.09,Kepler-1432 b,0,0.25721529,0,0,904.61253,Superterran
Kepler-1556 b,1.96,4.5,797.0,0.0829,5608.0,0.95,0.97,Kepler-1556 b,0,0.27217092,0,0,874.77881,Superterran
Kepler-1590 b,1.14,1.55,1020.0,0.07116,6053.0,1.16,1.11,Kepler-1590 b,0,0.29861904,0,0,1073.6602,Terran
Kepler-398 d,0.88,0.615,636.0,0.0618,4557.0,0.67,0.72,Kepler-398 d,0,0.32549199,0,0,725.57328,Terran
Kepler-1321 c,2.4,6.35,697.0,0.0267,4094.0,0.53,0.54,Kepler-1321 c,0,0.24203868,0,0,1071.9386,Superterran
Kepler-1433 b,1.56,3.05,1226.0,0.0516,6097.0,1.19,1.14,Kepler-1433 b,0,0.27825244,0,0,1459.9927,Terran
Kepler-1557 b,1.53,2.96,1287.0,0.049,6099.0,1.17,1.11,Kepler-1557 b,0,0.28006638,0,0,1391.8021,Terran
Kepler-1178 b,1.07,1.24,378.0,0.1596,4990.0,0.75,0.8,Kepler-1178 b,0,0.35748142,0,0,613.98686,Terran
Kepler-1592 b,1.54,2.99,1202.0,0.04,6213.0,1.28,1.18,Kepler-1592 b,0,0.27777824,0,0,1925.9523,Terran
Kepler-1365 c,0.8,0.437,1137.0,0.05701,5770.0,1.05,1.0,Kepler-1365 c,0,0.29010907,0,0,1573.9005,Subterran
Kepler-1370 c,1.27,2.15,1075.0,0.08084,6202.0,1.29,1.19,Kepler-1370 c,0,0.29078074,0,0,1352.1592,Terran
Kepler-1336 c,1.71,3.57,1260.0,0.06272,5512.0,1.3,0.94,Kepler-1336 c,0,0.27109083,0,0,1459.3546,Superterran
Kepler-1558 b,0.68,0.244,1019.0,0.04278,5101.0,0.79,0.83,Kepler-1558 b,0,0.2875055,0,0,1066.1505,Subterran
Kepler-1594 b,1.06,1.2,1360.0,0.0396,5946.0,1.08,1.06,Kepler-1594 b,0,0.29480666,0,0,1445.6992,Terran
Kepler-1595 b,1.23,2.04,980.0,0.051,5203.0,0.8,0.84,Kepler-1595 b,0,0.29753162,0,0,1033.6903,Terran
Kepler-1388 c,2.26,5.73,566.0,0.0519,4098.0,0.61,0.63,Kepler-1388 c,0,0.28565775,0,0,667.71609,Superterran
Kepler-1439 b,1.46,2.73,420.0,0.0594,3578.0,0.43,0.46,Kepler-1439 b,0,0.43269579,0,0,485.32459,Terran
Kepler-1438 b,0.94,0.779,1490.0,0.0346,5530.0,0.96,0.97,Kepler-1438 b,0,0.29382883,0,0,1660.1123,Terran
Kepler-1440 b,1.26,2.13,597.0,0.23431,5698.0,0.96,0.98,Kepler-1440 b,0,0.3180686,0,0,749.51493,Terran
Kepler-1596 b,1.9,4.27,471.0,0.3237,5706.0,0.92,0.95,Kepler-1596 b,0,0.30994494,0,0,648.04352,Superterran
Kepler-1393 b,0.8,0.437,1249.0,0.0337,5697.0,0.92,0.95,Kepler-1393 b,0,0.28966833,0,0,1709.4664,Subterran
Kepler-1394 b,1.39,2.51,1947.0,0.05474,6481.0,2.55,1.64,Kepler-1394 b,0,0.28420479,0,0,1947.7312,Terran
Kepler-1441 b,1.31,2.27,682.0,0.2346,5802.0,1.0,1.0,Kepler-1441 b,0,0.32211136,0,0,716.1624,Terran
Kepler-1563 b,0.75,0.347,1134.0,0.0442,5765.0,0.99,1.0,Kepler-1563 b,0,0.28850741,0,0,1360.5496,Subterran
Kepler-1564 b,1.47,2.76,635.0,0.1327,5528.0,0.9,0.93,Kepler-1564 b,0,0.31277793,0,0,730.7016,Terran
Kepler-1603 b,1.29,2.21,1522.0,0.0351,6241.0,1.31,1.21,Kepler-1603 b,0,0.28758589,0,0,2305.5363,Terran
Kepler-1395 b,0.8,0.437,1311.0,0.04974,6138.0,1.23,1.17,Kepler-1395 b,0,0.29035201,0,0,1518.1408,Subterran
Kepler-1565 b,1.19,1.81,1234.0,0.0241,4940.0,0.73,0.76,Kepler-1565 b,0,0.29322924,0,0,1339.4207,Terran
Kepler-1598 b,0.95,0.809,1236.0,0.05207,5940.0,1.09,1.07,Kepler-1598 b,0,0.2969431,0,0,1225.3784,Terran
Kepler-1599 b,1.62,3.26,407.0,0.4823,5767.0,0.99,0.99,Kepler-1599 b,0,0.43419737,0,0,475.9013,Superterran
Kepler-1399 b,1.25,2.1,1610.0,0.0276,5735.0,0.96,0.97,Kepler-1399 b,0,0.28958731,0,0,1741.6905,Terran
Kepler-605 c,0.86,0.566,1278.0,0.03336,5462.0,0.88,0.91,Kepler-605 c,0,0.2936062,0,0,1372.9937,Terran
Kepler-1569 b,1.68,3.46,1222.0,0.06669,6319.0,1.4,1.25,Kepler-1569 b,0,0.27319189,0,0,1364.227,Superterran
Kepler-1597 b,1.06,1.2,1497.0,0.04136,6377.0,1.39,1.25,Kepler-1597 b,0,0.29354155,0,0,1787.3581,Terran
Kepler-1402 b,0.76,0.363,1789.0,0.0322,5416.0,0.87,0.9,Kepler-1402 b,0,0.28686685,0,0,2074.902,Subterran
Kepler-1571 b,1.52,2.92,1476.0,0.04287,6297.0,1.39,1.23,Kepler-1571 b,0,0.2796474,0,0,1547.6888,Terran
Kepler-1389 b,1.77,3.78,300.0,0.38249,5078.0,0.74,0.81,Kepler-1389 b,0,0.69876202,0,0,340.11529,Superterran
Kepler-1406 b,1.1,1.37,854.0,0.0987,5892.0,1.12,1.05,Kepler-1406 b,0,0.3021049,0,0,989.73048,Terran
Kepler-625 c,1.05,1.16,1048.0,0.05379,5789.0,0.96,1.04,Kepler-625 c,0,0.29411405,0,0,1612.4775,Terran
Kepler-217 d,1.32,2.3,1574.0,0.0534,6341.0,1.76,1.37,Kepler-217 d,0,0.28682781,0,0,1975.9677,Terran
Kepler-1573 b,1.2,1.87,1379.0,0.0364,5808.0,1.0,1.01,Kepler-1573 b,0,0.2912407,0,0,1661.9763,Terran
Kepler-1574 b,1.29,2.21,1003.0,0.0743,5892.0,1.08,1.06,Kepler-1574 b,0,0.29263274,0,0,1154.5988,Terran
Kepler-758 d,2.12,5.14,843.0,0.1527,6228.0,1.42,1.16,Kepler-758 d,0,0.2562883,0,0,1045.7822,Superterran
Kepler-1407 b,2.25,5.69,826.0,0.1502,6010.0,1.15,1.1,Kepler-1407 b,0,0.25813525,0,0,867.64198,Superterran
Kepler-653 c,0.78,0.399,2078.0,0.01855,5665.0,1.19,1.02,Kepler-653 c,0,0.28788196,0,0,2259.0147,Subterran
Kepler-1541 b,1.16,1.65,1048.0,0.07555,5282.0,0.81,0.86,Kepler-1541 b,0,0.30935911,0,0,848.39872,Terran
Kepler-1245 c,1.44,2.67,1190.0,0.0372,5306.0,0.83,0.86,Kepler-1245 c,0,0.28643207,0,0,1177.3458,Terran
Kepler-1050 c,1.48,2.79,935.0,0.15264,6010.0,1.13,1.09,Kepler-1050 c,0,0.31091646,0,0,739.00963,Terran
Kepler-534 b,2.24,5.65,721.0,0.1272,5884.0,0.98,1.05,Kepler-534 b,0,0.25791434,0,0,877.87355,Superterran
Kepler-1412 b,0.83,0.498,1397.0,0.04608,5880.0,1.27,1.06,Kepler-1412 b,0,0.29108657,0,0,1670.4176,Terran
Kepler-1413 b,1.82,3.97,661.0,0.1066,5196.0,0.8,0.84,Kepler-1413 b,0,0.30045745,0,0,703.55316,Superterran
Kepler-1542 b,0.76,0.363,1160.0,0.04765,5564.0,0.99,0.94,Kepler-1542 b,0,0.28908018,0,0,1368.5408,Subterran
Kepler-1414 b,1.23,2.04,1033.0,0.0426,4951.0,0.75,0.8,Kepler-1414 b,0,0.29653356,0,0,1067.1383,Terran
Kepler-1415 b,1.29,2.21,1846.0,0.01416,5267.0,0.84,0.89,Kepler-1415 b,0,0.28782206,0,0,2020.6648,Terran
Kepler-1254 d,1.31,2.27,794.0,0.0575,4985.0,0.75,0.78,Kepler-1254 d,0,0.30363689,0,0,863.16058,Terran
Kepler-245 e,1.75,1806.36,998.0,0.04053,5174.0,0.8,0.86,Kepler-245 e,0,0.27247765,0,0,1145.2374,Superterran
Kepler-1417 b,1.0,0.972,695.0,0.14062,5839.0,1.02,1.02,Kepler-1417 b,0,0.30446041,0,0,954.67534,Terran
Kepler-1418 b,1.66,3.39,419.0,0.131,4770.0,0.72,0.77,Kepler-1418 b,0,0.36190761,0,0,557.55777,Superterran
Kepler-1579 b,0.84,0.52,1139.0,0.014,4584.0,0.7,0.75,Kepler-1579 b,0,0.29262588,0,0,1415.3424,Terran
Kepler-1154 c,2.36,6.17,1117.0,0.0875,6327.0,1.43,1.26,Kepler-1154 c,0,0.2406996,0,0,1261.5995,Superterran
Kepler-1583 b,0.6,0.156,788.0,0.08307,5645.0,0.91,0.94,Kepler-1583 b,0,0.28138132,0,0,976.59851,Subterran
Kepler-1582 b,1.49,2.83,354.0,0.0316,3208.0,0.3,0.28,Kepler-1582 b,0,0.54879252,0,0,409.10236,Terran
Kepler-1584 b,1.61,3.22,886.0,0.1168,6069.0,1.13,1.1,Kepler-1584 b,0,0.28426989,0,0,973.20448,Superterran
Kepler-633 b,1.63,3.29,1021.0,0.08185,5899.0,1.15,1.02,Kepler-633 b,0,0.27917836,0,0,1104.9604,Superterran
Kepler-1511 b,1.68,3.46,903.0,0.1753,6064.0,1.29,1.17,Kepler-1511 b,0,0.27657468,0,0,1113.101,Superterran
Kepler-1525 b,0.91,0.693,1343.0,0.03557,5748.0,1.04,1.07,Kepler-1525 b,0,0.29398391,0,0,1506.6913,Terran
Kepler-1617 b,1.2,1.87,736.0,0.17707,6167.0,1.22,1.15,Kepler-1617 b,0,0.31070689,0,0,822.87948,Terran
Kepler-1470 b,1.07,1.24,574.0,0.116,4961.0,0.76,0.8,Kepler-1470 b,0,0.34841669,0,0,638.55238,Terran
Kepler-132 e,1.18,1.76,414.0,0.43927,6023.0,1.1,1.03,Kepler-132 e,0,0.43991948,0,0,490.11153,Terran
Kepler-1618 b,1.26,2.13,1267.0,0.07109,6620.0,1.65,1.41,Kepler-1618 b,0,0.28965758,0,0,1610.7316,Terran
Kepler-1472 b,1.9,4.27,613.0,0.2322,6159.0,1.25,1.16,Kepler-1472 b,0,0.2867047,0,0,760.3165,Superterran
Kepler-622 b,2.13,5.18,446.0,0.0978,4201.0,0.61,0.64,Kepler-622 b,0,0.33405838,0,0,560.08778,Superterran
Kepler-154 e,1.5,2.86,1140.0,0.04766,5769.0,0.98,0.98,Kepler-154 e,0,0.28172292,0,0,1352.4667,Terran
Kepler-1529 b,2.1,5.06,817.0,0.0525,5048.0,0.77,0.81,Kepler-1529 b,0,0.26173831,0,0,930.77748,Superterran
Kepler-1090 b,2.25,5.69,297.0,0.63323,5321.0,0.82,0.86,Kepler-1090 b,0,0.66507003,0,0,331.55871,Superterran
Kepler-1619 b,0.76,0.363,797.0,0.15413,5852.0,1.0,1.0,Kepler-1619 b,0,0.30330498,0,0,864.72447,Subterran
Kepler-1477 b,1.18,1.76,674.0,0.0911,5100.0,0.78,0.81,Kepler-1477 b,0,0.30861761,0,0,851.46408,Terran
Kepler-598 b,1.5,2.86,1050.0,0.04487,5307.0,0.86,0.87,Kepler-598 b,0,0.28369131,0,0,1184.9185,Terran
Kepler-1530 b,1.64,3.33,1484.0,0.03553,5477.0,0.88,0.92,Kepler-1530 b,0,0.27627156,0,0,1248.7876,Superterran
Kepler-1530 c,1.65,3.36,1167.0,0.05744,5477.0,0.88,0.92,Kepler-1530 c,0,0.28197341,0,0,981.97379,Superterran
Kepler-1622 b,1.47,2.76,922.0,0.10136,6436.0,1.5,1.31,Kepler-1622 b,0,0.28599578,0,0,1131.0514,Terran
Kepler-1479 b,1.83,4.01,746.0,0.11341,5796.0,0.98,0.99,Kepler-1479 b,0,0.27633997,0,0,913.11718,Superterran
Kepler-1480 b,1.67,3.43,721.0,0.1525,5156.0,0.81,0.85,Kepler-1480 b,0,0.3548187,0,0,568.90611,Superterran
Kepler-969 c,0.99,0.937,1270.0,0.0265,5214.0,0.82,0.92,Kepler-969 c,0,0.29544207,0,0,1394.4119,Terran
Kepler-990 c,1.53,2.96,2386.0,0.01232,5948.0,1.08,1.05,Kepler-990 c,0,0.27779477,0,0,2480.4111,Terran
Kepler-1093 c,1.96,4.5,508.0,0.41037,6166.0,1.2,1.13,Kepler-1093 c,0,0.32497613,0,0,597.27923,Superterran
Kepler-1531 b,1.11,1.41,2537.0,0.02204,6260.0,1.27,1.16,Kepler-1531 b,0,0.29227235,0,0,2310.5437,Terran
Kepler-1623 b,1.31,2.27,1000.0,0.0518,5772.0,1.0,1.0,Kepler-1623 b,0,0.29212031,0,0,1144.8818,Terran
Kepler-1481 b,1.23,2.04,797.0,0.059,4908.0,0.75,0.8,Kepler-1481 b,0,0.30780844,0,0,844.79146,Terran
Kepler-1483 b,1.52,2.92,1131.0,0.0958,6337.0,1.4,1.25,Kepler-1483 b,0,0.28310702,0,0,1166.1187,Terran
Kepler-705 b,2.11,5.1,265.0,0.232,3722.0,0.51,0.53,Kepler-705 b,2,0.73073671,1,1,269.11105,Superterran
Kepler-632 b,2.21,5.52,500.0,0.1885,5322.0,0.84,0.91,Kepler-632 b,0,0.32965113,0,0,560.10551,Superterran
Kepler-1486 b,2.32,5.99,538.0,0.2846,5965.0,1.12,1.08,Kepler-1486 b,0,0.28869935,0,0,645.36896,Superterran
Kepler-342 e,0.88,0.615,1897.0,0.02909,6366.0,1.34,1.26,Kepler-342 e,0,0.29188104,0,0,2181.4322,Terran
Kepler-1409 b,1.04,1.12,1733.0,0.01553,5160.0,0.79,0.83,Kepler-1409 b,0,0.29362,0,0,1830.2218,Terran
Kepler-1444 b,2.18,5.39,581.0,0.20906,5810.0,1.05,1.03,Kepler-1444 b,0,0.29492493,0,0,648.69118,Superterran
Kepler-1516 b,1.75,3.71,967.0,0.0718,5904.0,1.07,1.04,Kepler-1516 b,0,0.26958128,0,0,1387.9164,Superterran
Kepler-1537 b,1.18,1.76,1800.0,0.0245,5079.0,0.77,0.81,Kepler-1537 b,0,0.29272399,0,0,1440.7628,Terran
Kepler-1488 b,1.86,4.12,650.0,0.24153,5820.0,1.31,1.05,Kepler-1488 b,0,0.27965379,0,0,843.7862,Superterran
Kepler-1448 b,1.61,3.22,811.0,0.1058,5774.0,0.93,0.95,Kepler-1448 b,0,0.29166057,0,0,850.02693,Superterran
Kepler-1493 b,1.41,2.57,874.0,0.1197,5863.0,1.29,1.06,Kepler-1493 b,0,0.29390001,0,0,959.68442,Terran
Kepler-1450 b,1.71,3.57,308.0,0.2401,4524.0,0.68,0.71,Kepler-1450 b,0,0.60405196,0,0,377.33704,Superterran
Kepler-1607 b,0.92,0.721,913.0,0.11978,6116.0,1.21,1.14,Kepler-1607 b,0,0.29546369,0,0,1319.6881,Terran
Kepler-1496 b,2.22,5.56,535.0,0.3211,6182.0,1.27,1.18,Kepler-1496 b,0,0.30782529,0,0,604.79107,Superterran
Kepler-1065 c,1.6,3.19,1256.0,0.0344,5635.0,0.93,0.94,Kepler-1065 c,0,0.27643563,0,0,1450.9295,Terran
Kepler-1067 b,0.8,0.437,1872.0,0.0164,5592.0,0.93,0.95,Kepler-1067 b,0,0.28905904,0,0,2076.9116,Subterran
Kepler-578 b,2.0,4.66,1774.0,0.0266,5334.0,0.83,0.87,Kepler-578 b,0,0.25670306,0,0,1452.8966,Superterran
Kepler-1460 b,1.96,4.5,391.0,0.1614,4422.0,0.67,0.7,Kepler-1460 b,0,0.45947466,0,0,440.52824,Superterran
Kepler-1498 b,1.33,2.33,564.0,0.2528,5256.0,0.81,0.86,Kepler-1498 b,0,0.40550892,0,0,520.04028,Terran
Kepler-1073 c,1.64,3.33,1169.0,0.0483,5792.0,1.0,1.0,Kepler-1073 c,0,0.27568447,0,0,1301.5233,Superterran
Kepler-1611 b,0.81,0.457,1243.0,0.0586,5605.0,0.93,0.94,Kepler-1611 b,0,0.29524508,0,0,1113.5936,Terran
Kepler-624 b,2.31,5.95,852.0,0.11638,6117.0,1.18,1.1,Kepler-624 b,0,0.24869723,0,0,993.6003,Superterran
Kepler-1500 b,1.2,1.87,928.0,0.1236,5845.0,1.0,1.0,Kepler-1500 b,0,0.30130725,0,0,958.66371,Terran
Kepler-1522 b,1.73,3.64,1374.0,0.0288,5706.0,0.93,0.96,Kepler-1522 b,0,0.26896596,0,0,1787.431,Superterran
Kepler-625 b,1.99,4.62,852.0,0.08137,5789.0,0.96,1.04,Kepler-625 b,0,0.25824239,0,0,1311.4294,Superterran
Kepler-1612 b,1.03,1.08,1030.0,0.0482,5643.0,0.94,0.96,Kepler-1612 b,0,0.29786273,0,0,1175.9856,Terran
Kepler-1464 b,1.66,3.39,564.0,0.20066,5828.0,1.01,1.02,Kepler-1464 b,0,0.28782086,0,0,867.81601,Superterran
Kepler-1464 c,1.0,0.972,1023.0,0.06101,5828.0,1.01,1.02,Kepler-1464 c,0,0.29446936,0,0,1574.1106,Terran
Kepler-1504 b,2.13,5.18,485.0,0.3704,5393.0,0.81,0.85,Kepler-1504 b,0,0.30724283,0,0,618.85661,Superterran
Kepler-1505 b,0.93,0.749,525.0,0.18298,5686.0,0.86,0.93,Kepler-1505 b,0,0.32636108,0,0,726.41647,Terran
Kepler-1523 b,1.58,3.12,1676.0,0.01867,5708.0,0.96,0.97,Kepler-1523 b,0,0.2758385,0,0,1997.9732,Terran
Kepler-1613 b,2.08,4.98,1926.0,0.02755,6005.0,1.12,1.08,Kepler-1613 b,0,0.25089603,0,0,2556.3691,Superterran
Kepler-1614 b,1.49,2.83,981.0,0.0471,5121.0,0.76,0.79,Kepler-1614 b,0,0.2850525,0,0,1134.1358,Terran
Kepler-1468 b,1.73,3.64,1093.0,0.0817,5893.0,1.05,1.04,Kepler-1468 b,0,0.27072925,0,0,1366.358,Superterran
Kepler-1507 b,0.84,0.52,630.0,0.11946,5410.0,0.85,0.89,Kepler-1507 b,0,0.33404524,0,0,679.6228,Terran
Kepler-1509 b,1.85,4.08,667.0,0.1707,5780.0,0.99,1.0,Kepler-1509 b,0,0.27767549,0,0,876.11025,Superterran
Kepler-1616 b,1.02,1.04,1337.0,0.07318,6266.0,1.34,1.21,Kepler-1616 b,0,0.29474085,0,0,1505.6818,Terran
Kepler-1645 b,1.78,3.82,754.0,0.1285,5812.0,1.02,1.02,Kepler-1645 b,0,0.27587571,0,0,973.80939,Superterran
Kepler-594 b,2.18,5.39,678.0,0.1089,5485.0,0.87,0.91,Kepler-594 b,0,0.26980328,0,0,780.1203,Superterran
Kepler-674 b,1.69,3.5,822.0,0.028,4192.0,0.57,0.6,Kepler-674 b,0,0.27861328,0,0,1019.9914,Superterran
Kepler-1388 e,2.46,6.62,299.0,0.1861,4098.0,0.61,0.63,Kepler-1388 e,0,0.59565828,0,0,352.61626,Superterran
Kepler-675 b,2.44,6.53,1070.0,0.0325,4945.0,0.75,0.79,Kepler-675 b,0,0.23785047,0,0,1191.8836,Superterran
Kepler-1630 b,2.19,5.43,182.0,1.1218,4736.0,0.63,0.66,Kepler-1630 b,0,0.44188749,0,0,187.26982,Superterran
Kepler-1482 b,1.01,1.01,678.0,0.09968,5381.0,0.84,0.88,Kepler-1482 b,0,0.31033882,0,0,860.456,Terran
Kepler-587 b,2.23,5.6,764.0,0.0952,5549.0,0.89,0.92,Kepler-587 b,0,0.26371753,0,0,813.03089,Superterran
Kepler-658 b,1.63,3.29,871.0,0.0188,4103.0,0.6,0.63,Kepler-658 b,0,0.27672979,0,0,1250.5371,Superterran
Kepler-680 b,2.42,6.44,1147.0,0.0469,5890.0,1.11,1.08,Kepler-680 b,0,0.23618701,0,0,1487.9526,Superterran
Kepler-1633 b,1.58,3.12,925.0,0.3875,6256.0,1.32,1.2,Kepler-1633 b,0,0.32044485,0,0,670.33156,Terran
Kepler-605 b,1.44,2.67,1133.0,0.04244,5462.0,0.88,0.91,Kepler-605 b,0,0.2858201,0,0,1217.0289,Terran
Kepler-589 b,2.27,5.77,656.0,0.1196,5296.0,0.83,0.88,Kepler-589 b,0,0.28189519,0,0,681.25536,Superterran
Kepler-1185 b,1.33,2.33,355.0,0.4297,5622.0,0.87,0.96,Kepler-1185 b,0,0.40875936,0,0,516.22953,Terran
Kepler-496 b,2.32,5.99,747.0,0.0747,5293.0,0.82,0.86,Kepler-496 b,0,0.2578533,0,0,828.44794,Superterran
Kepler-566 b,2.15,5.27,526.0,0.1247,5132.0,0.79,0.83,Kepler-566 b,0,0.31245259,0,0,602.54889,Superterran
Kepler-574 b,2.39,6.3,858.0,0.0723,5612.0,0.91,0.95,Kepler-574 b,0,0.24684732,0,0,945.92428,Superterran
Kepler-611 b,1.65,3.36,1513.0,0.0351,5761.0,1.01,1.01,Kepler-611 b,0,0.27263297,0,0,1914.3527,Superterran
Kepler-662 b,2.18,5.39,530.0,0.1408,4897.0,0.74,0.79,Kepler-662 b,0,0.30255344,0,0,624.63195,Superterran
Kepler-1638 b,1.87,4.16,304.0,0.745,5710.0,0.95,0.97,Kepler-1638 b,2,0.75706411,0,1,312.13853,Superterran
HIP 97166 c,2.75,8.0,642.0,0.124,5216.0,0.8418,0.9342,HIP 97166 c,0,0.24338501,0,0,672.5727,Superterran
TOI-1444 b,1.41792246,3.58,2130.02,0.0116,5460.0,0.9105,0.9513,TOI-1444 b,0,0.28353065,0,0,2438.6043,Terran
Kepler-601 b,1.9,4.27,833.0,0.05494,5160.0,0.79,0.85,Kepler-601 b,0,0.27086898,0,0,950.23606,Superterran
Kepler-645 b,2.1,5.06,1730.0,0.04541,6170.0,1.21,1.13,Kepler-645 b,0,0.25082831,0,0,1684.913,Superterran
Kepler-1454 b,1.88,4.19,492.0,0.2447,5448.0,0.86,0.9,Kepler-1454 b,0,0.39080803,0,0,502.17899,Superterran
Kepler-646 b,1.99,4.62,632.0,0.11251,5634.0,0.91,0.93,Kepler-646 b,0,0.28649051,0,0,731.16519,Superterran
Kepler-602 b,2.09,5.02,852.0,0.1224,6062.0,1.13,1.08,Kepler-602 b,0,0.25954754,0,0,992.05286,Superterran
Kepler-568 b,2.26,5.73,429.0,0.0794,3768.0,0.53,0.55,Kepler-568 b,0,0.39555291,0,0,474.80498,Superterran
Kepler-615 b,1.74,3.68,620.0,0.085,4655.0,0.69,0.73,Kepler-615 b,0,0.31462419,0,0,661.40284,Superterran
Kepler-592 b,2.39,6.3,1367.0,0.0397,5913.0,1.04,1.04,Kepler-592 b,0,0.23710583,0,0,1606.1284,Superterran
Kepler-652 b,2.49,6.76,974.0,0.04958,5490.0,0.88,0.97,Kepler-652 b,0,0.23724053,0,0,1098.0991,Superterran
Kepler-737 b,1.96,4.5,298.0,0.1422,3813.0,0.48,0.51,Kepler-737 b,0,0.62247318,0,0,360.7661,Superterran
Kepler-558 b,2.37,6.21,498.0,0.1759,5242.0,0.81,0.85,Kepler-558 b,0,0.32697042,0,0,549.91125,Superterran
Kepler-1646 b,1.23,2.04,365.0,0.0295,3299.0,0.26,0.24,Kepler-1646 b,0,0.35919284,0,0,601.19383,Terran
Kepler-710 b,1.88,4.19,1174.0,0.0524,5611.0,0.91,0.94,Kepler-710 b,0,0.26263463,0,0,1463.8948,Superterran
K2-5 b,1.91,4.31,565.0,0.0532,3930.0,0.57,0.61,K2-5 b,0,0.30369936,0,0,668.68211,Superterran
K2-5 c,2.26,5.73,456.0,0.0818,3930.0,0.57,0.61,K2-5 c,0,0.33965585,0,0,539.26082,Superterran
K2-16 b,2.02,4.74,658.0,0.0667,4742.0,0.66,0.68,K2-16 b,0,0.2870812,0,0,718.80751,Superterran
Kepler-80 d,1.53,6.75,722.0,0.0372,4540.0,0.678,0.73,Kepler-80 d,0,0.2887284,0,0,957.53366,Terran
K2-46 b,2.05,4.86,889.0,0.13821,6256.0,1.29,0.96,K2-46 b,0,0.26195327,0,0,981.53499,Superterran
HD 15337 b,1.77,6.519,1001.0,0.05245,5131.0,0.855,0.829,HD 15337 b,0,0.28026515,0,0,1043.2057,Superterran
Kepler-1652 b,1.6,3.19,268.0,0.1654,3638.0,0.382,0.404,Kepler-1652 b,1,0.82580569,1,1,275.52294,Terran
K2-21 b,1.84,4.04,500.0,0.076,4222.06,0.646783,0.676023,K2-21 b,0,0.34019629,0,0,577.7588,Superterran
K2-35 b,1.32,2.3,979.0,0.031,4402.71,0.619575,0.701968,K2-35 b,0,0.29462754,0,0,1028.0965,Terran
HD 260655 c,1.533,3.09,557.0,0.04749,3803.0,0.439,0.439,HD 260655 c,0,0.35806316,0,0,576.21588,Terran
TOI-270 b,1.28,1.48,600.0,0.03197,3506.0,0.38,0.386,TOI-270 b,0,0.36018559,0,0,600.51356,Terran
Kepler-1650 b,0.96,0.84,602.0,0.0167,3410.0,0.334,0.326,Kepler-1650 b,0,0.32144884,0,0,758.25376,Terran
Ross 128 b,1.11,1.4,301.0,0.0496,3192.0,0.1967,0.168,Ross 128 b,1,0.85772067,0,1,316.64171,Terran
K2-321 b,2.05124347,4.86,830.0,0.02839,3750.0,0.595,0.578,K2-321 b,0,0.29644022,0,0,690.2932,Superterran
GJ 486 b,1.289,2.77,696.3,0.01714,3317.0,0.3243,0.312,GJ 486 b,0,0.3206508,0,0,724.57454,Terran
K2-77 b,2.4996027,603.877,806.0,0.0753,5160.0,0.792,0.847,K2-77 b,0,0.26332034,0,0,781.59886,Superterran
HD 40307 g,2.56,7.1,255.0,0.6,4956.0,0.716684,0.77,HD 40307 g,2,0.6593528,1,1,255.71967,Superterran
K2-277 b,2.18575124,7.4,1049.0,0.0664,5680.0,0.973,0.974,K2-277 b,0,0.25799519,0,0,1074.6663,Superterran
K2-247 b,2.12,5.14,979.0,0.0304,4667.0,0.69,0.74,K2-247 b,0,0.25801486,0,0,993.09028,Superterran
K2-251 b,2.35,6.12,437.0,0.0694,3717.0,0.49,0.52,K2-251 b,0,0.36119101,0,0,504.36598,Superterran
K2-252 b,1.74,3.68,639.0,0.1041,5152.0,0.82,0.79,K2-252 b,0,0.30432215,0,0,705.01792,Superterran
K2-254 c,2.19,5.43,551.0,0.0923,4629.0,0.67,0.71,K2-254 c,0,0.31569836,0,0,589.96286,Superterran
K2-239 c,1.0,0.972,427.0,0.0576,3420.0,0.36,0.4,K2-239 c,0,0.53583521,0,0,426.29897,Terran
K2-257 b,0.83,0.498,789.0,0.0216,3725.0,0.5,0.52,K2-257 b,0,0.30546832,0,0,883.99263,Terran
K2-240 c,1.8,3.89,389.0,0.1159,3810.0,0.54,0.58,K2-240 c,0,0.53302868,0,0,405.40005,Superterran
K2-240 b,2.0,4.66,586.0,0.0513,3810.0,0.54,0.58,K2-240 b,0,0.31782103,0,0,609.35003,Superterran
TOI-2285 b,1.77,19.5,358.0,0.1363,3491.0,0.464,0.454,TOI-2285 b,0,0.74610595,0,0,318.91417,Superterran
K2-244 b,1.75,3.71,638.0,0.1418,5677.0,0.92,0.86,K2-244 b,0,0.30207537,0,0,713.81785,Superterran
K2-159 b,2.26,5.73,684.0,0.1013,5425.0,0.83,0.9,K2-159 b,0,0.268074,0,0,762.29101,Superterran
K2-166 b,2.19,5.43,1140.0,0.0858,5960.0,1.61,1.16,K2-166 b,0,0.24868301,0,0,1278.4445,Superterran
HR 858 c,1.979,3.8,1309.0,0.0687,6354.0,1.258,1.204,HR 858 c,0,0.2602318,0,0,1368.8509,Superterran
K2-224 c,2.41,6.39,764.0,0.0886,5620.0,0.84,0.91,K2-224 c,0,0.25242165,0,0,841.31505,Superterran
K2-263 b,2.513,15.4,482.0,0.2573,5368.0,0.85,0.88,K2-263 b,0,0.37128647,0,0,487.6309,Superterran
K2-230 b,1.96,4.5,1529.0,0.0409,5945.0,1.39,1.11,K2-230 b,0,0.25771751,0,0,1707.3158,Superterran
K2-229 c,2.03,7.0,750.0,0.0769,5315.0,0.79,0.87,K2-229 c,0,0.27224107,0,0,829.30131,Superterran
K2-259 b,2.32,5.99,795.0,0.1271,6059.0,1.13,1.14,K2-259 b,0,0.25332733,0,0,888.38813,Superterran
K2-269 b,1.57,3.09,1429.0,0.0531,6209.0,1.45,1.16,K2-269 b,0,0.2770343,0,0,1634.4749,Terran
EPIC 229004835 b,2.332,10.4,804.0,0.1237,5868.0,0.999,0.97,EPIC 229004835 b,0,0.25645062,0,0,829.43836,Superterran
K2-286 b,2.1,5.06,347.0,0.1768,3926.0,0.62,0.64,K2-286 b,0,0.57551151,0,0,374.7006,Superterran
Kepler-21 b,1.639,7.5,2015.0,0.0434,6305.0,1.902,1.408,Kepler-21 b,0,0.27295833,0,0,2084.1581,Superterran
K2-279 b,1.21,1.92,879.0,0.067,5558.0,0.86,0.79,K2-279 b,0,0.29976742,0,0,987.72972,Terran
K2-264 b,2.231,5.61,496.0,0.05023,3660.0,0.473,0.496,K2-264 b,0,0.32457105,0,0,538.14438,Superterran
Kepler-730 c,1.56926,3.09,1607.0,0.03997,5620.0,1.411,1.047,Kepler-730 c,0,0.27703666,0,0,1648.3842,Terran
K2-270 b,1.38,2.48,1203.0,0.0247,4877.0,0.77,0.85,K2-270 b,0,0.28700926,0,0,1327.63,Terran
TOI-1201 b,2.415,6.28,703.0,0.0287,3476.0,0.508,0.512,TOI-1201 b,0,0.26542094,0,0,729.01182,Superterran
TOI-178 c,1.754,4.64,873.0,0.037,4316.0,0.662,0.647,TOI-178 c,0,0.28507703,0,0,901.72614,Superterran
TOI-178 e,2.301,3.48,600.0,0.0783,4316.0,0.662,0.647,TOI-178 e,0,0.30281171,0,0,619.86147,Superterran
KOI-1599.02,1.9,9.0,755.0,0.112293,5833.0,0.972,1.02,KOI-1599.02,0,0.27124191,0,0,942.42251,Superterran
K2-146 b,2.05,5.77,534.0,0.0248,3385.0,0.33,0.331,K2-146 b,0,0.30418824,0,0,638.62509,Superterran
GJ 3473 c,2.63,7.41,329.1,0.0876,3347.0,0.364,0.36,GJ 3473 c,0,0.60886327,0,0,340.15234,Superterran
TOI-1075 b,1.791,9.95,1323.0,0.01159,3875.0,0.581,0.604,TOI-1075 b,0,0.26758479,0,0,1383.1963,Superterran
TOI-178 b,1.2,0.96,1040.0,0.02607,4316.0,0.662,0.647,TOI-178 b,0,0.29835059,0,0,1074.2491,Terran
TOI-178 f,2.417,5.63,521.0,0.1039,4316.0,0.662,0.647,TOI-178 f,0,0.33893943,0,0,538.10589,Superterran
KOI-1599.01,1.9,4.6,660.0,0.14728,5833.0,0.972,1.02,KOI-1599.01,0,0.27947451,0,0,822.90237,Superterran
EPIC 249893012 b,1.95,8.75,1616.0,0.047,5430.0,1.71,1.05,EPIC 249893012 b,0,0.25843827,0,0,1628.4663,Superterran
GJ 9827 c,1.13,1.86,715.94,0.0395,4236.0,0.58,0.62,GJ 9827 c,0,0.3105048,0,0,841.17541,Terran
Kepler-160 b,1.715,3.59,1134.0,0.05511,5471.0,1.118,1.003,Kepler-160 b,0,0.27288613,0,0,1228.3166,Superterran
HD 23472 b,2.0,8.32,543.0,0.1162,4684.0,0.71,0.67,HD 23472 b,0,0.32631442,0,0,588.75086,Superterran
TOI-1670 b,2.06,41.31769291,1062.0,0.103,6170.0,1.316,1.21,TOI-1670 b,0,0.25620945,0,0,1101.5767,Superterran
Kepler-1649 b,1.017,1.03,307.0,0.0514,3240.0,0.2317,0.1977,Kepler-1649 b,0,0.771452,0,0,340.1684,Terran
Kepler-1649 c,1.06,1.2,234.0,0.0649,3240.0,0.2317,0.1977,Kepler-1649 c,1,0.9252979,0,1,302.7284,Terran
Kepler-29 c,2.34,4.5,715.0,0.10027,5378.0,0.732,0.761,Kepler-29 c,0,0.26803583,0,0,735.46286,Superterran
Kepler-51 b,7.1,2.1,543.0,0.2514,6018.0,0.94,1.04,Kepler-51 b,0,0.20282349,0,0,528.68798,Terran
Kepler-62 f,1.41,35.0,208.0,0.718,4925.0,0.64,0.69,Kepler-62 f,1,0.67871408,1,1,229.80702,Terran
Kepler-1679 b,2.0692036,4.93,813.0,0.0892,5501.0,0.873196,0.96,Kepler-1679 b,0,0.26787147,0,0,858.01147,Superterran
Kepler-1687 b,1.65623882,3.38,598.0,0.0532,4132.0,0.726119,0.65,Kepler-1687 b,0,0.29913405,0,0,760.71102,Superterran
Kepler-1688 b,1.26174569,2.13,772.0,0.0577,4632.11,0.746,0.814,Kepler-1688 b,0,0.30810374,0,0,830.49613,Terran
KOI-1831 d,1.13,2.23,475.0,0.19924,5233.0,0.835,0.901,KOI-1831 d,0,0.39271206,0,0,545.78249,Terran
Kepler-1001 c,1.57799279,3.11,804.0,0.08296,5376.0,0.836475,0.93,Kepler-1001 c,0,0.29359262,0,0,845.34868,Terran
Kepler-1701 b,2.22186207,5.57,273.0,0.5738,5146.0,0.840217,0.87,Kepler-1701 b,2,0.70536871,0,1,313.88569,Superterran
Kepler-1702 b,1.60190793,3.2,555.0,0.1275,5093.0,0.725742,0.85,Kepler-1702 b,0,0.3408124,0,0,605.57847,Superterran
Kepler-1698 b,1.07315686,1.25,1351.0,0.02065,4975.03,0.741698,0.822,Kepler-1698 b,0,0.29437205,0,0,1498.5716,Terran
Kepler-1697 b,1.25954761,2.12,630.0,0.2008,4681.53,0.772344,0.747,Kepler-1697 b,0,0.47752012,0,0,457.66075,Terran
Gl 686 b,2.46,6.624,379.0,0.091,3656.0,0.427,0.426,Gl 686 b,0,0.50294696,0,0,395.21819,Superterran
Kepler-62 b,1.31,9.0,750.0,0.0553,4925.0,0.64,0.69,Kepler-62 b,0,0.30667741,0,0,828.06219,Terran
HD 238090 b,2.52,6.89,469.6,0.0932,3933.0,0.57,0.578,HD 238090 b,0,0.36418513,0,0,482.1851,Superterran
GJ 414 A b,2.63,7.6,308.6,0.2324,4120.0,0.68,0.65,GJ 414 A b,0,0.56349752,0,0,345.92749,Superterran
KOI-3503 b,1.19,9.2,785.0,0.14247,6001.0,1.255,0.858,KOI-3503 b,0,0.30516906,0,0,894.23535,Terran
KOI-3503 c,1.21,10.36,686.0,0.18688,6001.0,1.255,0.858,KOI-3503 c,0,0.31500891,0,0,782.15924,Terran
TOI-238 b,1.559,3.37,1378.0,0.0212,5059.0,0.756,0.781,TOI-238 b,0,0.28487692,0,0,1504.2687,Terran
CD Cet b,1.82,3.95,464.0,0.0185,3130.0,0.175,0.161,CD Cet b,0,0.40416679,0,0,492.14112,Superterran
GJ 9689 b,3.07,9.65,453.04,0.1139,3836.0,0.57,0.59,GJ 9689 b,0,0.40454847,0,0,424.94028,Superterran
G 264-012 b,1.39,2.5,587.0,0.02279,3326.0,0.305,0.297,G 264-012 b,0,0.34826581,0,0,612.42563,Terran
TOI-715 b,1.55,3.02,234.0,0.083,3075.0,0.24,0.225,TOI-715 b,1,0.80676025,1,1,264.32393,Terran
K2-187 c,1.4,2.54,1173.0,0.0392,5438.0,0.83,0.966999,K2-187 c,0,0.28660716,0,0,1287.6045,Terran
K2-282 b,2.5,6.8,1057.0,0.0499,5499.0,1.0,0.94,K2-282 b,0,0.23597586,0,0,1137.9554,Superterran
K2-156 b,1.1,1.37,1347.0,0.0149,4460.0,0.62,0.66,K2-156 b,0,0.29424838,0,0,1454.8975,Terran
K2-187 b,1.2,1.87,1815.0,0.0164,5438.0,0.83,0.966999,K2-187 b,0,0.29059139,0,0,1990.6898,Terran
K2-223 c,1.5,2.86,1091.0,0.0549,5859.0,1.0,1.06,K2-223 c,0,0.2834049,0,0,1203.3428,Terran
K2-223 b,0.89,0.64,2271.0,0.0127,5859.0,1.0,1.06,K2-223 b,0,0.29194341,0,0,2501.9214,Terran
K2-137 b,0.64,158.915,1471.0,0.0058,3697.0,0.29,0.463,K2-137 b,0,0.27747224,0,0,1607.7241,Subterran
TOI-784 b,1.93,9.67,1256.0,0.038,5558.0,0.907,0.91,TOI-784 b,0,0.26113582,0,0,1322.9204,Superterran
TOI-1801 b,2.079,5.738,493.7,0.075,3863.0,0.547,0.556,TOI-1801 b,0,0.37428643,0,0,507.30935,Superterran
Kepler-1788 b,2.37850461,6.25,956.0,0.0343,4786.0,0.704,0.686,Kepler-1788 b,0,0.24253027,0,0,1092.7692,Superterran
Kepler-1861 b,2.20677414,5.5,617.0,0.24082,5855.0,1.373,1.161,Kepler-1861 b,0,0.28171098,0,0,696.78257,Superterran
Kepler-1712 b,2.28372556,5.83,391.0,0.0903,3732.0,0.509,0.515,Kepler-1712 b,0,0.38258046,0,0,485.65923,Superterran
Kepler-1862 b,2.203,5.49,645.0,0.1199,5644.0,0.806,0.9,Kepler-1862 b,0,0.27507888,0,0,734.1181,Superterran
Kepler-1865 b,1.57686072,3.11,1203.0,0.0344,5420.0,0.871,0.849,Kepler-1865 b,0,0.27885958,0,0,1283.5013,Terran
K2-122 b,1.16,1.65,769.0,0.0373,4009.0,0.59,0.63,K2-122 b,0,0.31480665,0,0,787.69806,Terran
K2-274 b,2.08,4.98,655.0,0.0964,5044.0,0.7,0.79,K2-274 b,0,0.2894244,0,0,691.25296,Superterran
Kepler-1765 b,2.49508857,6.78,855.0,0.0917,5692.0,1.064,0.946,Kepler-1765 b,0,0.24567604,0,0,878.49815,Superterran
Kepler-1766 b,2.27904508,5.81,406.0,0.4161,5868.0,1.042,0.915,Kepler-1766 b,0,0.3792457,0,0,489.27912,Superterran
Kepler-1761 b,1.39109603,2.51,613.0,0.0413,3871.0,0.532,0.573,Kepler-1761 b,0,0.31782276,0,0,721.85587,Terran
Kepler-1777 b,2.13189678,5.19,819.0,0.10301,5771.0,1.068,0.984,Kepler-1777 b,0,0.26318551,0,0,879.11601,Superterran
Kepler-1794 b,1.79426276,3.87,703.0,0.0821,5052.0,0.816,0.773,Kepler-1794 b,0,0.30125562,0,0,706.32397,Superterran
Kepler-1872 b,2.38421141,6.28,1005.0,0.0465,5223.0,0.885,0.913,Kepler-1872 b,0,0.24504406,0,0,997.00892,Superterran
HD 22496 b,2.22,5.57,573.0,0.051,4385.0,0.674,0.684,HD 22496 b,0,0.2930226,0,0,648.09763,Superterran
Kepler-1874 b,2.21110724,5.52,356.0,0.2633,4701.0,0.775,0.758,Kepler-1874 b,0,0.50777843,0,0,402.20743,Superterran
HD 137496 b,1.31,4.04,2130.0,0.02732,5799.0,1.59,1.04,HD 137496 b,0,0.28700461,0,0,2148.7465,Terran
Kepler-1824 b,2.38127597,6.26,421.0,0.4267,6002.0,1.081,1.135,Kepler-1824 b,0,0.3766322,0,0,485.9753,Superterran
Kepler-1825 b,1.42200732,2.61,1520.0,0.0187,5123.0,0.847,0.828,Kepler-1825 b,0,0.28389665,0,0,1548.8334,Terran
Kepler-1826 b,1.47519116,2.78,806.0,0.0213,3821.0,0.486,0.49,Kepler-1826 b,0,0.28828182,0,0,1033.3221,Terran
Kepler-1130 c,0.79239584,0.422,1072.0,0.04238,5450.0,0.842,0.944,Kepler-1130 c,0,0.29271682,0,0,1203.5608,Subterran
Kepler-1782 b,2.22927435,5.6,773.0,0.05825,4931.0,0.734,0.794,Kepler-1782 b,0,0.25929405,0,0,865.8926,Superterran
Kepler-1768 b,2.23346338,5.62,933.0,0.1286,6050.0,1.572,1.24,Kepler-1768 b,0,0.25439134,0,0,946.35708,Superterran
Kepler-1882 b,1.48674404,2.81,894.0,0.11636,5691.0,1.458,1.068,Kepler-1882 b,0,0.29003321,0,0,971.93643,Terran
Kepler-1832 b,1.22719556,2.02,1022.0,0.037,5242.0,0.722,0.684,Kepler-1832 b,0,0.29340159,0,0,1231.8977,Terran
Kepler-1884 b,1.81406781,3.95,864.0,0.0845,5984.0,0.906,0.993,Kepler-1884 b,0,0.26900881,0,0,1160.7726,Superterran
Kepler-1739 b,2.43056832,6.48,839.0,0.0697,5757.0,0.762,0.865,Kepler-1739 b,0,0.24254129,0,0,1005.3311,Superterran
Kepler-1838 b,1.66049425,3.4,1097.0,0.11082,5877.0,1.963,1.187,Kepler-1838 b,0,0.27622274,0,0,1183.7779,Superterran
Kepler-1804 b,1.59615726,3.18,913.0,0.1017,5109.0,1.671,0.929,Kepler-1804 b,0,0.31925672,0,0,671.83874,Terran
Kepler-1805 b,1.54502915,3.0,479.0,0.0699,3867.0,0.552,0.581,Kepler-1805 b,0,0.37114877,0,0,552.63315,Terran
Kepler-1742 b,2.1782413,5.38,462.0,0.2587,5776.0,0.849,0.939,Kepler-1742 b,0,0.36722625,0,0,508.77681,Superterran
Kepler-1741 b,1.273,2.16,615.0,0.0296,3683.0,0.424,0.454,Kepler-1741 b,0,0.30896084,0,0,818.04965,Terran
Kepler-1809 b,1.513,2.9,877.0,0.04444,4901.0,0.716,0.807,Kepler-1809 b,0,0.28602107,0,0,1051.7945,Terran
Kepler-1846 b,1.76378826,3.76,552.0,0.11054,4825.0,0.732,0.785,Kepler-1846 b,0,0.31888133,0,0,642.55688,Superterran
K2-101 b,2.0,4.66,618.0,0.1124,4927.0,0.76,0.82,K2-101 b,0,0.31756186,0,0,608.86387,Superterran
Kepler-1745 b,1.92872921,4.38,1449.0,0.0408,5611.0,1.4,0.995,Kepler-1745 b,0,0.26038251,0,0,1430.031,Superterran
Kepler-1813 b,1.413,2.58,1059.0,0.0364,5167.0,0.787,0.812,Kepler-1813 b,0,0.28723426,0,0,1197.7739,Terran
Kepler-1848 b,1.4088539,2.57,774.0,0.05835,4847.0,0.737,0.756,Kepler-1848 b,0,0.29702295,0,0,902.44621,Terran
K2-355 b,2.25,5.69,1066.0,0.0632,5790.0,0.92,0.96,K2-355 b,0,0.24922594,0,0,1071.0678,Superterran
EPIC 211822797 b,1.92,4.35,431.0,0.1195,4057.0,0.58,0.62,EPIC 211822797 b,0,0.48103316,0,0,428.4437,Superterran
Kepler-1754 b,2.43996509,6.53,672.0,0.0718,4723.0,0.747,0.734,Kepler-1754 b,0,0.26030822,0,0,754.85459,Superterran
Kepler-1753 b,2.22678077,5.59,583.0,0.1179,5180.0,0.769,0.86,Kepler-1753 b,0,0.30659205,0,0,606.97195,Superterran
Kepler-1787 b,2.31898181,5.99,540.0,0.227,6060.0,0.925,1.008,Kepler-1787 b,0,0.31808169,0,0,570.7062,Superterran
Kepler-1853 b,1.51862272,2.92,386.0,0.2395,4821.0,0.788,0.765,Kepler-1853 b,0,0.51517769,0,0,425.37578,Terran
K2-356 b,2.29,5.86,624.0,0.1599,5568.0,0.86,0.9,K2-356 b,0,0.29663887,0,0,625.17455,Superterran
Kepler-1817 b,2.27349126,5.79,463.0,0.2348,5316.0,0.915,0.878,Kepler-1817 b,0,0.3922854,0,0,477.06381,Superterran
Kepler-1818 b,1.71360684,3.58,1209.0,0.055,6047.0,1.129,1.021,Kepler-1818 b,0,0.27109705,0,0,1425.5885,Superterran
Kepler-1857 b,1.96065412,4.5,946.0,0.08308,6074.0,1.005,0.873,Kepler-1857 b,0,0.26202397,0,0,1139.5641,Superterran
K2-184 b,1.47,2.76,533.0,0.1685,5245.0,0.75,0.84,K2-184 b,0,0.37224678,0,0,557.02613,Terran
Kepler-1963 b,0.74437023,0.337,1448.0,0.02915,5726.0,0.979,0.915,Kepler-1963 b,0,0.287568,0,0,1435.7122,Subterran
Kepler-1911 b,1.011,1.01,987.0,0.0636,5721.0,0.972,0.954,Kepler-1911 b,0,0.29969545,0,0,1090.679,Terran
Kepler-1893 b,1.70557445,3.55,1194.0,0.0504,5633.0,1.162,0.973,Kepler-1893 b,0,0.27162343,0,0,1405.1098,Superterran
Kepler-1964 b,1.7810587,3.83,986.0,0.0322,4803.0,0.698,0.752,Kepler-1964 b,0,0.27154566,0,0,1114.93,Superterran
KOI-4777.01,0.51,99.2,1180.0,0.008,3515.0,0.4,0.41,KOI-4777.01,0,0.26034138,0,0,1251.355,Subterran
Kepler-1898 b,0.93353523,0.76,1167.0,0.05063,5702.0,1.125,0.837,Kepler-1898 b,0,0.29906686,0,0,1099.8672,Terran
Kepler-1967 b,0.73022577,0.315,1086.0,0.06686,4970.0,1.806,0.996,Kepler-1967 b,0,0.31162826,0,0,765.65276,Subterran
Kepler-1913 b,1.51852059,2.92,818.0,0.1209,6214.0,1.076,1.169,Kepler-1913 b,0,0.3006298,0,0,801.60861,Terran
Kepler-1907 b,0.86973029,0.589,856.0,0.05444,5159.0,0.8,0.752,Kepler-1907 b,0,0.30992488,0,0,844.60043,Terran
Kepler-1910 b,1.184,1.78,645.0,0.0536,4234.0,0.639,0.636,Kepler-1910 b,0,0.32379322,0,0,728.77443,Terran
Kepler-1918 b,2.29763023,5.89,497.0,0.2524,5889.0,0.924,0.967,Kepler-1918 b,0,0.38806243,0,0,479.60185,Superterran
Kepler-589 c,1.11727238,1.45,1098.0,0.0426,5372.0,0.916,0.832,Kepler-589 c,0,0.29748852,0,0,1141.4863,Terran
Kepler-1922 b,2.29064904,5.86,740.0,0.1077,5931.0,0.863,0.953,Kepler-1922 b,0,0.25109501,0,0,956.7923,Superterran
Kepler-1938 b,1.82828927,4.0,527.0,0.0938,4522.0,0.655,0.646,Kepler-1938 b,0,0.31436755,0,0,646.13624,Superterran
Kepler-1939 b,1.16480773,1.68,816.0,0.0334,4353.0,0.603,0.648,Kepler-1939 b,0,0.30088024,0,0,988.67212,Terran
Kepler-1940 b,1.54732469,3.01,885.0,0.0525,5431.0,0.717,0.802,Kepler-1940 b,0,0.28578737,0,0,1010.6386,Terran
Kepler-1942 b,2.1170287,5.13,1012.0,0.0516,5834.0,0.797,0.852,Kepler-1942 b,0,0.25305894,0,0,1212.9717,Superterran
Kepler-1930 b,1.52955541,2.95,643.0,0.10233,5083.0,0.844,0.844,Kepler-1930 b,0,0.32248576,0,0,671.91384,Terran
Kepler-1266 c,1.68023962,3.46,881.0,0.0506,4996.0,0.831,0.791,Kepler-1266 c,0,0.28292516,0,0,929.87345,Superterran
Kepler-1945 b,1.289,2.21,808.0,0.0597,4991.0,0.804,0.767,Kepler-1945 b,0,0.30094782,0,0,913.45752,Terran
YZ Cet b,0.913,0.7,471.2,0.01634,3151.0,0.157,0.142,YZ Cet b,0,0.44521766,0,0,486.91335,Terran
YZ Cet c,1.05,1.14,410.3,0.02156,3151.0,0.157,0.142,YZ Cet c,0,0.53992253,0,0,423.98564,Terran
Kepler-1926 b,2.31495961,5.97,451.0,0.2197,5256.0,0.832,0.768,Kepler-1926 b,0,0.46318998,0,0,422.92221,Superterran
Kepler-501 c,1.68119739,3.47,1304.0,0.0467,5794.0,1.216,1.032,Kepler-501 c,0,0.27225354,0,0,1507.5339,Superterran
Kepler-1312 c,1.02732734,1.07,1659.0,0.02103,5721.0,0.905,0.983,Kepler-1312 c,0,0.29360591,0,0,1879.7599,Terran
Kepler-1950 b,1.52696349,2.95,752.0,0.0871,5455.0,0.852,0.759,Kepler-1950 b,0,0.2950023,0,0,857.36637,Terran
Kepler-1951 b,2.32107188,6.0,728.0,0.1435,5468.0,1.306,0.923,Kepler-1951 b,0,0.24748113,0,0,1013.3269,Superterran
TOI-1347 c,1.6,6.4,1000.0,0.0546,5464.0,0.83,0.913,TOI-1347 c,0,0.28165234,0,0,1063.3022,Terran
Kepler-1315 c,1.84398883,4.06,777.0,0.0635,4818.0,0.856,0.809,Kepler-1315 c,0,0.28555683,0,0,792.20127,Superterran
Kepler-1322 c,2.15492527,5.29,883.0,0.0652,5704.0,0.804,0.897,Kepler-1322 c,0,0.25408089,0,0,1063.0452,Superterran
Kepler-1693 c,0.97698289,0.894,1059.0,0.0588,5553.0,1.098,0.941,Kepler-1693 c,0,0.30087632,0,0,1046.4943,Terran
Kepler-1956 b,1.08940238,1.32,674.0,0.0563,4391.0,0.682,0.671,Kepler-1956 b,0,0.3402365,0,0,664.3873,Terran
Kepler-1957 b,0.94374867,0.79,1099.0,0.0299,4904.0,0.772,0.745,Kepler-1957 b,0,0.29762483,0,0,1177.172,Terran
Kepler-1711 b,1.923,4.36,669.0,0.1463,5706.0,1.034,0.94,Kepler-1711 b,0,0.28605364,0,0,756.49029,Superterran
Kepler-1888 b,1.32578716,2.32,886.0,0.0956,5557.0,1.249,0.897,Kepler-1888 b,0,0.29137092,0,0,1153.9755,Terran
Kepler-1959 b,1.14315727,1.57,811.0,0.0617,5071.0,0.811,0.768,Kepler-1959 b,0,0.30714053,0,0,881.62306,Terran
Kepler-1890 b,0.86867375,0.587,1328.0,0.05712,6046.0,1.396,1.024,Kepler-1890 b,0,0.29357235,0,0,1413.9086,Terran
Kepler-1892 b,1.83707938,4.03,822.0,0.0633,5383.0,0.759,0.851,Kepler-1892 b,0,0.27353688,0,0,961.55397,Superterran
K2-322 b,1.92,4.35,635.0,0.0594,4141.0,0.602,0.63,K2-322 b,0,0.30857541,0,0,649.05619,Superterran
K2-324 b,2.43,6.48,707.0,0.0331,3752.0,0.505,0.517,K2-324 b,0,0.26387263,0,0,734.11065,Superterran
K2-326 b,2.28,5.82,1114.0,0.0198,3924.0,0.688,0.507,K2-326 b,0,0.24584691,0,0,1164.3751,Superterran
Kepler-1669 c,1.90120972,4.27,958.0,0.0228,4224.0,0.603,0.609,Kepler-1669 c,0,0.26401851,0,0,1200.0742,Superterran
TOI-270 c,2.33,6.2,489.0,0.04526,3506.0,0.38,0.386,TOI-270 c,0,0.3605454,0,0,504.71761,Superterran
GJ 357 b,1.2,1.83,518.0,0.036,3505.0,0.337,0.342,GJ 357 b,0,0.39591069,0,0,538.60982,Terran
LTT 3780 c,2.39,8.04,359.0,0.0757,3358.0,0.38,0.381,LTT 3780 c,0,0.55893576,0,0,373.39499,Superterran
GJ 367 b,0.699,0.633,1365.0,0.00709,3522.0,0.458,0.455,GJ 367 b,0,0.28429496,0,0,1408.4927,Terran
Wolf 1069 b,1.08,1.26,250.1,0.0672,3158.0,0.1813,0.167,Wolf 1069 b,1,0.84859348,1,1,258.51806,Terran
Kepler-311 b,1.7,3.53,960.0,0.087,5905.0,1.188,0.994,Kepler-311 b,0,0.27612531,0,0,1089.9734,Superterran
L 363-38 b,2.0,4.67,330.0,0.048,3129.0,0.274,0.21,L 363-38 b,0,0.45244997,0,0,443.40941,Superterran
HN Lib b,2.2,5.46,234.4,0.1417,3347.0,0.299,0.291,HN Lib b,2,0.64745149,1,1,242.28187,Superterran
HD 108236 b,1.615,3.24,1099.0,0.04527,5660.0,0.877,0.869,HD 108236 b,0,0.27757026,0,0,1240.1245,Superterran
K2-18 c,2.65,7.51,363.0,0.06,3457.0,0.411,0.359,K2-18 c,0,0.36449197,0,0,461.54327,Superterran
K2-216 b,1.75,8.0,1103.0,0.028,4503.0,0.72,0.7,K2-216 b,0,0.27266945,0,0,1135.2631,Superterran
Teegarden's Star d,0.954,0.82,159.0,0.0791,3034.0,0.12,0.097,Teegarden's Star d,0,0.43941754,0,0,167.66951,Terran
GJ 3473 b,1.264,1.86,773.0,0.01589,3347.0,0.364,0.36,GJ 3473 b,0,0.31135508,0,0,798.66301,Terran
HIP 113103 c,2.4,6.35,585.0,0.10479,4930.0,0.742,0.761,HIP 113103 c,0,0.2862008,0,0,636.75895,Superterran
Kepler-57 c,2.196,6.86,671.0,0.09588,5187.9,0.826,0.859,Kepler-57 c,0,0.30405323,0,0,762.58789,Terran
Kepler-24 b,2.348,11.14,1050.0,0.08045,6028.0,1.099,1.06,Kepler-24 b,0,0.24247115,0,0,1055.3112,Superterran
K2-203 b,1.26549392,2.14,738.4,0.0824,5026.0,0.765,0.793,K2-203 b,0,0.31255975,0,0,758.80834,Terran
LP 890-9 c,1.367,25.3,272.0,0.03984,2850.0,0.1556,0.118,LP 890-9 c,1,0.88525109,1,1,280.87679,Terran
K2-208 b,1.67462172,3.45,1122.0,0.04878,5500.0,0.872,0.881,K2-208 b,0,0.27604182,0,0,1141.5269,Superterran
K2-226 b,1.53899305,2.98,1187.0,0.04095,5288.0,0.889,0.856,K2-226 b,0,0.28152964,0,0,1207.6762,Terran
K2-57 b,2.30905002,5.94,635.8,0.0752,4413.0,0.671,0.699,K2-57 b,0,0.2978153,0,0,653.21494,Superterran
HD 3167 e,2.83,8.41,374.8,0.3885,5261.0,0.88,0.837,HD 3167 e,0,0.47672024,0,0,394.56231,Superterran
LHS 1815 b,1.088,1.58,617.0,0.0404,3643.0,0.501,0.502,LHS 1815 b,0,0.34633039,0,0,644.14678,Terran
LHS 1140 b,1.73,5.6,226.0,0.0946,3096.0,0.2159,0.1844,LHS 1140 b,2,0.65784339,1,1,232.23611,Superterran
EPIC 201595106 b,1.565,7.67,2038.0,0.0177,5679.0,0.98,0.958,EPIC 201595106 b,0,0.28738835,0,0,2109.61,Terran
LHS 1478 b,1.242,2.33,595.0,0.01848,3381.0,0.246,0.236,LHS 1478 b,0,0.35288851,0,0,615.28246,Terran
Kepler-105 c,1.44,5.6,997.0,0.07229,5933.0,1.026,0.991,Kepler-105 c,0,0.29219846,0,0,1140.882,Terran
LTT 3780 b,1.325,2.46,903.0,0.01195,3358.0,0.38,0.381,LTT 3780 b,0,0.29837792,0,0,939.88701,Terran
HD 260655 b,1.24,2.14,709.0,0.02933,3803.0,0.439,0.439,HD 260655 b,0,0.32135851,0,0,733.20968,Terran
K2-214 b,2.51,6.85,1001.0,0.0834,5875.0,1.236,1.03,K2-214 b,0,0.23965389,0,0,1115.1736,Superterran
K2-220 b,2.37,6.21,761.0,0.1104,5612.0,1.026,0.91,K2-220 b,0,0.25382276,0,0,835.97056,Superterran
Kepler-407 b,1.19,1.93,1983.0,0.01531,5487.0,1.04,0.99,Kepler-407 b,0,0.29285099,0,0,2274.0574,Terran
Kepler-134 b,2.0,4.66,1105.0,0.06,5983.0,1.176,0.956,Kepler-134 b,0,0.25882662,0,0,1216.4658,Superterran
HD 207496 b,2.25,6.1,743.0,0.0629,4819.0,0.769,0.8,HD 207496 b,0,0.25857206,0,0,852.86593,Superterran
GJ 806 b,1.331,1.9,940.0,0.01406,3600.0,0.4144,0.413,GJ 806 b,0,0.29636305,0,0,974.27792,Terran
Kepler-1985 b,2.27,5.77,1129.0,0.0426,5370.0,0.966,0.877,Kepler-1985 b,0,0.24484453,0,0,1274.8841,Superterran
K2-233 c,1.272,4.6,794.0,0.0664,4796.0,0.71,0.79,K2-233 c,0,0.30762666,0,0,822.51374,Terran
Kepler-495 c,1.21936414,1.98,1000.0,0.0614,5392.0,1.087,0.888,Kepler-495 c,0,0.29855495,0,0,1012.9578,Terran
Kepler-416 d,1.61,3.22,1253.0,0.0407,5670.0,1.022,0.949,Kepler-416 d,0,0.27597294,0,0,1449.2,Superterran
Kepler-166 d,1.73,3.64,1313.0,0.02449,5350.0,0.83,0.88,Kepler-166 d,0,0.27005288,0,0,1469.6299,Superterran
Kepler-1026 b,2.21,5.52,425.0,0.1977,4948.0,0.75,0.79,Kepler-1026 b,0,0.42442399,0,0,453.5991,Superterran
Kepler-9 d,1.64,8.41466053,2026.0,0.0273,5777.0,1.02,1.07,Kepler-9 d,0,0.27335169,0,0,1778.6652,Superterran
LP 791-18 c,2.488,7.16,324.4,0.02961,2960.0,0.182,0.139,LP 791-18 c,0,0.56647203,0,0,366.18986,Superterran
Kepler-763 c,1.42,2.6,938.0,0.0466,4999.0,0.843,0.8,Kepler-763 c,0,0.28882049,0,0,1099.5945,Terran
K2-187 e,1.9,4.27,698.0,0.1106,5438.0,0.83,0.966999,K2-187 e,0,0.28585124,0,0,766.56318,Superterran
K2-189 b,1.403,2.55,1203.0,0.0361,5442.0,0.879,0.85,K2-189 b,0,0.28111801,0,0,1319.5381,Terran
Kepler-42 b,0.78,0.705944,519.0,0.0116,3068.0,0.17,0.13,Kepler-42 b,0,0.36193802,0,0,591.08927,Subterran
K2-199 b,1.73,6.9,913.0,0.0382,4491.0,0.682,0.711,K2-199 b,0,0.27873821,0,0,965.23482,Superterran
K2-151 b,1.49,2.83,566.0,0.0373,3695.0,0.45,0.47,K2-151 b,0,0.34491162,0,0,609.28587,Terran
Kepler-197 b,1.02,1.04,1142.0,0.06,6004.0,1.12,0.857,Kepler-197 b,0,0.29590487,0,0,1334.5629,Terran
Kepler-1998 b,0.6,0.156,1187.0,0.0405,5640.0,0.921,0.962,Kepler-1998 b,0,0.27374549,0,0,1376.2521,Subterran
Kepler-58 e,1.61,597.796,1212.0,0.0533,6100.0,1.083,1.017,Kepler-58 e,0,0.27777423,0,0,1243.2599,Superterran
TOI-4184 b,2.43,6.48,412.0,0.0336,3238.0,0.2347,0.2109,TOI-4184 b,0,0.45006606,0,0,426.33981,Superterran
Kepler-267 b,1.98,37.9,615.0,0.037,4258.0,0.555,0.541571,Kepler-267 b,0,0.28602336,0,0,737.18189,Superterran
Kepler-1713 b,1.71673535,3.59,900.0,0.14185,6477.0,1.459,1.3,Kepler-1713 b,0,0.2782512,0,0,992.92083,Superterran
HD 285968 b,2.83,8.4,450.0,0.066,3703.49,0.478214,0.5,HD 285968 b,0,0.41857856,0,0,431.17498,Superterran
Kepler-746 b,1.11,1.41,1156.0,0.0435,5418.0,0.93,0.91,Kepler-746 b,0,0.29589286,0,0,1249.3407,Terran
Kepler-754 b,2.01,4.7,758.0,0.116,5935.0,1.08,1.06,Kepler-754 b,0,0.26103061,0,0,1073.2392,Superterran
K2-138 c,2.299,6.31,1012.0,0.04461,5356.3,0.863,0.935,K2-138 c,0,0.24509515,0,0,1154.5279,Superterran
K2-4 b,2.1,5.06,563.0,0.078,4014.73,0.569359,0.635026,K2-4 b,0,0.3126325,0,0,608.07088,Superterran
Kepler-772 b,1.82,3.97,866.0,0.11153,5714.0,1.11,0.98,Kepler-772 b,0,0.26880177,0,0,1155.5288,Superterran
K2-21 c,2.49,6.76,420.0,0.107,4222.06,0.646783,0.676023,K2-21 c,0,0.35578499,0,0,497.47619,Superterran
K2-9 b,2.25,5.69,314.0,0.091,3390.0,0.31,0.3,K2-9 b,2,0.6987684,0,1,315.61296,Superterran
Kepler-36 b,1.498,3.83,978.0,0.11419,5979.0,1.634,1.034,Kepler-36 b,0,0.28465208,0,0,1136.3467,Terran
K2-239 b,1.1,1.37,502.0,0.0441,3420.0,0.36,0.4,K2-239 b,0,0.44517693,0,0,487.19882,Terran
K2-233 d,2.363,10.3,525.0,0.1516,4796.0,0.71,0.79,K2-233 d,0,0.32850598,0,0,544.27045,Superterran
K2-243 b,2.17,5.35,1035.0,0.1087,6570.0,1.39,1.29,K2-243 b,0,0.25210375,0,0,1115.7342,Superterran
Kepler-262 c,1.64,3.33,618.0,0.152,5841.0,0.881,0.816,Kepler-262 c,0,0.3148126,0,0,680.7752,Superterran
Kepler-761 b,2.03,4.78,767.0,0.0874,5706.0,0.93,0.95,Kepler-761 b,0,0.26639888,0,0,909.74527,Superterran
LP 791-18 d,1.032,0.91,395.5,0.01992,2960.0,0.182,0.139,LP 791-18 d,0,0.50074413,0,0,446.45819,Terran
K2-288 B b,1.9,4.27,226.36,0.164,3341.0,0.32,0.33,K2-288 B b,2,0.64648814,1,1,233.88566,Superterran
Kepler-780 b,0.89,0.64,2099.0,0.015,5769.0,1.02,1.01,Kepler-780 b,0,0.29200203,0,0,2372.0831,Terran
K2-224 b,1.56,3.05,1002.0,0.0516,5620.0,0.84,0.91,K2-224 b,0,0.28254905,0,0,1102.4291,Terran
K2-228 b,1.21,1.92,914.0,0.0338,4715.0,0.65,0.71,K2-228 b,0,0.30097678,0,0,959.8805,Terran
K2-229 b,1.0,2.55,1818.0,0.0131,5315.0,0.79,0.87,K2-229 b,0,0.29348735,0,0,2009.2773,Terran
Kepler-758 b,2.48,6.71,1005.0,0.10754,6228.0,1.42,1.16,Kepler-758 b,0,0.23528673,0,0,1246.202,Superterran
K2-233 b,1.315,2.4,1127.0,0.03293,4796.0,0.71,0.79,K2-233 b,0,0.29042712,0,0,1170.1003,Terran
K2-211 b,1.33162691,2.33,1873.0,0.01419,5117.0,0.818,0.851,K2-211 b,0,0.28760551,0,0,1923.091,Terran
K2-183 d,2.3,5.9,615.0,0.1527,5482.0,0.87,0.942219,K2-183 d,0,0.28067185,0,0,679.99544,Superterran
K2-162 b,1.44,2.67,631.0,0.0795,4842.0,0.69,0.75,K2-162 b,0,0.32026871,0,0,699.02379,Terran
Kepler-37 d,2.03,2.0,499.0,0.2109,5357.0,0.789,0.79,Kepler-37 d,0,0.36577954,0,0,520.1338,Terran
HD 110113 b,2.05,4.55,1371.0,0.035,5732.0,0.968,0.997,HD 110113 b,0,0.25391742,0,0,1508.8852,Superterran
Kepler-504 b,1.59,3.15,374.0,0.0646,3519.0,0.33,0.33,Kepler-504 b,0,0.46077378,0,0,456.62456,Terran
Kepler-814 b,2.12,5.14,1164.0,0.0695,6162.0,1.22,1.15,Kepler-814 b,0,0.25008973,0,0,1603.9215,Superterran
Kepler-798 b,2.39,6.3,864.0,0.1174,6224.0,1.29,1.19,Kepler-798 b,0,0.24647593,0,0,954.09468,Superterran
Kepler-280 b,1.45,2.7,1425.0,0.032,5744.0,0.886,0.962,Kepler-280 b,0,0.28271317,0,0,1550.0672,Terran
Kepler-1859 c,1.66,3.39,1327.0,0.0473,5887.0,1.235,1.09,Kepler-1859 c,0,0.27360277,0,0,1445.423,Superterran
Kepler-286 b,1.24,2.07,1367.0,0.027,5580.0,0.863,0.83,Kepler-286 b,0,0.29018382,0,0,1637.735,Terran
Kepler-1988 b,1.53,2.96,1105.0,0.1038,6033.0,1.788,1.127,Kepler-1988 b,0,0.28143754,0,0,1248.3226,Terran
Kepler-1992 b,0.91,0.693,637.0,0.1169,5383.0,0.842,0.874,Kepler-1992 b,0,0.31154576,0,0,837.08251,Terran
Kepler-1997 b,2.28,5.82,660.0,0.1815,6215.0,1.052,1.111,Kepler-1997 b,0,0.27212036,0,0,728.59671,Superterran
Kepler-139 d,1.695,2.0,972.0,0.0755533961,5622.0,1.045,1.078,Kepler-139 d,0,0.27724912,0,0,1056.3301,Superterran
Kepler-65 b,1.42,2.4,1740.0,0.035,6211.0,1.41,1.25,Kepler-65 b,0,0.2829048,0,0,2011.964,Terran
Kepler-1643 b,2.32,5.99,799.0,0.0531,4916.0,0.855,0.845,Kepler-1643 b,0,0.24993616,0,0,951.43311,Superterran
Kepler-80 e,1.6,4.13,629.0,0.0491,4540.0,0.678,0.73,Kepler-80 e,0,0.29358323,0,0,833.46003,Terran
Kepler-82 d,1.77,885.098,1253.0,0.034,5428.0,0.945,0.946,Kepler-82 d,0,0.26848884,0,0,1402.6072,Superterran
Kepler-1162 c,1.81,3.93,401.0,0.2832,5225.0,0.859,0.861,Kepler-1162 c,0,0.45695539,0,0,449.13706,Superterran
Kepler-1229 b,1.4,2.54,212.0,0.3006,3784.0,0.51,0.54,Kepler-1229 b,1,0.62049439,1,1,217.1106,Terran
Kepler-1837 b,2.06673842,4.92,1012.0,0.065,5966.0,0.961,1.049,Kepler-1837 b,0,0.25788761,0,0,1085.0977,Superterran
Kepler-406 b,1.43,6.35,1302.0,0.03599,5538.0,1.07,1.07,Kepler-406 b,0,0.28351944,0,0,1559.3053,Terran
Kepler-1855 b,1.216205,1.96,849.0,0.0115,3460.0,0.356,0.385,Kepler-1855 b,0,0.29320405,0,0,1272.9947,Terran
Kepler-446 b,1.5,2.86,648.0,0.0182,3359.0,0.24,0.22,Kepler-446 b,0,0.35551275,0,0,584.64175,Terran
Kepler-231 b,1.73,35.4,488.0,0.074,3767.0,0.49,0.58,Kepler-231 b,0,0.34444435,0,0,582.51842,Superterran
Kepler-1232 b,1.93,4.38,523.0,0.16545,5471.0,0.89,0.92,Kepler-1232 b,0,0.33867423,0,0,572.04152,Superterran
Kepler-1168 b,2.5,6.8,379.0,0.2663,5157.0,0.82,0.87,Kepler-1168 b,0,0.47139058,0,0,410.90359,Superterran
Kepler-1680 b,1.35954736,2.42,771.0,0.07642,5021.0,0.723259,0.834,Kepler-1680 b,0,0.31284007,0,0,759.91933,Terran
Kepler-1831 b,1.97019818,4.54,1051.0,0.0655,6063.0,1.012,1.117,Kepler-1831 b,0,0.26250003,0,0,1095.3549,Superterran
Kepler-1152 b,0.87,0.59,806.0,0.0223,3964.0,0.53,0.55,Kepler-1152 b,0,0.29990374,0,0,1024.5262,Terran
Kepler-1296 b,0.91,0.693,1285.0,0.0896,5359.0,0.83,0.87,Kepler-1296 b,0,0.29580277,0,0,1271.3687,Terran
Kepler-1345 b,2.36,6.17,693.0,0.26412,6449.0,1.55,1.32,Kepler-1345 b,0,0.25536954,0,0,834.71482,Superterran
Kepler-1798 b,2.30911251,5.94,408.0,0.1082,3967.0,0.587,0.593,Kepler-1798 b,0,0.3636934,0,0,504.15246,Superterran
Kepler-1716 b,2.4247685,6.46,408.0,0.18836,4894.0,0.684,0.753,Kepler-1716 b,0,0.40436966,0,0,458.91026,Superterran
Kepler-60 b,1.71,4.19,1102.0,0.07255,5905.0,1.257,1.041,Kepler-60 b,0,0.27204474,0,0,1326.8171,Superterran
Kepler-100 b,1.34,4.01,1155.0,0.07309,5837.0,1.51,1.13,Kepler-100 b,0,0.28907074,0,0,1346.995,Terran
Kepler-1190 b,1.33,2.33,609.0,0.0845,4730.0,0.72,0.76,Kepler-1190 b,0,0.33716349,0,0,651.24915,Terran
Kepler-1823 b,2.0861268,5.0,718.0,0.15332,6000.0,1.126,1.068,Kepler-1823 b,0,0.26625774,0,0,868.18813,Superterran
Kepler-1833 b,1.30027362,2.24,1177.0,0.07545,6164.0,1.446,1.286,Kepler-1833 b,0,0.28994441,0,0,1332.4421,Terran
Kepler-514 b,1.72,3.61,1248.0,0.06559,6106.0,1.44,1.28,Kepler-514 b,0,0.27130486,0,0,1355.8204,Superterran
Kepler-515 b,1.46,2.73,564.0,0.1333,5293.0,0.83,0.9,Kepler-515 b,0,0.32945863,0,0,658.43127,Terran
Kepler-1143 b,1.67,3.43,976.0,0.0371,5053.0,0.77,0.81,Kepler-1143 b,0,0.27884699,0,0,1043.4907,Superterran
Kepler-110 c,2.21,5.52,743.0,0.198,5960.0,1.149,0.989,Kepler-110 c,0,0.27117415,0,0,757.86688,Superterran
Kepler-1088 b,1.42,2.6,667.0,0.16163,5975.0,1.08,1.08,Kepler-1088 b,0,0.31077793,0,0,756.99719,Terran
Kepler-362 c,1.45,2.7,543.0,0.207,5788.0,0.722,0.904,Kepler-362 c,0,0.31691682,0,0,713.16554,Terran
Kepler-1145 b,1.4,2.54,958.0,0.0443,5064.0,0.75,0.79,Kepler-1145 b,0,0.29170256,0,0,1026.1803,Terran
Kepler-1242 b,2.26,5.73,639.0,0.1039,4895.0,0.74,0.77,Kepler-1242 b,0,0.28682505,0,0,663.15912,Superterran
Kepler-1302 b,1.43,2.63,778.0,0.0795,5236.0,0.82,0.86,Kepler-1302 b,0,0.3072202,0,0,779.81567,Terran
Kepler-401 b,1.71,3.57,889.0,0.122,6117.0,1.333,1.173,Kepler-401 b,0,0.2745355,0,0,1140.8948,Superterran
Kepler-1691 b,1.83470985,4.02,1283.0,0.0495,6000.0,1.13152,1.11,Kepler-1691 b,0,0.2650781,0,0,1430.1215,Superterran
Kepler-1193 b,1.32,2.3,1453.0,0.04004,5908.0,1.21,1.08,Kepler-1193 b,0,0.28721182,0,0,1753.9734,Terran
Kepler-144 c,1.35,2.39,1046.0,0.094,6075.0,1.235,1.154,Kepler-144 c,0,0.29152006,0,0,1103.7268,Terran
Kepler-519 b,2.1,5.06,532.0,0.15932,5260.0,0.8,0.89,Kepler-519 b,0,0.31867472,0,0,594.19824,Superterran
Kepler-167 d,1.238,2.06,538.0,0.1404,4884.0,0.749,0.777,Kepler-167 d,0,0.37860821,0,0,562.9787,Terran
Kepler-395 c,1.32,2.3,341.0,0.177,4262.0,0.556,0.622827,Kepler-395 c,0,0.73889128,0,0,343.90532,Terran
Kepler-206 b,1.2,1.87,983.0,0.078,5764.0,1.185,0.957,Kepler-206 b,0,0.29700362,0,0,1081.1307,Terran
Kepler-1091 b,1.46,2.73,1664.0,0.0252,5851.0,1.03,1.01,Kepler-1091 b,0,0.28137098,0,0,1897.6899,Terran
Kepler-380 b,1.19,1.81,1317.0,0.05,6045.0,1.224,0.99,Kepler-380 b,0,0.29209164,0,0,1509.8733,Terran
Kepler-1282 b,1.55,3.02,1418.0,0.0335,5504.0,0.89,0.92,Kepler-1282 b,0,0.27899293,0,0,1414.6634,Terran
Kepler-1353 b,1.8,3.89,491.0,0.153,4776.0,0.72,0.76,Kepler-1353 b,0,0.3832859,0,0,516.21403,Superterran
Kepler-116 c,2.3,5.9,964.0,0.116,6142.0,1.454,1.198,Kepler-116 c,0,0.24668108,0,0,1076.3327,Superterran
Kepler-403 b,1.25,2.1,1194.0,0.076,6090.0,1.329,1.299,Kepler-403 b,0,0.29038212,0,0,1511.8849,Terran
Kepler-85 b,1.778,1.84,809.0,0.07885,5505.2,0.875,0.928,Kepler-85 b,0,0.26885435,0,0,920.04938,Superterran
Kepler-510 b,2.47,6.66,797.0,0.1352,5746.0,1.41,0.91,Kepler-510 b,0,0.24302582,0,0,947.37937,Superterran
Kepler-1250 b,1.92,4.35,1431.0,0.0393,5717.0,0.98,0.99,Kepler-1250 b,0,0.25957188,0,0,1767.9877,Superterran
TOI-1634 b,1.759,4.9,900.0,0.01544,3550.0,0.45,0.502,TOI-1634 b,0,0.27812161,0,0,933.1711,Superterran
Kepler-285 c,1.12,1.46,851.0,0.064,5411.0,0.808,0.915,Kepler-285 c,0,0.30267075,0,0,968.46858,Terran
Kepler-161 c,2.05,3.61,769.0,0.068,5078.0,0.806,0.853,Kepler-161 c,0,0.26922609,0,0,852.94507,Superterran
Kepler-187 b,1.41,2.57,1244.0,0.059,6105.0,1.287,1.081,Kepler-187 b,0,0.2842914,0,0,1573.0753,Terran
Kepler-1880 b,2.11686218,5.13,606.0,0.054,4380.0,0.53,0.524,Kepler-1880 b,0,0.27088822,0,0,798.41491,Superterran
Kepler-367 b,1.3,2.24,401.0,0.201,4710.0,0.695,0.768,Kepler-367 b,0,0.48717781,0,0,449.86012,Terran
Kepler-384 b,1.12,1.46,670.0,0.148,5577.0,0.882,0.882,Kepler-384 b,0,0.30407896,0,0,939.27911,Terran
Kepler-1842 b,2.35388681,6.14,822.0,0.116,5970.0,1.131,1.057,Kepler-1842 b,0,0.25588139,0,0,832.14025,Superterran
Kepler-172 d,2.25,5.69,736.0,0.118,5526.0,1.085,1.081,Kepler-172 d,0,0.26184967,0,0,822.21334,Superterran
Kepler-1272 b,2.37,6.21,542.0,0.2705,5926.0,1.09,1.06,Kepler-1272 b,0,0.27617091,0,0,684.45025,Superterran
Kepler-1312 b,2.1,5.06,978.0,0.06053,5719.0,0.92,0.99,Kepler-1312 b,0,0.25575271,0,0,1106.6668,Superterran
Kepler-1336 b,1.98,4.58,793.0,0.15845,5512.0,1.3,0.94,Kepler-1336 b,0,0.26846631,0,0,917.89959,Superterran
Kepler-1829 b,2.47887001,6.71,860.0,0.0559,5230.0,0.777,0.873,Kepler-1829 b,0,0.24163437,0,0,969.8836,Superterran
Kepler-1313 b,1.76,3.75,1012.0,0.04619,5453.0,0.85,0.92,Kepler-1313 b,0,0.27264358,0,0,1112.4913,Superterran
Kepler-370 c,1.91,4.31,647.0,0.14,5852.0,0.9,0.982,Kepler-370 c,0,0.28467797,0,0,771.54543,Superterran
Kepler-1142 b,1.47,2.76,902.0,0.1343,5685.0,0.96,0.97,Kepler-1142 b,0,0.28930457,0,0,1009.5725,Terran
Kepler-1885 b,1.51110555,2.89,1205.0,0.036,5591.0,0.86,0.977,Kepler-1885 b,0,0.28108768,0,0,1370.1694,Terran
Kepler-349 c,1.96,4.5,763.0,0.105,5956.0,0.927,1.083,Kepler-349 c,0,0.27152306,0,0,884.26182,Superterran
Kepler-1155 b,2.03,4.78,609.0,0.2006,5842.0,1.03,1.03,Kepler-1155 b,0,0.29964379,0,0,659.94852,Superterran
Kepler-481 b,2.5,6.8,899.0,0.08926,5802.0,1.09,1.01,Kepler-481 b,0,0.23710416,0,0,1083.9438,Superterran
Kepler-1163 b,1.03,1.08,1211.0,0.06868,6302.0,1.35,1.22,Kepler-1163 b,0,0.29547693,0,0,1380.6393,Terran
Kepler-292 b,1.32,2.3,1130.0,0.035,5299.0,0.826,0.865,Kepler-292 b,0,0.28991721,0,0,1266.6059,Terran
Kepler-1816 b,1.9679397,4.53,310.0,0.35647,5051.0,0.706,0.786,Kepler-1816 b,0,0.64727417,0,0,350.87151,Superterran
Kepler-85 d,1.2,8.69679,626.0,0.13,5436.0,0.893,0.947,Kepler-85 d,0,0.32770994,0,0,706.24249,Terran
Kepler-1692 b,1.11177184,1.42,897.0,0.0646,5146.0,0.866139,0.87,Kepler-1692 b,0,0.30421807,0,0,939.31068,Terran
Kepler-1390 b,1.18,1.76,934.0,0.0662,5753.0,0.98,0.98,Kepler-1390 b,0,0.29821997,0,0,1055.5931,Terran
Kepler-355 b,1.46,2.73,840.0,0.102,6184.0,1.066,0.933,Kepler-355 b,0,0.28980522,0,0,1007.8025,Terran
Kepler-331 b,1.82,3.97,540.0,0.065,4347.0,0.492,0.653,Kepler-331 b,0,0.29755328,0,0,718.5696,Superterran
Kepler-55 c,2.21,69.8,349.0,0.2095,4362.0,0.58,0.62,Kepler-55 c,0,0.50224615,0,0,405.11984,Superterran
Kepler-1370 b,1.84,4.04,770.0,0.15763,6202.0,1.29,1.19,Kepler-1370 b,0,0.27308178,0,0,968.51182,Superterran
Kepler-363 c,1.69,66.4,1054.0,0.079,5593.0,1.485,1.226,Kepler-363 c,0,0.27368037,0,0,1262.8797,Superterran
Kepler-1032 b,1.87,4.16,802.0,0.0361,4647.0,0.71,0.77,Kepler-1032 b,0,0.2690377,0,0,1038.5369,Superterran
Kepler-272 b,1.43,78.0,1200.0,0.038,5297.0,0.929,0.91,Kepler-272 b,0,0.28363293,0,0,1532.9702,Terran
Kepler-1375 b,1.74,3.68,1543.0,0.0471,6704.0,1.78,1.47,Kepler-1375 b,0,0.26801524,0,0,2127.7229,Superterran
Kepler-125 c,0.74,0.33,529.0,0.051,3810.0,0.512,0.542101,Kepler-125 c,0,0.3583096,0,0,593.11708,Subterran
Kepler-1130 d,0.64472273,0.202,981.0,0.05068,5450.0,0.842,0.944,Kepler-1130 d,0,0.28303826,0,0,1100.5616,Subterran
Kepler-1059 b,1.73,3.64,908.0,0.044,4906.0,0.72,0.75,Kepler-1059 b,0,0.2767486,0,0,1016.7149,Superterran
Kepler-237 b,1.41,2.57,823.0,0.05,4861.0,0.725,0.696,Kepler-237 b,0,0.293107,0,0,977.66602,Terran
Kepler-969 b,2.07,4.94,465.0,0.19726,5214.0,0.82,0.92,Kepler-969 b,0,0.37182482,0,0,510.79736,Superterran
Kepler-329 c,1.93,4.38,402.0,0.113,4257.0,0.523,0.602,Kepler-329 c,0,0.40021119,0,0,489.36882,Superterran
Kepler-1800 b,0.99679734,0.961,1533.0,0.05098,5343.0,2.506,1.33,Kepler-1800 b,0,0.3004925,0,0,1061.1204,Terran
Kepler-365 b,2.04,4.82,865.0,0.098,6012.0,1.048,1.02,Kepler-365 b,0,0.26250818,0,0,980.195,Superterran
Kepler-1069 b,1.6,3.19,823.0,0.16587,5722.0,0.98,0.99,Kepler-1069 b,0,0.29071414,0,0,868.21157,Terran
Kepler-345 b,0.74,0.48,622.0,0.066,4504.0,0.623,0.61,Kepler-345 b,0,0.30382734,0,0,842.17734,Subterran
Kepler-382 c,1.59,3.15,882.0,0.097,5600.0,0.945,1.002,Kepler-382 c,0,0.28398338,0,0,1004.7075,Terran
Kepler-544 b,2.12,5.14,748.0,0.15482,6206.0,1.22,1.16,Kepler-544 b,0,0.25813453,0,0,989.89651,Superterran
Kepler-1912 b,1.35670508,2.41,976.0,0.06489,5734.0,0.962,0.977,Kepler-1912 b,0,0.29132933,0,0,1100.422,Terran
Kepler-240 c,2.2,102.3,696.0,0.074,4985.0,0.739,0.868,Kepler-240 c,0,0.26855268,0,0,782.18532,Superterran
Kepler-332 c,1.09,1.32,550.0,0.114,4955.0,0.72,0.743,Kepler-332 c,0,0.35934156,0,0,608.79783,Terran
Kepler-207 b,1.57,3.09,1930.0,0.029,5920.0,1.588,1.313,Kepler-207 b,0,0.27604989,0,0,2297.3466,Terran
Kepler-402 e,1.46,2.73,931.0,0.102,6090.0,1.264,1.072,Kepler-402 e,0,0.28963901,0,0,1012.4543,Terran
Kepler-1895 b,2.11934728,5.14,789.0,0.0615,5076.0,0.763,0.86,Kepler-1895 b,0,0.25725199,0,0,1016.2205,Superterran
Kepler-1909 b,1.09217411,1.33,1031.0,0.0306,4935.0,0.685,0.663,Kepler-1909 b,0,0.29717579,0,0,1180.4968,Terran
Kepler-1953 b,1.28574667,2.2,731.0,0.0607,4858.0,0.707,0.786,Kepler-1953 b,0,0.30908979,0,0,812.5146,Terran
Kepler-634 b,1.89,4.23,1309.0,0.05765,6075.0,1.24,1.03,Kepler-634 b,0,0.26183258,0,0,1524.7955,Superterran
Kepler-224 d,2.3,5.9,610.0,0.089,5018.0,0.676,0.777,Kepler-224 d,0,0.27306638,0,0,717.34903,Superterran
Kepler-1499 b,1.19,1.81,409.0,0.23225,5097.0,0.78,0.82,Kepler-1499 b,0,0.46344906,0,0,470.01244,Terran
Kepler-850 b,1.78,3.82,995.0,0.0744,5932.0,1.09,1.06,Kepler-850 b,0,0.27062832,0,0,1165.1694,Superterran
Kepler-851 b,1.68,3.46,900.0,0.0802,5455.0,0.85,0.89,Kepler-851 b,0,0.2868092,0,0,868.13714,Superterran
Kepler-249 b,1.09,1.32,554.0,0.035,3568.0,0.482,0.510238,Kepler-249 b,0,0.34434494,0,0,650.34155,Terran
Kepler-1473 b,1.19,1.81,783.0,0.11606,6046.0,1.09,1.09,Kepler-1473 b,0,0.30226112,0,0,944.48818,Terran
Kepler-1501 b,1.56,3.05,787.0,0.11592,6229.0,1.3,1.2,Kepler-1501 b,0,0.28912906,0,0,922.20259,Terran
GJ 740 b,1.53,2.96,829.0,0.029,3913.0,0.56,0.58,GJ 740 b,0,0.2954586,0,0,840.69508,Terran
Kepler-1949 b,2.21964541,5.56,1709.0,0.0352,6028.0,1.454,1.194,Kepler-1949 b,0,0.24415866,0,0,2311.5548,Superterran
Kepler-1954 b,1.80235934,3.9,949.0,0.0625,5840.0,0.849,0.942,Kepler-1954 b,0,0.26926891,0,0,1180.9609,Superterran
Kepler-1917 b,1.88971288,4.23,675.0,0.103,5530.0,0.788,0.882,Kepler-1917 b,0,0.28783599,0,0,755.97409,Superterran
Kepler-342 c,1.96,4.5,754.0,0.185,6175.0,1.472,1.213,Kepler-342 c,0,0.27264538,0,0,868.13978,Superterran
Kepler-106 c,2.5,10.44,785.0,0.10987,5858.0,1.04,1.0,Kepler-106 c,0,0.24348891,0,0,910.68549,Superterran
Kepler-273 c,1.98,4.58,865.0,0.073,5626.0,0.815,0.756,Kepler-273 c,0,0.27113789,0,0,875.01217,Superterran
Kepler-1391 b,1.68,3.46,513.0,0.30045,5840.0,1.1,1.03,Kepler-1391 b,0,0.30760627,0,0,704.03213,Superterran
Kepler-1580 b,2.11,5.1,733.0,0.33571,6228.0,2.15,1.47,Kepler-1580 b,0,0.26545765,0,0,862.62941,Superterran
Kepler-621 b,2.3,5.9,737.0,0.031,4521.0,0.68,0.72,Kepler-621 b,0,0.24721826,0,0,1055.5886,Superterran
Kepler-1476 b,1.67,3.43,860.0,0.0932,5663.0,0.96,0.98,Kepler-1476 b,0,0.29148833,0,0,819.34643,Superterran
Kepler-301 b,1.35,2.39,1278.0,0.036,5815.0,0.9,1.022,Kepler-301 b,0,0.28726976,0,0,1448.019,Terran
Kepler-1749 b,1.61301783,3.23,420.0,0.0956,3957.0,0.553,0.551,Kepler-1749 b,0,0.37692318,0,0,538.51347,Superterran
Kepler-327 c,1.03,20.3,537.0,0.047,3799.0,0.492,0.591913,Kepler-327 c,0,0.34746016,0,0,642.50512,Terran
Kepler-329 b,1.4,2.54,547.0,0.061,4257.0,0.523,0.602,Kepler-329 b,0,0.33001479,0,0,666.05578,Terran
Kepler-336 c,2.1,5.06,967.0,0.092,5867.0,1.304,1.09,Kepler-336 c,0,0.25586389,0,0,1101.6195,Superterran
Kepler-1392 b,1.96,4.5,714.0,0.1189,5479.0,0.85,0.88,Kepler-1392 b,0,0.28817079,0,0,730.44008,Superterran
Kepler-1934 b,0.91307734,0.702,1700.0,0.02466,5925.0,1.035,0.968,Kepler-1934 b,0,0.29282335,0,0,1955.8812,Terran
Kepler-1965 b,1.35415138,2.4,492.0,0.22971,5852.0,0.837,0.928,Kepler-1965 b,0,0.36779088,0,0,574.07312,Terran
Kepler-304 e,1.2,1.87,1137.0,0.02317,4817.0,0.73,0.8,Kepler-304 e,0,0.29344966,0,0,1290.2728,Terran
Kepler-341 e,1.99,4.62,539.0,0.242,6012.0,1.024,0.976,Kepler-341 e,0,0.31112031,0,0,629.16976,Superterran
Kepler-341 b,1.18,1.76,1085.0,0.06,6012.0,1.024,0.976,Kepler-341 b,0,0.29426413,0,0,1263.5717,Terran
Kepler-770 c,1.2,1.87,2740.0,0.0309,5598.0,0.92,0.94,Kepler-770 c,0,0.29116384,0,0,1688.287,Terran
Kepler-1397 b,1.72,3.61,551.0,0.25861,6026.0,1.12,1.09,Kepler-1397 b,0,0.29184427,0,0,792.54125,Superterran
Kepler-169 d,1.25,2.1,702.0,0.075,4997.0,0.763,0.825,Kepler-169 d,0,0.31288008,0,0,789.57773,Terran
Kepler-438 b,1.12,1.46,288.0,0.166,3748.0,0.52,0.544,Kepler-438 b,0,0.83283844,0,0,323.29355,Terran
Kepler-201 b,2.46,6.62,683.0,0.175,6065.0,1.229,1.098,Kepler-201 b,0,0.25014544,0,0,840.24608,Superterran
Kepler-298 b,1.96,4.5,540.0,0.08,4465.0,0.582,0.66,Kepler-298 b,0,0.30148029,0,0,667.00721,Superterran
Kepler-305 e,1.7938153,3.87,1000.0,0.04017,4974.0,0.827279,0.82,Kepler-305 e,0,0.27060503,0,0,1128.9873,Superterran
Kepler-295 d,1.36,2.42,533.0,0.192,5603.0,0.898,0.89,Kepler-295 d,0,0.29671667,0,0,943.02869,Terran
Kepler-295 c,1.17,1.71,621.0,0.142,5603.0,0.898,0.89,Kepler-295 c,0,0.29737478,0,0,1096.5573,Terran
Kepler-1547 b,0.9,0.666,3186.0,0.01556,6078.0,1.18,1.12,Kepler-1547 b,0,0.29214511,0,0,2544.9752,Terran
Kepler-1620 b,1.61,3.22,428.0,0.4322,6157.0,1.23,1.15,Kepler-1620 b,0,0.39283057,0,0,518.00403,Superterran
Kepler-69 c,1.71,3.57,299.0,0.64,5638.0,0.93,0.81,Kepler-69 c,0,0.70366857,0,0,339.66495,Superterran
Kepler-431 b,0.764,0.37,1032.0,0.0719,6004.0,1.092,1.071,Kepler-431 b,0,0.28889131,0,0,1429.0949,Subterran
Kepler-1609 b,2.22,5.56,429.0,0.4679,6132.0,1.27,1.18,Kepler-1609 b,0,0.33162465,0,0,555.71101,Superterran
Kepler-1968 b,1.50004034,2.86,744.0,0.0696,5008.0,0.788,0.844,Kepler-1968 b,0,0.30823588,0,0,750.103,Terran
Kepler-1047 c,0.99,0.937,1309.0,0.04413,5754.0,1.13,1.08,Kepler-1047 c,0,0.29388703,0,0,1762.7091,Terran
Kepler-84 f,2.2,5.48,572.0,0.25,6031.0,1.169,1.06,Kepler-84 f,0,0.29349022,0,0,650.0631,Superterran
Kepler-443 b,2.33,6.04,233.0,0.495,4723.0,0.706,0.738,Kepler-443 b,2,0.71460424,1,1,278.80042,Superterran
Kepler-92 d,2.067,11.8666806,637.0,0.28682,5904.34,1.81719,1.07,Kepler-92 d,0,0.28087338,0,0,740.64149,Superterran
Kepler-1429 b,1.29,2.21,1199.0,0.055,5902.0,1.07,1.05,Kepler-1429 b,0,0.2903277,0,0,1328.141,Terran
Kepler-1705 b,2.03,4.47,789.0,0.08,6312.0,1.259,1.139,Kepler-1705 b,0,0.25693377,0,0,1246.9555,Superterran
Kepler-274 c,1.84,4.04,678.0,0.204,6023.0,1.007,0.883,Kepler-274 c,0,0.29715773,0,0,715.08956,Superterran
Kepler-1488 c,1.65156749,3.37,1212.0,0.06959,5710.0,1.524,1.003,Kepler-1488 c,0,0.27337393,0,0,1572.3983,Superterran
Kepler-1492 b,1.49,2.83,801.0,0.1262,4712.0,0.72,0.77,Kepler-1492 b,0,0.39393648,0,0,524.68161,Terran
Kepler-352 d,0.80628032,0.449,788.0,0.06574,5208.0,0.772,0.796,Kepler-352 d,0,0.30504549,0,0,875.2716,Terran
K2-316 b,1.33,2.33,841.0,0.0147,3436.0,0.379,0.408,K2-316 b,0,0.30599274,0,0,827.49781,Terran
Kepler-292 f,2.35,6.12,563.0,0.141,5299.0,0.826,0.865,Kepler-292 f,0,0.29161186,0,0,631.05319,Superterran
Kepler-1410 b,1.78,3.82,290.0,0.2543,4092.0,0.6,0.63,Kepler-1410 b,2,0.79997417,0,1,292.92224,Superterran
Kepler-575 b,2.39,6.3,803.0,0.0788,5710.0,0.95,0.97,Kepler-575 b,0,0.24553484,0,0,976.47789,Superterran
Kepler-1434 b,1.11,1.41,1320.0,0.0917,6291.0,2.04,1.47,Kepler-1434 b,0,0.29348224,0,0,1580.3627,Terran
Kepler-1653 b,2.17,5.35,284.0,0.4706,4807.0,0.693,0.719,Kepler-1653 b,2,0.73857407,1,1,290.80345,Superterran
Kepler-1962 b,1.21463929,1.95,901.0,0.0783,5700.0,1.006,1.003,Kepler-1962 b,0,0.30090589,0,0,958.39522,Terran
K2-323 b,2.1,5.06,318.0,0.1275,3710.0,0.549,0.478,K2-323 b,0,0.5800733,0,0,372.75238,Superterran
K2-318 b,1.66,3.39,456.0,0.0911,3851.0,0.552,0.561,K2-318 b,0,0.45579138,0,0,457.00014,Superterran
Kepler-317 c,1.72,3.61,837.0,0.083,5497.0,0.941,0.865,Kepler-317 c,0,0.28356539,0,0,885.90362,Superterran
Kepler-1435 b,0.86,0.566,1331.0,0.05456,6356.0,1.32,1.21,Kepler-1435 b,0,0.29232269,0,0,1611.867,Terran
Kepler-215 e,1.75,3.71,405.0,0.314,5739.0,1.027,0.788,Kepler-215 e,0,0.4214819,0,0,479.96625,Superterran
Kepler-1576 b,1.04,1.12,1059.0,0.07211,5876.0,1.06,1.05,Kepler-1576 b,0,0.30132109,0,0,1029.6917,Terran
Kepler-638 b,1.83,4.01,1111.0,0.06695,5382.0,0.93,0.88,Kepler-638 b,0,0.26469928,0,0,1554.415,Superterran
G 9-40 b,1.9,4.0,440.6,0.0418,3395.0,0.3026,0.2952,G 9-40 b,0,0.41388817,0,0,471.46033,Superterran
Kepler-401 c,2.15,5.27,598.0,0.269,6117.0,1.333,1.173,Kepler-401 c,0,0.27279322,0,0,768.33281,Superterran
Kepler-1437 b,1.37,2.45,770.0,0.0951,5557.0,0.9,0.93,Kepler-1437 b,0,0.29040526,0,0,1119.0133,Terran
Kepler-220 b,0.81,0.457,759.0,0.046,4632.0,0.666,0.729,Kepler-220 b,0,0.30298029,0,0,908.96384,Terran
Kepler-1425 b,0.94,0.779,676.0,0.11435,5718.0,0.95,0.97,Kepler-1425 b,0,0.29862016,0,0,1122.8632,Terran
Kepler-1350 c,1.73,3.64,730.0,0.0222,3827.0,0.53,0.55,Kepler-1350 c,0,0.28083946,0,0,922.56937,Superterran
Kepler-354 c,1.31,2.27,508.0,0.115,4648.0,0.674,0.652,Kepler-354 c,0,0.37623851,0,0,562.44052,Terran
Kepler-1699 b,1.56671124,3.08,1010.0,0.0418,5575.53,0.725,0.81,Kepler-1699 b,0,0.281095,0,0,1157.6769,Terran
Kepler-206 c,1.77,3.78,825.0,0.111,5764.0,1.185,0.957,Kepler-206 c,0,0.27976824,0,0,906.28341,Superterran
Kepler-439 b,2.24,5.65,291.0,0.563,5431.0,0.866,0.884,Kepler-439 b,0,0.65872447,0,0,334.6932,Superterran
Kepler-639 b,2.38,6.26,957.0,0.09358,5896.0,1.29,1.14,Kepler-639 b,0,0.24023161,0,0,1222.3257,Superterran
Kepler-171 b,2.34,6.08,1053.0,0.05,5642.0,0.839,0.978,Kepler-171 b,0,0.24203031,0,0,1229.3924,Superterran
Kepler-1526 b,2.43,6.48,787.0,0.0418,4601.0,0.69,0.73,Kepler-1526 b,0,0.24540015,0,0,936.67166,Superterran
Kepler-408 b,0.82,5.0,1561.0,0.03592,6104.0,1.23,1.08,Kepler-408 b,0,0.29038757,0,0,1787.2643,Terran
Kepler-164 d,2.45,6.57,637.0,0.187,5888.0,1.148,1.036,Kepler-164 d,0,0.26706089,0,0,709.99406,Superterran
Kepler-935 b,1.35,2.39,879.0,0.0527,4830.0,0.73,0.78,Kepler-935 b,0,0.301806,0,0,867.50146,Terran
Kepler-917 b,1.91,4.31,991.0,0.0378,5418.0,0.76,0.8,Kepler-917 b,0,0.25945734,0,0,2297.0985,Superterran
Kepler-1760 b,2.28995546,5.86,480.0,0.2084,5229.0,0.903,0.821,Kepler-1760 b,0,0.3358355,0,0,542.59609,Superterran
Kepler-164 b,1.41,2.57,1141.0,0.058,5888.0,1.148,1.036,Kepler-164 b,0,0.2863395,0,0,1274.8572,Terran
Kepler-1009 b,2.17,5.35,403.0,0.0796,4027.0,0.57,0.59,Kepler-1009 b,0,0.32253236,0,0,577.72211,Superterran
Kepler-1035 b,1.17,1.71,1301.0,0.03883,5763.0,0.97,0.98,Kepler-1035 b,0,0.29202374,0,0,1651.5125,Terran
Kepler-322 c,1.67,3.43,996.0,0.051,5388.0,0.89,0.908,Kepler-322 c,0,0.27785792,0,0,1079.2957,Superterran
Kepler-479 b,2.12,5.14,649.0,0.09636,5247.0,0.81,0.86,Kepler-479 b,0,0.2815093,0,0,721.07814,Superterran
Kepler-908 b,1.22,1.98,1783.0,0.02526,5973.0,1.12,1.11,Kepler-908 b,0,0.28989695,0,0,2130.9686,Terran
Kepler-909 b,1.47,2.76,852.0,0.11873,6154.0,1.23,1.17,Kepler-909 b,0,0.29035807,0,0,982.10198,Terran
Kepler-50 b,1.71,8.9,1196.0,0.077,6225.0,1.58,1.24,Kepler-50 b,0,0.2713846,0,0,1411.4976,Superterran
Kepler-162 b,1.26,2.13,961.0,0.069,5816.0,0.958,1.053,Kepler-162 b,0,0.29289473,0,0,1197.4323,Terran
Kepler-176 b,1.43,290.537,841.0,0.058,5232.0,0.891,0.86,Kepler-176 b,0,0.29368041,0,0,946.69814,Terran
K2-189 c,2.31,5.95,877.0,0.068,5442.0,0.879,0.85,K2-189 c,0,0.24055549,0,0,972.57044,Superterran
K2-126 b,1.97,4.54,601.0,0.0656,4339.0,0.65,0.69,K2-126 b,0,0.29823506,0,0,677.44773,Superterran
Kepler-183 b,2.06,4.9,1088.0,0.064,5888.0,0.958,0.99,Kepler-183 b,0,0.25680318,0,0,1154.3448,Superterran
Kepler-209 b,2.26,5.73,668.0,0.122,5513.0,0.935,0.971,Kepler-209 b,0,0.2677522,0,0,764.70795,Superterran
Kepler-81 b,2.42,17.2,635.0,0.0522,4385.0,0.59,0.64,Kepler-81 b,0,0.26127256,0,0,754.81456,Superterran
Kepler-853 b,1.69,3.5,1187.0,0.079,6350.0,1.55,1.3,Kepler-853 b,0,0.27256552,0,0,1382.4734,Superterran
Kepler-883 b,1.78,3.82,818.0,0.10288,6116.0,1.09,1.06,Kepler-883 b,0,0.27320766,0,0,1050.266,Superterran
Kepler-54 b,2.1,0.98,453.0,0.0619,3705.0,0.5,0.51,Kepler-54 b,0,0.34369199,0,0,546.80213,Superterran
Kepler-1631 b,1.35,2.39,1122.0,0.0511,5679.0,0.95,0.97,Kepler-1631 b,0,0.28867844,0,0,1277.8064,Terran
Kepler-155 b,2.09,5.02,614.0,0.056,4508.0,0.62,0.635,Kepler-155 b,0,0.31435832,0,0,605.80312,Superterran
Kepler-100 c,2.2,7.05,939.0,0.11061,5825.0,1.49,1.08,Kepler-100 c,0,0.25105508,0,0,1096.2531,Superterran
Kepler-877 b,2.12,5.14,632.0,0.1301,5261.0,0.81,0.85,Kepler-877 b,0,0.29635043,0,0,654.69176,Superterran
Kepler-121 b,2.34,6.08,997.0,0.039,5311.0,0.701,0.859,Kepler-121 b,0,0.24402339,0,0,1108.9021,Superterran
Kepler-55 d,1.59,3.15,931.0,0.029,4503.0,0.619,0.631,Kepler-55 d,0,0.28146362,0,0,1088.8712,Terran
Kepler-250 c,2.28,5.82,782.0,0.069,5160.0,0.805,0.806,Kepler-250 c,0,0.25864901,0,0,841.88152,Superterran
Kepler-1534 b,1.89,4.23,955.0,0.0599,5442.0,0.86,0.9,Kepler-1534 b,0,0.26835986,0,0,1027.9266,Superterran
Kepler-215 b,1.62,3.26,784.0,0.084,5739.0,1.027,0.788,Kepler-215 b,0,0.28595448,0,0,927.97415,Superterran
Kepler-191 d,2.28,5.82,857.0,0.06104,5215.0,0.8,0.84,Kepler-191 d,0,0.25309236,0,0,926.21564,Superterran
Kepler-614 b,2.39,6.3,641.0,0.1027,5268.0,0.81,0.85,Kepler-614 b,0,0.27078052,0,0,705.73279,Superterran
Kepler-84 b,2.23,40.0,985.0,0.0827,6039.0,1.43,1.0,Kepler-84 b,0,0.24888028,0,0,1130.2454,Superterran
Kepler-616 b,2.43,6.48,860.0,0.0927,5753.0,0.97,0.98,Kepler-616 b,0,0.24820246,0,0,886.41206,Superterran
Kepler-905 b,1.41,2.57,928.0,0.05689,5461.0,0.86,0.95,Kepler-905 b,0,0.29017609,0,0,1062.8635,Terran
Kepler-165 b,2.32,5.99,716.0,0.072,5211.0,0.77,0.746,Kepler-165 b,0,0.25890404,0,0,817.07001,Superterran
Kepler-1629 b,0.77,0.381,1081.0,0.0485,5776.0,1.01,1.01,Kepler-1629 b,0,0.29142499,0,0,1209.3574,Subterran
K2-35 c,1.93,4.38,766.0,0.055,4402.71,0.619575,0.701968,K2-35 c,0,0.27896562,0,0,810.21785,Superterran
K2-37 b,1.39,2.51,949.0,0.05105,5352.0,0.809,0.84,K2-37 b,0,0.28434057,0,0,971.54981,Superterran
K2-44 b,2.433,6.5,1211.0,0.06,5912.0,1.58,1.15,K2-44 b,0,0.23550576,0,0,1504.3535,Superterran
K2-62 b,2.02,4.74,666.0,0.0636,4455.0,0.696,0.67,K2-62 b,0,0.27573349,0,0,750.66638,Superterran
Kepler-84 c,2.36,20.2,865.0,0.1072,6039.0,1.43,1.0,Kepler-84 c,0,0.24633795,0,0,992.7231,Superterran
K2-66 b,2.49,21.3,1372.0,0.05983,5887.0,1.67,1.11,K2-66 b,0,0.23259631,0,0,1573.8597,Superterran
Kepler-119 c,0.92,0.721,1016.0,0.049,5595.0,0.839,0.918,Kepler-119 c,0,0.29596432,0,0,1272.2647,Terran
Kepler-133 b,1.76,3.75,1041.0,0.083,5736.0,1.425,1.02,Kepler-133 b,0,0.27021884,0,0,1264.4058,Superterran
K2-183 c,2.3,5.9,787.0,0.0932,5482.0,0.87,0.942219,K2-183 c,0,0.25528815,0,0,873.4088,Superterran
Kepler-672 b,2.5,6.8,529.0,0.2163,5627.0,0.92,0.95,Kepler-672 b,0,0.30417664,0,0,579.95896,Superterran
K2-187 d,2.4,6.35,865.0,0.072,5438.0,0.83,0.966999,K2-187 d,0,0.24584124,0,0,957.76568,Superterran
Kepler-786 b,2.43,6.48,348.0,0.25483,4838.0,0.74,0.81,Kepler-786 b,0,0.48228384,0,0,407.4514,Superterran
Kepler-32 e,1.5,4.08181,652.0,0.033,3900.0,0.53,0.58,Kepler-32 e,0,0.30782957,0,0,752.78083,Terran
Kepler-235 e,2.22,5.56,306.0,0.213,4255.0,0.554,0.581,Kepler-235 e,0,0.67069003,0,0,330.5489,Superterran
Kepler-82 e,2.47,254.02,926.0,0.063,5428.0,0.945,0.946,Kepler-82 e,0,0.23991826,0,0,1030.3986,Superterran
Kepler-251 b,1.33,2.33,990.0,0.053,5526.0,0.89,0.891,Kepler-251 b,0,0.29165622,0,0,1131.8466,Terran
Kepler-42 d,0.57,0.357785,450.0,0.0154,3068.0,0.17,0.13,Kepler-42 d,0,0.3886222,0,0,513.04363,Subterran
Kepler-253 b,1.63,3.29,949.0,0.046,5208.0,0.786,0.86,Kepler-253 b,0,0.27994487,0,0,1073.4865,Superterran
GJ 411 b,1.45,2.69,349.83,0.07879,3719.0,0.3685,0.3899,GJ 411 b,0,0.61154459,0,0,382.89714,Terran
TOI-2411 b,1.68,3.46,1355.0,0.0144,4099.0,0.68,0.65,TOI-2411 b,0,0.27259516,0,0,1452.0925,Superterran
TOI-198 b,1.36,3.17,456.0,0.0675,3801.0,0.418,0.417,TOI-198 b,0,0.57487254,0,0,398.72689,Terran
TOI-1470 c,2.47,7.24,373.0,0.106,3709.0,0.469,0.471,TOI-1470 c,0,0.48716066,0,0,382.58458,Superterran
HD 5278 b,2.45,7.8,943.0,0.1202,6203.0,1.194,1.126,HD 5278 b,0,0.24274745,0,0,974.53911,Superterran
TOI-1470 b,2.18,7.32,734.0,0.0285,3709.0,0.469,0.471,TOI-1470 b,0,0.27249568,0,0,746.01801,Superterran
