pl_name,pl_rade,pl_bmasse,pl_eqt,pl_orbper,pl_orbeccen,pl_orbsmax,pl_insol,st_teff,st_rad,st_mass,st_met,P_NAME,P_HABITABLE,P_ESI,P_HABZONE_CON,P_HABZONE_OPT,P_TEMP_SURF,P_TYPE
Kepler-1032 b,1.87,4.16,802.0,3.290117953,0.0,0.0361,176.144,4647.0,0.71,0.77,0.16,Kepler-1032 b,0,0.2690377,0,0,1038.5369,Superterran
Kepler-1756 b,1.47199944,2.77,1093.0,2.355750084,0.0,0.0319,338.4,4915.0,0.812,0.781,0.16,Kepler-1756 b,0,0.28417408,0,0,1236.745,Terran
Kepler-934 b,2.09,5.02,384.0,55.6738309,0.0,0.2658,4.716,5001.0,0.77,0.81,0.01,Kepler-934 b,0,0.47727706,0,0,423.78739,Superterran
Kepler-1466 b,1.55,3.02,585.0,31.1750448,0.0,0.17981,21.875,5884.0,1.02,1.01,-0.07,Kepler-1466 b,0,0.32940514,0,0,644.24478,Terran
GJ 3929 b,1.09,1.75,568.0,2.616235,0.0,0.0252,17.3,3384.0,0.32,0.313,-0.02,GJ 3929 b,0,0.370086,0,0,585.43037,Terran
Kepler-225 b,1.2,1.87,579.0,6.738975,0.0,0.056,38.883,3682.0,0.48,0.593,-0.04,Kepler-225 b,0,0.33241,0,0,685.22233,Terran
Kepler-510 b,2.47,6.66,797.0,19.55659418,0.0,0.1352,114.389,5746.0,1.41,0.91,-0.35,Kepler-510 b,0,0.24302582,0,0,947.37937,Superterran
Kepler-928 b,1.59,3.15,894.0,3.932461302,0.0,0.0444,111.11,4700.0,0.7,0.73,-0.11,Kepler-928 b,0,0.28885881,0,0,902.57653,Terran
Kepler-534 b,2.24,5.65,721.0,15.95994513,0.0,0.1272,63.95,5884.0,0.98,1.05,0.01,Kepler-534 b,0,0.25791434,0,0,877.87355,Superterran
Kepler-1181 c,1.83,4.01,1124.0,8.93484887,0.0,0.0928,377.25,6688.0,1.347,1.336,0.07,Kepler-1181 c,0,0.26703843,0,0,1239.2289,Superterran
Kepler-189 b,1.21,1.92,678.0,10.399931,0.0,0.088,45.389,5235.0,0.75,0.803,-0.04,Kepler-189 b,0,0.31963816,0,0,749.34909,Terran
Kepler-1219 b,2.12,5.14,1159.0,16.10467749,0.0,0.14146,430.691,5944.0,1.94,1.25,0.05,Kepler-1219 b,0,0.25187874,0,0,1301.9293,Superterran
Kepler-1149 b,1.44,2.67,1128.0,3.73089898,0.0,0.0473,653.831,5833.0,1.01,1.02,0.02,Kepler-1149 b,0,0.2836145,0,0,1454.6046,Terran
Kepler-416 c,2.352,6.13,791.0,12.209,0.0,0.10454,93.072,5718.0,1.075,1.0,0.1259,Kepler-416 c,0,0.24557886,0,0,914.98221,Superterran
Kepler-1763 b,1.14651332,1.59,1822.0,1.480280042,0.0,0.0257,2597.27,5897.0,1.259,1.026,0.02,Kepler-1763 b,0,0.29173347,0,0,2101.1592,Terran
Kepler-625 c,1.05,1.16,1048.0,4.1653651,0.0,0.05379,932.132,5789.0,0.96,1.04,0.1,Kepler-625 c,0,0.29411405,0,0,1612.4775,Terran
Kepler-373 c,1.24,2.07,729.0,16.725948,0.0,0.126,103.756,5787.0,0.845,0.981,0.14,Kepler-373 c,0,0.30241422,0,0,915.67266,Terran
Kepler-404 b,1.27,2.15,730.0,11.829851,0.0,0.102,44.534,5654.0,0.884,0.86,-0.03,Kepler-404 b,0,0.31894146,0,0,741.95136,Terran
Kepler-442 b,1.34,2.36,241.0,112.3053,0.04,0.409,0.66,4402.0,0.598,0.609,-0.37,Kepler-442 b,1,0.83824202,1,1,263.03917,Terran
Kepler-172 d,2.25,5.69,736.0,14.627119,0.0,0.118,75.29,5526.0,1.085,1.081,0.39,Kepler-172 d,0,0.26184967,0,0,822.21334,Superterran
TOI-1736 b,3.18175535,12.3,1099.79,7.073076,0.0,0.073,329.6,5636.0,1.4286,1.0373,0.148,TOI-1736 b,0,0.23735357,0,0,1217.8627,Superterran
Kepler-329 c,1.93,4.38,402.0,18.684737,0.0,0.113,11.869,4257.0,0.523,0.602,-0.44,Kepler-329 c,0,0.40021119,0,0,489.36882,Superterran
HD 238090 b,2.52,6.89,469.6,13.671,0.3,0.0932,8.1,3933.0,0.57,0.578,-0.03,HD 238090 b,0,0.36418513,0,0,482.1851,Superterran
Kepler-923 b,1.38,2.48,1104.0,6.93366476,0.0,0.07592,390.636,5988.0,1.26,1.11,0.07,Kepler-923 b,0,0.28724527,0,0,1303.2343,Terran
Kepler-1322 b,1.61,3.22,1666.0,0.962867382,0.0,0.0183,2651.424,5488.0,0.87,0.9,-0.07,Kepler-1322 b,0,0.27441937,0,0,2006.55,Superterran
Kepler-1895 b,2.11934728,5.14,789.0,6.070290089,0.0,0.0615,91.45,5076.0,0.763,0.86,0.1,Kepler-1895 b,0,0.25725199,0,0,1016.2205,Superterran
Kepler-1766 b,2.27904508,5.81,406.0,105.0149994,0.0,0.4161,7.8,5868.0,1.042,0.915,-0.22,Kepler-1766 b,0,0.3792457,0,0,489.27912,Superterran
GJ 9827 c,1.13,1.86,715.94,3.648103,0.0,0.0395,73.0,4236.0,0.58,0.62,-0.29,GJ 9827 c,0,0.3105048,0,0,841.17541,Terran
HD 20329 b,1.72,7.42,2141.0,0.926118,0.0,0.018,3474.0,5596.0,1.13,0.9,-0.07,HD 20329 b,0,0.26893498,0,0,2205.6636,Superterran
LHS 3844 b,1.286,2.37,816.0,0.462929709,0.0,0.00624,73.67,3080.0,0.189,0.151,0.22,LHS 3844 b,0,0.30643918,0,0,833.25961,Terran
Kepler-1781 b,2.38091029,6.26,1003.0,4.88752985,0.0,0.0574,239.11,5568.0,0.957,1.053,0.44,Kepler-1781 b,0,0.24600052,0,0,975.48271,Superterran
Kepler-389 c,1.46,2.73,636.0,14.51143,0.0,0.11,22.735,5376.0,0.792,0.765,-0.1,Kepler-389 c,0,0.33364301,0,0,644.50929,Terran
Kepler-1753 b,2.22678077,5.59,583.0,16.00460052,0.0,0.1179,27.41,5180.0,0.769,0.86,0.0,Kepler-1753 b,0,0.30659205,0,0,606.97195,Superterran
Kepler-1386 b,1.24,2.07,1011.0,6.73972381,0.0,0.068,196.533,5733.0,1.03,1.02,0.11,Kepler-1386 b,0,0.29518587,0,0,1108.9732,Terran
Kepler-1564 b,1.47,2.76,635.0,18.0540381,0.0,0.1327,41.514,5528.0,0.9,0.93,0.03,Kepler-1564 b,0,0.31277793,0,0,730.7016,Terran
Kepler-250 b,1.13,1.51,938.0,4.148141,0.0,0.048,148.103,5160.0,0.805,0.806,0.01,Kepler-250 b,0,0.30083132,0,0,1009.3805,Terran
Kepler-406 c,0.85,2.71,1050.0,4.62332,0.0,0.05531,349.769,5538.0,1.07,1.07,0.18,Kepler-406 c,0,0.29442061,0,0,1257.7501,Terran
Kepler-607 b,0.87,0.59,1874.0,0.638163204,0.0,0.0137,2302.613,5196.0,0.8,0.84,-0.02,Kepler-607 b,0,0.29180598,0,0,1987.2781,Terran
Kepler-1151 b,2.22,5.56,485.0,65.6478424,0.0,0.3197,4.86,5470.0,0.85,0.88,-0.11,Kepler-1151 b,0,0.47826706,0,0,417.88252,Superterran
Kepler-50 c,2.17,8.2,1125.0,9.37647,0.0,0.087,388.444,6225.0,1.58,1.24,0.03,Kepler-50 c,0,0.24918376,0,0,1327.9016,Superterran
Kepler-1693 b,1.28938413,2.21,807.0,12.0999,0.0,0.1011,100.37,5432.34,0.878295,0.95,0.026,Kepler-1693 b,0,0.310571,0,0,798.08646,Terran
Kepler-1787 b,2.31898181,5.99,540.0,39.31370163,0.0,0.227,20.04,6060.0,0.925,1.008,-0.22,Kepler-1787 b,0,0.31808169,0,0,570.7062,Superterran
Kepler-290 b,2.25,5.69,594.0,14.589347,0.0,0.11,22.637,5147.0,0.743,0.756,-0.1,Kepler-290 b,0,0.30085203,0,0,619.05492,Superterran
Kepler-1457 b,1.99,4.62,478.0,51.1110243,0.0,0.26391,23.468,5866.0,1.01,1.01,-0.05,Kepler-1457 b,0,0.31072113,0,0,630.35124,Superterran
Kepler-1823 b,2.0861268,5.0,718.0,21.10339928,0.0,0.15332,78.0,6000.0,1.126,1.068,0.06,Kepler-1823 b,0,0.26625774,0,0,868.18813,Superterran
Kepler-207 b,1.57,3.09,1930.0,1.611865,0.0,0.029,4097.318,5920.0,1.588,1.313,0.29,Kepler-207 b,0,0.27604989,0,0,2297.3466,Terran
Wolf 327 b,1.24,2.53,996.0,0.5734745,0.0,0.01,233.9,3542.0,0.406,0.405,-0.17,Wolf 327 b,0,0.29481881,0,0,1125.7074,Terran
Kepler-80 e,1.6,4.13,629.0,4.64489,0.0035,0.0491,94.781,4540.0,0.678,0.73,0.04,Kepler-80 e,0,0.29358323,0,0,833.46003,Terran
Kepler-1073 d,1.48770949,2.82,1369.0,2.504760027,0.0,0.0352,828.59,5509.0,1.116,0.924,0.16,Kepler-1073 d,0,0.28117712,0,0,1524.5939,Terran
Kepler-1278 b,1.01,1.01,1213.0,3.23941344,0.0,0.04417,1314.67,6074.0,1.16,1.11,0.02,Kepler-1278 b,0,0.29395257,0,0,1735.076,Terran
Kepler-683 b,1.97,4.54,1332.0,2.539183179,0.0,0.0355,702.281,5703.0,0.95,0.96,-0.03,Kepler-683 b,0,0.25799518,0,0,1491.2874,Superterran
Kepler-558 b,2.37,6.21,498.0,29.00790538,0.0,0.1759,15.227,5242.0,0.81,0.85,-0.06,Kepler-558 b,0,0.32697042,0,0,549.91125,Superterran
Ross 128 b,1.11,1.4,301.0,9.8658,0.116,0.0496,1.38,3192.0,0.1967,0.168,-0.02,Ross 128 b,1,0.85772067,0,1,316.64171,Terran
Kepler-1894 c,1.21,1.92,1007.0,5.05368985,0.0,0.0576,243.06,5772.0,0.901,0.999,0.0,Kepler-1894 c,0,0.29835195,0,0,1026.1581,Terran
TOI-1411 b,1.19880592,2.0,976.4,1.4520527,0.0,0.02122,266.85,4115.0,0.614,0.6045,0.012,TOI-1411 b,0,0.29032656,0,0,1141.7252,Terran
Kepler-377 c,2.06,4.9,677.0,27.014976,0.0,0.182,49.855,5949.0,1.224,1.043,0.05,Kepler-377 c,0,0.27788037,0,0,764.52172,Superterran
TOI-1235 b,1.69,6.69,775.0,3.444714,0.049,0.03845,60.3,3997.0,0.619,0.63,0.33,TOI-1235 b,0,0.29250734,0,0,799.67245,Superterran
Kepler-1471 c,1.88,4.19,841.0,11.6044881,0.0,0.0981,118.5,5533.0,1.166,0.934,0.16,Kepler-1471 c,0,0.2808665,0,0,819.10772,Superterran
L 98-59 e,1.49,2.82,347.0,12.8278,0.012,0.0712,2.4,3415.0,0.3155,0.2923,-0.46,L 98-59 e,0,0.69173285,0,0,349.71904,Terran
Kepler-509 b,2.49,6.76,584.0,41.74600392,0.0,0.23702,28.481,6060.0,1.2,1.1,0.01,Kepler-509 b,0,0.27276451,0,0,673.78664,Superterran
Kepler-1932 b,1.51482218,2.91,1891.0,0.524177015,0.0,0.0123,2799.9,5278.0,0.815,0.911,0.14,Kepler-1932 b,0,0.27869176,0,0,2118.2293,Terran
Kepler-1120 b,1.38,2.48,1027.0,2.949029052,0.0,0.0369,206.874,4904.0,0.74,0.78,-0.04,Kepler-1120 b,0,0.29126117,0,0,1067.6093,Terran
LTT 1445 A c,1.147,1.54,508.0,3.1239035,0.223,0.02661,10.9,3340.0,0.265,0.257,-0.34,LTT 1445 A c,0,0.39175357,0,0,541.42092,Terran
Kepler-743 b,1.21,1.92,1101.0,3.179262921,0.0,0.04166,397.252,5486.0,0.85,0.94,0.01,Kepler-743 b,0,0.2933874,0,0,1271.5615,Terran
Kepler-1105 b,2.01,4.7,729.0,4.421572182,0.0,0.0471,47.18,4299.0,0.68,0.71,0.28,Kepler-1105 b,0,0.27979855,0,0,769.42283,Superterran
Kepler-575 b,2.39,6.3,803.0,9.37891944,0.0,0.0788,141.987,5710.0,0.95,0.97,0.0,Kepler-575 b,0,0.24553484,0,0,976.47789,Superterran
GJ 3090 b,2.18,4.52,723.0,2.85310198,0.25,0.0316,45.4,3707.0,0.516,0.519,0.12,GJ 3090 b,0,0.27533568,0,0,741.95901,Superterran
Kepler-1712 b,2.28372556,5.83,391.0,13.81499958,0.0,0.0903,5.52,3732.0,0.509,0.515,0.02,Kepler-1712 b,0,0.38258046,0,0,485.65923,Superterran
Kepler-737 b,1.96,4.5,298.0,28.59915399,0.0,0.1422,2.297,3813.0,0.48,0.51,-0.24,Kepler-737 b,0,0.62247318,0,0,360.7661,Superterran
GJ 887 b,1.8,3.9,426.0,9.2619,0.14,0.0683,7.8,3688.0,0.468,0.495,-0.06,GJ 887 b,0,0.4097419,0,0,483.24911,Superterran
TOI-1670 b,2.06,41.31769291,1062.0,10.98462,0.59,0.103,196.694,6170.0,1.316,1.21,0.09,TOI-1670 b,0,0.25620945,0,0,1101.5767,Superterran
Kepler-1438 b,0.94,0.779,1490.0,2.31942009,0.0,0.0346,561.12,5530.0,0.96,0.97,0.2,Kepler-1438 b,0,0.29382883,0,0,1660.1123,Terran
TOI-1062 b,2.265,10.15,1077.0,4.11296,0.177,0.052,232.0,5328.0,0.84,0.94,0.14,TOI-1062 b,0,0.24823389,0,0,1075.3907,Superterran
Kepler-1108 b,1.46,2.73,1063.0,4.51005748,0.0,0.0511,206.414,5406.0,0.84,0.88,-0.09,Kepler-1108 b,0,0.28718008,0,0,1097.0213,Terran
Kepler-1472 b,1.9,4.27,613.0,38.1312831,0.0,0.2322,57.079,6159.0,1.25,1.16,0.03,Kepler-1472 b,0,0.2867047,0,0,760.3165,Superterran
Kepler-744 b,1.62,3.26,750.0,12.06222443,0.0,0.09735,62.955,5594.0,0.93,0.94,0.0,Kepler-744 b,0,0.29560327,0,0,803.43528,Superterran
Kepler-1956 b,1.08940238,1.32,674.0,5.943719864,0.0,0.0563,48.82,4391.0,0.682,0.671,0.04,Kepler-1956 b,0,0.3402365,0,0,664.3873,Terran
Kepler-336 b,1.02,1.04,1625.0,2.024823,0.0,0.033,1652.5,5867.0,1.304,1.09,0.337,Kepler-336 b,0,0.29370436,0,0,1839.3677,Terran
WASP-132 c,1.841,6.26,1329.0,1.01153624,0.0,0.01833,791.0,4686.0,0.758,0.789,0.15,WASP-132 c,0,0.26387166,0,0,1510.7028,Superterran
Kepler-376 b,1.07,1.24,1242.0,4.920199,0.0,0.057,689.912,5900.0,1.175,0.968,-0.1038,Kepler-376 b,0,0.2945046,0,0,1479.9195,Terran
Kepler-828 b,1.51,2.89,1848.0,0.567857136,0.0,0.01228,1835.159,5039.0,0.77,0.81,-0.02,Kepler-828 b,0,0.2792,0,0,1882.4373,Terran
LHS 1815 b,1.088,1.58,617.0,3.814334,0.0,0.0404,26.3712,3643.0,0.501,0.502,-0.12,LHS 1815 b,0,0.34633039,0,0,644.14678,Terran
TOI-1801 b,2.079,5.738,493.7,10.64387,0.0,0.075,10.7276,3863.0,0.547,0.556,-0.19,TOI-1801 b,0,0.37428643,0,0,507.30935,Superterran
Kepler-99 b,1.48,6.15,810.0,4.60358,0.0,0.05071,108.042,4782.0,0.73,0.79,0.18,Kepler-99 b,0,0.29335307,0,0,912.44313,Terran
Kepler-1421 b,0.93,0.749,1209.0,6.9131112,0.0,0.07576,649.151,6335.0,1.42,1.25,0.05,Kepler-1421 b,0,0.29449132,0,0,1471.2892,Terran
Kepler-367 c,1.2,1.87,357.0,53.578637,0.0,0.253,3.761,4710.0,0.695,0.768,0.1974,Kepler-367 c,0,0.58415034,0,0,400.97312,Terran
Kepler-1446 b,0.82,0.477,1539.0,0.689967832,0.0,0.01405,1213.333,4865.0,0.75,0.81,0.11,Kepler-1446 b,0,0.29069494,0,0,1665.5818,Terran
Kepler-252 c,2.15,5.27,499.0,10.848463,0.0,0.08,20.507,4208.0,0.549,0.61,-0.13,Kepler-252 c,0,0.29699547,0,0,646.96461,Superterran
Kepler-111 b,1.58,3.12,1356.0,3.341815,0.0,0.046,677.503,5952.0,1.157,1.171,0.22,Kepler-111 b,0,0.27710648,0,0,1500.7094,Terran
Kepler-1329 b,2.17,5.35,577.0,9.33646594,0.0,0.0747,26.645,4500.0,0.69,0.72,0.02,Kepler-1329 b,0,0.28839783,0,0,675.32872,Superterran
Kepler-334 b,1.12,1.46,1090.0,5.470319,0.0,0.061,300.982,5828.0,1.068,1.022,-0.012,Kepler-334 b,0,0.29636453,0,0,1202.9861,Terran
Kepler-1185 b,1.33,2.33,355.0,104.3518976,0.0,0.4297,9.31,5622.0,0.87,0.96,-0.04,Kepler-1185 b,0,0.40875936,0,0,516.22953,Terran
Kepler-524 b,1.91,4.31,974.0,7.97419807,0.0,0.07955,434.237,6014.0,1.1,1.09,0.02,Kepler-524 b,0,0.26219107,0,0,1317.0046,Superterran
Kepler-303 b,0.89,0.64,802.0,1.937055,0.0,0.024,145.436,3944.0,0.485,0.575,-0.4136,Kepler-303 b,0,0.30110016,0,0,1005.3561,Terran
Kepler-273 b,1.5,2.86,1209.0,2.936532,0.0,0.037,285.636,5626.0,0.815,0.756,-0.28,Kepler-273 b,0,0.28303977,0,0,1229.0645,Terran
Kepler-518 b,2.11,5.1,839.0,8.512035877,0.0,0.07996,133.317,5842.0,0.88,0.96,-0.23,Kepler-518 b,0,0.25871038,0,0,987.83182,Superterran
Kepler-10 b,1.47,3.24,2188.0,0.8374907,0.0,0.01685,3741.78,5708.0,1.065,0.91,-0.15,Kepler-10 b,0,0.28055312,0,0,2287.5762,Terran
Kepler-1765 b,2.49508857,6.78,855.0,10.41889954,0.0,0.0917,126.48,5692.0,1.064,0.946,0.04,Kepler-1765 b,0,0.24567604,0,0,878.49815,Superterran
Kepler-121 c,2.27,5.77,425.0,41.008011,0.0,0.216,7.296,5311.0,0.701,0.859,-0.08,Kepler-121 c,0,0.39902458,0,0,471.1928,Superterran
Kepler-60 c,1.9,3.85,1023.0,8.9187,0.039,0.08422,236.0,5905.0,1.257,1.041,-0.09,Kepler-60 c,0,0.2636372,0,0,1231.2104,Superterran
Kepler-1334 b,2.29,5.86,710.0,15.64591713,0.0,0.1229,78.355,5614.0,0.91,0.94,-0.03,Kepler-1334 b,0,0.25883003,0,0,833.96837,Superterran
Kepler-1433 b,1.56,3.05,1226.0,4.13592271,0.0,0.0516,535.42,6097.0,1.19,1.14,0.07,Kepler-1433 b,0,0.27825244,0,0,1459.9927,Terran
Kepler-1330 b,1.65,3.36,879.0,10.10769068,0.0,0.0889,322.399,5608.0,0.94,0.97,0.08,Kepler-1330 b,0,0.27599043,0,0,1233.0328,Superterran
Kepler-284 b,2.24,5.65,686.0,12.699149,0.0,0.104,38.366,5615.0,0.814,0.766,-0.26,Kepler-284 b,0,0.27338216,0,0,733.09263,Superterran
Kepler-755 c,1.26,2.13,1016.0,2.853133644,0.0,0.037,302.574,5043.0,0.77,0.82,-0.01,Kepler-755 c,0,0.29362808,0,0,1154.3632,Terran
Kepler-53 d,2.12,37.1907,870.0,9.751962,0.0,0.091,144.852,6085.0,0.958,0.966,0.0,Kepler-53 d,0,0.25877361,0,0,973.65439,Superterran
Kepler-54 d,1.53,12.0946,328.0,20.995694,0.0,0.126,3.425,4252.0,0.554,0.518,-0.27,Kepler-54 d,0,0.60488086,0,0,383.25713,Terran
Kepler-371 b,1.89,4.23,554.0,34.763278,0.0,0.2,41.737,5666.0,0.992,0.876,-0.1975,Kepler-371 b,0,0.29019894,0,0,740.30473,Superterran
Kepler-1928 b,1.992,4.63,621.0,19.57783,0.43,0.194,37.8,5720.0,0.92,1.01,0.12,Kepler-1928 b,0,0.30891051,0,0,611.97915,Superterran
Kepler-332 b,1.17,1.71,703.0,7.626324,0.0,0.07,53.712,4955.0,0.72,0.743,-0.13,Kepler-332 b,0,0.31674277,0,0,776.92036,Terran
Kepler-986 b,2.36,6.17,465.0,56.4349938,0.0,0.29131,10.857,5642.0,0.98,0.96,0.04,Kepler-986 b,0,0.33842833,0,0,532.99236,Superterran
Kepler-1156 b,1.32,2.3,787.0,11.89520511,0.0,0.09704,83.014,5778.0,1.0,1.0,0.02,Kepler-1156 b,0,0.30219825,0,0,877.4701,Terran
Kepler-445 d,1.25,2.1,305.0,8.15275,0.0,0.0439,4.314,3157.0,0.21,0.18,0.27,Kepler-445 d,0,0.56191507,0,0,409.91448,Terran
Kepler-758 b,2.48,6.71,1005.0,12.1097104,0.0,0.10754,349.193,6228.0,1.42,1.16,-0.1,Kepler-758 b,0,0.23528673,0,0,1246.202,Superterran
Kepler-138 d,1.51,2.1,345.0,23.0923,0.01,0.1288,3.4,3841.0,0.535,0.535,-0.18,Kepler-138 d,0,0.59017988,0,0,389.91045,Terran
Kepler-1144 b,1.99,4.62,811.0,17.14647302,0.0,0.1291,62.061,5753.0,0.96,0.98,-0.03,Kepler-1144 b,0,0.27449752,0,0,826.91791,Superterran
Kepler-1124 b,1.28,2.18,621.0,2.852348975,0.0,0.0305,50.777,3658.0,0.34,0.35,-0.59,Kepler-1124 b,0,0.31451613,0,0,769.17578,Terran
Kepler-1412 b,0.83,0.498,1397.0,3.6146051,0.0,0.04608,1087.781,5880.0,1.27,1.06,0.04,Kepler-1412 b,0,0.29108657,0,0,1670.4176,Terran
Kepler-1305 b,1.88,4.19,733.0,13.5630972,0.0,0.1109,103.51,5701.0,0.96,0.97,0.01,Kepler-1305 b,0,0.27417976,0,0,906.69193,Superterran
Kepler-329 b,1.4,2.54,547.0,7.416397,0.0,0.061,40.689,4257.0,0.523,0.602,-0.44,Kepler-329 b,0,0.33001479,0,0,666.05578,Terran
Kepler-1578 b,1.04,1.12,1700.0,1.450886907,0.0,0.0252,1486.438,5545.0,0.86,0.9,-0.13,Kepler-1578 b,0,0.294069,0,0,1648.0685,Terran
Kepler-235 c,1.28,2.18,555.0,7.824904,0.0,0.065,14.2,4255.0,0.554,0.581,-0.51,Kepler-235 c,0,0.358722,0,0,598.36867,Terran
Kepler-1288 b,1.12,1.46,2017.0,2.76122421,0.0,0.04135,1342.5,6132.0,1.29,1.2,0.14,Kepler-1288 b,0,0.293093,0,0,1641.2733,Terran
Kepler-967 b,2.35,6.12,638.0,13.22713379,0.0,0.1027,39.1,5178.0,0.8,0.84,-0.03,Kepler-967 b,0,0.3055866,0,0,593.80014,Superterran
Kepler-947 b,2.28,5.82,573.0,26.9644317,0.0,0.1773,51.95,5508.0,0.87,0.9,-0.07,Kepler-947 b,0,0.27007107,0,0,741.4317,Superterran
Kepler-1542 c,0.65,0.208,1287.0,2.89223021,0.0,0.0387,786.082,5564.0,0.99,0.94,0.06,Kepler-1542 c,0,0.27893939,0,0,1518.6256,Subterran
Kepler-496 b,2.32,5.99,747.0,8.30864937,0.0,0.0747,62.926,5293.0,0.82,0.86,-0.03,Kepler-496 b,0,0.2578533,0,0,828.44794,Superterran
Kepler-49 d,1.6,235.982,717.0,2.576549,0.0,0.031,64.39,4252.0,0.559,0.549,0.03,Kepler-49 d,0,0.29197264,0,0,852.10806,Terran
Kepler-829 b,2.11,5.1,857.0,6.88337562,0.0,0.0678,247.47,5698.0,0.97,0.98,0.03,Kepler-829 b,0,0.25476271,0,0,1130.6044,Superterran
Kepler-1679 b,2.0692036,4.93,813.0,9.75376,0.0,0.0892,103.3,5501.0,0.873196,0.96,-0.04,Kepler-1679 b,0,0.26787147,0,0,858.01147,Superterran
Kepler-915 b,1.5,2.86,1319.0,4.59489604,0.0,0.05655,844.751,6173.0,1.38,1.21,0.08,Kepler-915 b,0,0.2802739,0,0,1618.1445,Terran
Kepler-1121 b,1.91,4.31,1008.0,13.15141081,0.0,0.11818,205.272,6231.0,1.59,1.29,0.12,Kepler-1121 b,0,0.265463,0,0,1097.6153,Superterran
Kepler-544 b,2.12,5.14,748.0,21.41616926,0.0,0.15482,126.031,6206.0,1.22,1.16,0.02,Kepler-544 b,0,0.25813453,0,0,989.89651,Superterran
Kepler-292 c,1.47,2.76,1001.0,3.715335,0.0,0.045,242.416,5299.0,0.826,0.865,0.04,Kepler-292 c,0,0.28629043,0,0,1117.0414,Terran
Kepler-990 c,1.53,2.96,2386.0,0.538354308,0.0,0.01232,5272.4,5948.0,1.08,1.05,0.01,Kepler-990 c,0,0.27779477,0,0,2480.4111,Terran
Kepler-1311 c,1.22,1.98,1671.0,2.53573424,0.0,0.03753,2144.553,5748.0,1.4,1.05,0.09,Kepler-1311 c,0,0.29007212,0,0,1967.8936,Terran
Kepler-1996 b,2.26,5.73,392.0,32.376183,0.0,0.1789,5.61,4580.0,0.675,0.748,0.08,Kepler-1996 b,0,0.40572154,0,0,465.9833,Superterran
Kepler-378 c,0.7,0.271,414.0,28.906009,0.0,0.166,8.166,4661.0,0.671,0.78,0.1369,Kepler-378 c,0,0.43551913,0,0,484.30781,Subterran
Kepler-1856 b,1.73447868,3.66,1344.0,1.302000046,0.0,0.0215,772.73,4948.0,0.816,0.782,0.14,Kepler-1856 b,0,0.26920511,0,0,1621.6469,Superterran
Kepler-1618 b,1.26,2.13,1267.0,6.10826019,0.0,0.07109,903.908,6620.0,1.65,1.41,0.04,Kepler-1618 b,0,0.28965758,0,0,1610.7316,Terran
Kepler-171 b,2.34,6.08,1053.0,4.166972,0.0,0.05,304.178,5642.0,0.839,0.978,0.17,Kepler-171 b,0,0.24203031,0,0,1229.3924,Superterran
Kepler-316 c,1.16,1.65,577.0,6.827766,0.0,0.058,37.377,4204.0,0.52,0.587,-0.23,Kepler-316 c,0,0.33073767,0,0,696.96589,Terran
Kepler-1322 c,2.15492527,5.29,883.0,6.459980011,0.0,0.0652,144.06,5704.0,0.804,0.897,-0.3,Kepler-1322 c,0,0.25408089,0,0,1063.0452,Superterran
Kepler-1969 b,1.68161001,3.47,999.0,6.647520065,0.0,0.0717,235.89,6046.0,1.007,1.111,0.07,Kepler-1969 b,0,0.28099121,0,0,968.09047,Superterran
Kepler-1063 b,1.49,2.83,931.0,14.07971466,0.0,0.1176,54.93,5945.0,1.14,1.09,0.09,Kepler-1063 b,0,0.29229905,0,0,923.04284,Terran
Kepler-173 b,1.29,2.21,1179.0,4.263742,0.0,0.048,599.495,6031.0,0.949,1.067,0.0357,Kepler-173 b,0,0.28996656,0,0,1370.2661,Terran
Kepler-333 b,1.32,28.2,480.0,12.551158,0.0,0.087,16.819,4259.0,0.534,0.601,0.0465,Kepler-333 b,0,0.37051522,0,0,571.69698,Terran
KOI-3503 c,1.21,10.36,686.0,31.828,0.0,0.18688,52.5,6001.0,1.255,0.858,-0.5428,KOI-3503 c,0,0.31500891,0,0,782.15924,Terran
Kepler-1132 b,2.35,6.12,384.0,62.8916228,0.0,0.2881,4.547,5298.0,0.83,0.87,-0.01,Kepler-1132 b,0,0.44764116,0,0,431.17532,Superterran
Kepler-1158 b,2.34,6.08,1079.0,13.5396293,0.0,0.12643,449.699,6203.0,1.95,1.41,0.18,Kepler-1158 b,0,0.24104567,0,0,1321.8023,Superterran
Kepler-212 b,1.09,1.32,830.0,16.257582,0.0,0.133,133.866,5852.0,1.455,1.166,0.22,Kepler-212 b,0,0.30250959,0,0,983.44415,Terran
TOI-700 b,0.914,0.704,417.0,9.977219,0.075,0.0677,4.98,3459.0,0.421,0.415,-0.07,TOI-700 b,0,0.52704018,0,0,430.00972,Terran
Kepler-862 b,2.21,5.52,1097.0,3.148664534,0.0,0.039,547.293,5333.0,0.84,0.88,0.04,Kepler-862 b,0,0.2468711,0,0,1372.9136,Superterran
Kepler-310 b,1.19,1.81,665.0,13.930698,0.0,0.111,45.97,5797.0,0.876,0.854,-0.12,Kepler-310 b,0,0.31970038,0,0,752.51304,Terran
Kepler-126 c,1.58,1.27942148,790.0,21.869741,0.19,0.162,112.128,6239.0,1.358,1.108,-0.16,Kepler-126 c,0,0.28768302,0,0,925.0785,Terran
Kepler-1698 b,1.07315686,1.25,1351.0,1.2107,0.0,0.02065,697.6,4975.03,0.741698,0.822,0.08,Kepler-1698 b,0,0.29437205,0,0,1498.5716,Terran
Kepler-777 b,1.47,2.76,569.0,5.72812599,0.0,0.0519,33.953,4043.0,0.56,0.58,-0.17,Kepler-777 b,0,0.31409039,0,0,723.33893,Terran
Kepler-1209 b,1.51,2.89,755.0,25.369116,0.0,0.17515,63.246,6210.0,1.38,1.23,0.12,Kepler-1209 b,0,0.29852039,0,0,826.11264,Terran
GJ 536 b,2.41,6.37,451.0,8.70874,0.0,0.0668,9.9,3641.0,0.529,0.528,-0.08,GJ 536 b,0,0.37099671,0,0,504.34973,Superterran
Kepler-360 b,1.65,3.36,1116.0,3.289672,0.0,0.044,415.434,6053.0,1.058,0.994,0.15,Kepler-360 b,0,0.2755264,0,0,1271.157,Superterran
Kepler-308 b,2.12,5.14,833.0,9.694928,0.0,0.09,108.64,5895.0,0.941,0.92,-0.04,Kepler-308 b,0,0.26263168,0,0,897.02442,Superterran
Kepler-825 c,1.84,4.04,981.0,8.1818246,0.0,0.0759,261.628,5976.0,1.08,1.03,-0.08,Kepler-825 c,0,0.26851032,0,0,1118.9344,Superterran
Kepler-895 b,1.54,2.99,771.0,2.806242328,0.0,0.0328,106.585,4315.0,0.61,0.65,-0.16,Kepler-895 b,0,0.28763843,0,0,971.60245,Terran
Kepler-1486 b,2.32,5.99,538.0,54.6495759,0.0,0.2846,22.372,5965.0,1.12,1.08,0.06,Kepler-1486 b,0,0.28869935,0,0,645.36896,Superterran
Kepler-758 c,1.69,3.5,1372.0,4.75793986,0.0,0.05768,1211.822,6228.0,1.42,1.16,-0.1,Kepler-758 c,0,0.27112184,0,0,1700.912,Superterran
Kepler-1210 b,1.7,3.53,856.0,8.07124073,0.0,0.0753,152.047,5568.0,0.92,0.94,0.04,Kepler-1210 b,0,0.28036227,0,0,962.22809,Superterran
K2-138 d,2.39,7.92,888.0,5.40479,0.043,0.05893,160.0,5356.3,0.863,0.935,0.14,K2-138 d,0,0.24448437,0,0,1004.5165,Superterran
Kepler-1905 b,1.4460734,2.69,1212.0,3.42392993,0.0,0.0451,508.75,5788.0,1.015,1.038,0.16,Kepler-1905 b,0,0.28422553,0,0,1335.3258,Terran
Kepler-167 b,1.718,3.6,918.0,4.3931539,0.0,0.04825,122.502,4884.0,0.749,0.777,0.02,Kepler-167 b,0,0.27955535,0,0,960.34408,Superterran
Kepler-362 c,1.45,2.7,543.0,37.866281,0.0,0.207,36.667,5788.0,0.722,0.904,-0.12,Kepler-362 c,0,0.31691682,0,0,713.16554,Terran
Kepler-93 b,1.478,4.66,1133.0,4.72673978,0.0,0.05343,275.0,5669.0,0.919,0.911,-0.18,Kepler-93 b,0,0.28489884,0,0,1170.9354,Terran
Kepler-271 b,1.23,2.04,759.0,10.43547805,0.0,0.08784,75.957,5555.0,0.87,0.9,-0.13,Kepler-271 b,0,0.30842235,0,0,837.89108,Terran
Kepler-254 d,2.5,6.8,686.0,18.746477,0.0,0.139,38.844,5957.0,0.91,0.849,-0.13,Kepler-254 d,0,0.26320769,0,0,718.07221,Superterran
Kepler-567 b,2.25,5.69,611.0,16.54297375,0.0,0.1229,26.137,5148.0,0.79,0.84,0.0,Kepler-567 b,0,0.29136433,0,0,648.48447,Superterran
Kepler-826 b,1.25,2.1,1305.0,4.48758907,0.0,0.05202,827.221,6079.0,1.15,1.05,-0.12,Kepler-826 b,0,0.29029391,0,0,1530.5889,Terran
GJ 1132 b,1.19151465,1.83704819,583.8,1.62892911,0.0118,0.0157,19.3,3229.0,0.2211,0.1945,-0.17,GJ 1132 b,0,0.36158321,0,0,596.34667,Terran
Kepler-128 b,1.421,3.79,968.0,15.0,0.0,0.12545,227.398,6072.0,1.659,1.184,-0.03,Kepler-128 b,0,0.28770814,0,0,1131.2257,Terran
Kepler-141 b,0.69,0.257,968.0,3.107675,0.0,0.039,228.663,4910.0,0.787,0.878,0.2643,Kepler-141 b,0,0.28697797,0,0,1126.9203,Subterran
Kepler-603 d,1.32,2.3,1098.0,6.2171292,0.0,0.07117,497.4,5808.0,1.01,1.01,0.03,Kepler-603 d,0,0.2887138,0,0,1396.9743,Terran
Kepler-374 c,1.1,1.37,1467.0,3.282807,0.0,0.042,966.591,5977.0,0.911,1.033,0.1111,Kepler-374 c,0,0.29341666,0,0,1643.618,Terran
Kepler-1591 b,1.27,2.15,892.0,8.18504949,0.0,0.0794,439.434,6082.0,1.16,1.1,0.01,Kepler-1591 b,0,0.29116045,0,0,1310.7361,Terran
Kepler-1479 b,1.83,4.01,746.0,14.53261362,0.0,0.11341,98.574,5796.0,0.98,0.99,-0.02,Kepler-1479 b,0,0.27633997,0,0,913.11718,Superterran
Kepler-515 b,1.46,2.73,564.0,19.96371318,0.0,0.1333,47.97,5293.0,0.83,0.9,0.08,Kepler-515 b,0,0.32945863,0,0,658.43127,Terran
TOI-763 b,2.28,9.79,1038.0,5.6057,0.04,0.06,182.935,5450.0,0.897,0.917,0.01,TOI-763 b,0,0.2476747,0,0,1074.7475,Superterran
Kepler-381 d,1.0667865,1.23,1387.0,8.256299973,0.0,0.08364,436.7,6197.0,2.188,1.198,-0.32,Kepler-381 d,0,0.29564193,0,0,1326.5269,Terran
Kepler-1390 b,1.18,1.76,934.0,6.48021673,0.0,0.0662,171.133,5753.0,0.98,0.98,-0.01,Kepler-1390 b,0,0.29821997,0,0,1055.5931,Terran
K2-233 d,2.363,10.3,525.0,24.3681,0.18,0.1516,12.7,4796.0,0.71,0.79,-0.082,K2-233 d,0,0.32850598,0,0,544.27045,Superterran
Kepler-1783 b,1.31946731,2.3,1088.0,8.277440071,0.0,0.07595,65.5,5129.0,1.781,0.887,-0.16,Kepler-1783 b,0,0.3093059,0,0,799.70564,Terran
Kepler-1034 b,2.26,5.73,675.0,12.12400943,0.0,0.0965,36.787,5198.0,0.8,0.83,-0.06,Kepler-1034 b,0,0.27471652,0,0,719.30299,Superterran
Kepler-1842 b,2.35388681,6.14,822.0,14.02639961,0.0,0.116,108.07,5970.0,1.131,1.057,0.06,Kepler-1842 b,0,0.25588139,0,0,832.14025,Superterran
Kepler-220 b,0.81,0.457,759.0,4.159807,0.0,0.046,105.001,4632.0,0.666,0.729,-0.1738,Kepler-220 b,0,0.30298029,0,0,908.96384,Terran
Kepler-409 b,1.199,6.0,438.0,68.9583216,0.69,0.3192,6.15,5421.0,0.897,0.913,0.05,Kepler-409 b,0,0.43784921,0,0,437.87963,Terran
Kepler-184 b,2.36,6.17,780.0,10.687576,0.0,0.092,70.361,5788.0,0.873,0.872,-0.1958,Kepler-184 b,0,0.25549478,0,0,833.26206,Superterran
Kepler-1485 b,1.47,2.76,728.0,19.9157725,0.0,0.14732,85.176,6087.0,1.12,1.11,0.02,Kepler-1485 b,0,0.29571529,0,0,882.49136,Terran
Kepler-1217 b,1.99,4.62,1542.0,2.032325072,0.0,0.0326,1302.948,5905.0,1.08,1.06,0.07,Kepler-1217 b,0,0.25631313,0,0,1673.2727,Superterran
Kepler-1912 b,1.35670508,2.41,976.0,6.059219837,0.0,0.06489,201.8,5734.0,0.962,0.977,0.04,Kepler-1912 b,0,0.29132933,0,0,1100.422,Terran
Kepler-738 b,2.5,6.8,530.0,24.58721573,0.0,0.1552,27.644,5327.0,0.82,0.86,-0.09,Kepler-738 b,0,0.27957782,0,0,645.99575,Superterran
GJ 1252 b,1.193,1.32,1090.0,0.5182331,0.0,0.00915,233.0,3458.0,0.391,0.381,0.1,GJ 1252 b,0,0.2961555,0,0,1125.1618,Terran
Kepler-120 b,2.15,8.5,575.0,6.312501,0.0,0.055,42.692,4096.0,0.534,0.654,-0.12,Kepler-120 b,0,0.26604279,0,0,830.79558,Superterran
TOI-1064 c,2.651,2.5,634.0,12.226574,0.088,0.09429,26.8,4734.0,0.726,0.748,0.05,TOI-1064 c,0,0.26984246,0,0,654.23243,Terran
Kepler-339 b,1.42,2.6,1023.0,4.977656,0.0,0.055,159.945,5631.0,0.802,0.87,0.033,Kepler-339 b,0,0.29093331,0,0,1024.458,Terran
Kepler-1409 b,1.04,1.12,1733.0,0.764864926,0.0,0.01553,1552.133,5160.0,0.79,0.83,-0.03,Kepler-1409 b,0,0.29362,0,0,1830.2218,Terran
Kepler-363 b,1.16,1.65,1347.0,3.614568,0.0,0.048,1000.243,5593.0,1.485,1.226,0.3965,Kepler-363 b,0,0.29235675,0,0,1620.1488,Terran
Kepler-589 b,2.27,5.77,656.0,16.54964934,0.0,0.1196,32.142,5296.0,0.83,0.88,0.01,Kepler-589 b,0,0.28189519,0,0,681.25536,Superterran
Kepler-301 d,1.75,3.71,725.0,13.751243,0.0,0.112,68.931,5815.0,0.9,1.022,0.187,Kepler-301 d,0,0.28731686,0,0,820.94963,Superterran
Kepler-769 c,1.79,3.86,803.0,15.9870174,0.0,0.1297,86.761,6186.0,1.28,1.19,0.06,Kepler-769 c,0,0.28007181,0,0,885.5346,Superterran
Kepler-1250 b,1.92,4.35,1431.0,2.607543834,0.0,0.0393,1866.193,5717.0,0.98,0.99,0.04,Kepler-1250 b,0,0.25957188,0,0,1767.9877,Superterran
Kepler-1459 b,1.36,2.42,349.0,62.8691611,0.0,0.2829,3.511,4828.0,0.74,0.78,0.01,Kepler-1459 b,0,0.57680628,0,0,400.27554,Terran
Kepler-97 b,1.48,3.51,1328.0,2.58664,0.0,0.03563,767.964,5779.0,0.98,0.94,-0.2,Kepler-97 b,0,0.28163376,0,0,1502.5909,Terran
HD 136352 d,2.562,8.82,431.0,107.245,0.0,0.425,5.74,5664.0,1.058,0.87,-0.24,HD 136352 d,0,0.41385496,0,0,445.38035,Superterran
Kepler-1898 b,0.93353523,0.76,1167.0,4.765620232,0.0,0.05063,204.6,5702.0,1.125,0.837,-0.28,Kepler-1898 b,0,0.29906686,0,0,1099.8672,Terran
Teegarden's Star c,1.02,1.05,209.0,11.416,0.04,0.0455,0.35,3034.0,0.12,0.097,-0.11,Teegarden's Star c,1,0.65900478,1,1,221.11916,Terran
Kepler-1426 b,1.56,3.05,797.0,14.2563227,0.0,0.1187,95.22,5831.0,1.02,1.02,0.03,Kepler-1426 b,0,0.2938901,0,0,852.02073,Terran
TOI-1075 b,1.791,9.95,1323.0,0.6047328,0.0,0.01159,509.2,3875.0,0.581,0.604,-0.08,TOI-1075 b,0,0.26758479,0,0,1383.1963,Superterran
Kepler-82 d,1.77,885.098,1253.0,2.382961,0.0,0.034,484.351,5428.0,0.945,0.946,0.2107,Kepler-82 d,0,0.26848884,0,0,1402.6072,Superterran
Kepler-602 b,2.09,5.02,852.0,15.28469497,0.0,0.1224,128.783,6062.0,1.13,1.08,-0.02,Kepler-602 b,0,0.25954754,0,0,992.05286,Superterran
Kepler-1911 b,1.011,1.01,987.0,5.990799904,0.0,0.0636,223.93,5721.0,0.972,0.954,0.0,Kepler-1911 b,0,0.29969545,0,0,1090.679,Terran
TOI-700 e,0.953,0.818,272.9,27.80978,0.059,0.134,1.27,3459.0,0.421,0.415,-0.07,TOI-700 e,1,0.91203186,0,1,305.68811,Terran
Kepler-1005 b,1.5,2.86,1026.0,6.49801525,0.0,0.06717,301.329,5782.0,1.06,1.0,0.02,Kepler-1005 b,0,0.28341224,0,0,1202.8527,Terran
Kepler-181 b,1.27,2.15,1041.0,3.137873,0.0,0.04,255.584,5333.0,0.749,0.81,-0.04,Kepler-181 b,0,0.29326569,0,0,1156.4997,Terran
Kepler-408 b,0.82,5.0,1561.0,2.46502,0.0,0.03592,1503.581,6104.0,1.23,1.08,-0.2,Kepler-408 b,0,0.29038757,0,0,1787.2643,Terran
KOI-1599.01,1.9,4.6,660.0,20.4415,0.014,0.14728,44.8,5833.0,0.972,1.02,0.06,KOI-1599.01,0,0.27947451,0,0,822.90237,Superterran
Kepler-1321 c,2.4,6.35,697.0,2.226491086,0.0,0.0267,115.909,4094.0,0.53,0.54,-0.45,Kepler-1321 c,0,0.24203868,0,0,1071.9386,Superterran
Kepler-295 d,1.36,2.42,533.0,33.884054,0.0,0.192,104.962,5603.0,0.898,0.89,-0.03,Kepler-295 d,0,0.29671667,0,0,943.02869,Terran
Kepler-466 c,1.25,2.1,1206.0,3.709213846,0.0,0.04658,410.4,5927.0,1.05,1.04,-0.01,Kepler-466 c,0,0.29207888,0,0,1283.6572,Terran
Kepler-917 b,1.91,4.31,991.0,2.970414375,0.0,0.0378,228.11,5418.0,0.76,0.8,-0.38,Kepler-917 b,0,0.25945734,0,0,2297.0985,Superterran
HD 207496 b,2.25,6.1,743.0,6.441008,0.231,0.0629,72.9,4819.0,0.769,0.8,0.095,HD 207496 b,0,0.25857206,0,0,852.86593,Superterran
Kepler-286 d,1.33,2.33,919.0,5.914323,0.0,0.061,173.9,5580.0,0.863,0.83,-0.25,Kepler-286 d,0,0.29260837,0,0,1089.5837,Terran
Kepler-1125 b,1.84,4.04,778.0,17.6700642,0.0,0.1348,41.04,5683.0,0.94,0.95,-0.09,Kepler-1125 b,0,0.26814234,0,0,1137.1836,Superterran
Kepler-560 b,1.72,3.61,298.0,18.47764449,0.17,0.0899,2.46,3556.0,0.33,0.34,-0.39,Kepler-560 b,0,0.65293369,0,0,356.45534,Superterran
Kepler-1816 b,1.9679397,4.53,310.0,91.50099945,0.0,0.35647,2.0,5051.0,0.706,0.786,-0.24,Kepler-1816 b,0,0.64727417,0,0,350.87151,Superterran
Kepler-1443 b,0.97,0.871,1602.0,2.41811321,0.0,0.03783,2809.165,6289.0,1.27,1.19,0.0,Kepler-1443 b,0,0.29333726,0,0,2071.341,Terran
Kepler-216 b,2.35,6.12,1069.0,7.693641,0.0,0.079,540.034,6091.0,1.26,1.126,-0.1489,Kepler-216 b,0,0.24011457,0,0,1379.1515,Superterran
K2-38 c,2.29,8.3,916.0,10.56103,0.161,0.09514,117.0,5731.0,1.06,1.03,0.26,K2-38 c,0,0.24198474,0,0,948.56057,Superterran
Kepler-638 b,1.83,4.01,1111.0,6.07972888,0.0,0.06695,872.567,5382.0,0.93,0.88,0.04,Kepler-638 b,0,0.26469928,0,0,1554.415,Superterran
Kepler-1589 b,1.09,1.32,2102.0,0.991665274,0.0,0.0205,5228.785,6166.0,1.25,1.18,0.08,Kepler-1589 b,0,0.29251624,0,0,2428.279,Terran
Kepler-215 b,1.62,3.26,784.0,9.360672,0.0,0.084,105.073,5739.0,1.027,0.788,-0.4425,Kepler-215 b,0,0.28595448,0,0,927.97415,Superterran
Kepler-1939 b,1.16480773,1.68,816.0,2.790659904,0.0,0.0334,104.74,4353.0,0.603,0.648,-0.18,Kepler-1939 b,0,0.30088024,0,0,988.67212,Terran
Kepler-975 b,1.48,2.79,1599.0,1.970342457,0.0,0.02898,328.698,4897.0,0.75,0.8,0.07,Kepler-975 b,0,0.28390171,0,0,1230.8474,Terran
HD 260655 b,1.24,2.14,709.0,2.76953,0.039,0.02933,42.2,3803.0,0.439,0.439,-0.43,HD 260655 b,0,0.32135851,0,0,733.20968,Terran
TOI-451 b,1.84,4.7,1474.0,1.8587033,0.0,0.0274,786.0,5490.0,0.85,0.93,0.02,TOI-451 b,0,0.26079353,0,0,1533.8479,Superterran
Kepler-417 c,2.69,7.7,616.0,15.943,0.0,0.1194,30.968,5177.0,0.806,0.9,-0.204,Kepler-417 c,0,0.267515,0,0,657.16338,Superterran
Kepler-253 b,1.63,3.29,949.0,3.783986,0.0,0.046,194.346,5208.0,0.786,0.86,0.15,Kepler-253 b,0,0.27994487,0,0,1073.4865,Superterran
Kepler-316 b,1.06,1.2,837.0,2.240508,0.0,0.027,164.776,4204.0,0.52,0.587,-0.23,Kepler-316 b,0,0.30143092,0,0,1021.5124,Terran
Kepler-228 b,1.53,2.96,1360.0,2.566546,0.0,0.038,863.776,6043.0,1.014,1.006,0.18,Kepler-228 b,0,0.27909047,0,0,1573.1992,Terran
Kepler-1367 b,0.92,0.721,998.0,1.574090272,0.0,0.0236,225.233,4106.0,0.6,0.62,-0.06,Kepler-1367 b,0,0.29857504,0,0,1112.2938,Terran
Kepler-1039 b,1.46,2.73,2080.0,0.934884242,0.0,0.01714,668.128,4870.0,0.74,0.79,0.01,Kepler-1039 b,0,0.28273128,0,0,1459.7101,Terran
K2-38 b,1.54,7.3,1266.0,4.01593,0.197,0.04994,426.0,5731.0,1.06,1.03,0.26,K2-38 b,0,0.27485586,0,0,1309.3689,Superterran
Kepler-479 b,2.12,5.14,649.0,12.49341307,0.0,0.09636,37.753,5247.0,0.81,0.86,-0.02,Kepler-479 b,0,0.2815093,0,0,721.07814,Superterran
Kepler-1038 c,1.4162338,2.59,784.0,7.127659798,0.0,0.0692,89.24,5159.0,0.821,0.868,0.16,Kepler-1038 c,0,0.29767511,0,0,887.91721,Terran
TRAPPIST-1 h,0.755,0.326,171.7,18.772866,0.00567,0.06189,0.144,2566.0,0.1192,0.0898,0.052,TRAPPIST-1 h,0,0.46227141,0,0,177.36356,Subterran
K2-199 b,1.73,6.9,913.0,3.2253993,0.02,0.0382,116.2,4491.0,0.682,0.711,-0.01,K2-199 b,0,0.27873821,0,0,965.23482,Superterran
Kepler-265 d,2.49,6.76,554.0,43.130617,0.0,0.236,18.941,5835.0,1.103,0.97,-0.11,Kepler-265 d,0,0.29842142,0,0,593.90847,Superterran
Kepler-524 c,0.96,0.84,1574.0,1.88897906,0.0,0.03046,2959.338,6014.0,1.1,1.09,0.02,Kepler-524 c,0,0.29321824,0,0,2127.9147,Terran
Kepler-1297 b,0.97,0.871,1790.0,1.68189002,0.0,0.0283,2760.593,5818.0,0.99,0.99,-0.04,Kepler-1297 b,0,0.293376,0,0,2034.8495,Terran
Kepler-617 b,1.32,2.3,750.0,1.682696148,0.0,0.0219,100.295,3712.0,0.48,0.51,-0.07,Kepler-617 b,0,0.2996277,0,0,917.17765,Terran
Kepler-1401 b,1.68,3.46,808.0,11.20066445,0.0,0.0975,100.91,5964.0,1.1,1.07,0.04,Kepler-1401 b,0,0.27985821,0,0,998.67278,Superterran
Kepler-81 d,1.21,1.92,418.0,20.837846,0.0,0.128,7.507,4500.0,0.595,0.648,-0.18,Kepler-81 d,0,0.44802916,0,0,482.02608,Terran
Kepler-11 b,1.8,1.9,849.0,10.3039,0.045,0.091,146.36,5663.0,1.065,0.961,0.05,Kepler-11 b,0,0.27307392,0,0,1021.7622,Terran
Kepler-529 c,2.0,4.66,891.0,12.8345022,0.0,0.1075,149.42,6087.0,1.14,1.07,-0.1,Kepler-529 c,0,0.26419471,0,0,988.48774,Superterran
Kepler-339 d,1.17,14.7,796.0,10.558345,0.0,0.091,58.651,5631.0,0.802,0.87,0.033,Kepler-339 d,0,0.31432558,0,0,796.44323,Terran
Kepler-1508 b,1.33,2.33,967.0,20.7056504,0.0,0.1629,116.145,6158.0,1.22,1.14,0.01,Kepler-1508 b,0,0.29654282,0,0,970.9905,Terran
Kepler-444 d,0.53,0.2,783.0,6.189392,0.18,0.06,109.638,5046.0,0.752,0.758,-0.55,Kepler-444 d,0,0.27289029,0,0,917.72544,Subterran
Kepler-304 c,2.17,5.35,746.0,5.315946,0.0,0.054,73.598,4731.0,0.687,0.737,0.03,Kepler-304 c,0,0.26377006,0,0,845.72397,Superterran
Kepler-192 d,1.02,1.04,926.0,6.47027579,0.0,0.0686,186.076,5487.0,0.94,0.94,0.13,Kepler-192 d,0,0.30065053,0,0,1054.4774,Terran
Kepler-167 d,1.238,2.06,538.0,21.80379,0.0,0.1404,14.489,4884.0,0.749,0.777,0.02,Kepler-167 d,0,0.37860821,0,0,562.9787,Terran
Kepler-654 b,2.07,4.94,831.0,13.72465129,0.0,0.11664,229.311,5865.0,1.11,1.04,0.04,Kepler-654 b,0,0.25688881,0,0,1123.5526,Superterran
K2-19 d,1.044,6.2,1258.0,2.50827,0.44,0.03478,404.0,5350.0,0.824,0.892,0.03,K2-19 d,0,0.29529813,0,0,1301.3565,Terran
Kepler-249 c,1.51,2.89,429.0,7.113702,0.0,0.058,12.529,3568.0,0.482,0.510238,-0.34,Kepler-249 c,0,0.4097103,0,0,505.19789,Terran
Kepler-1346 b,1.58,3.12,1236.0,3.40165668,0.0,0.044,545.575,6133.0,1.21,1.14,0.04,Kepler-1346 b,0,0.27796093,0,0,1365.2091,Terran
Kepler-672 b,2.5,6.8,529.0,38.3774623,0.0,0.2163,16.36,5627.0,0.92,0.95,-0.01,Kepler-672 b,0,0.30417664,0,0,579.95896,Superterran
Kepler-1610 c,2.09,5.02,433.0,44.9851885,0.0,0.2323,8.34,5295.0,0.8,0.825,-0.1,Kepler-1610 c,0,0.43428839,0,0,452.01299,Superterran
Kepler-783 c,2.33153725,6.04,840.0,7.05395,0.0,0.06903,113.3,5411.49,0.872088,0.94,-0.03,Kepler-783 c,0,0.24884932,0,0,963.04697,Superterran
GJ 367 b,0.699,0.633,1365.0,0.3219225,0.06,0.00709,579.0,3522.0,0.458,0.455,-0.01,GJ 367 b,0,0.28429496,0,0,1408.4927,Terran
Kepler-1560 b,0.89,0.64,1269.0,3.03195744,0.0,0.04175,593.919,5815.0,1.02,1.02,0.04,Kepler-1560 b,0,0.29409889,0,0,1415.8925,Terran
Kepler-771 b,1.82,3.97,890.0,8.73485836,0.0,0.0843,339.296,5906.0,1.05,1.03,0.01,Kepler-771 b,0,0.26785268,0,0,1215.5189,Superterran
Kepler-401 d,2.27,5.77,380.0,184.256405,0.0,0.66886,8.485,6184.0,1.29,1.17,0.02,Kepler-401 d,0,0.37503964,0,0,494.1612,Superterran
KOI-3503 b,1.19,9.2,785.0,21.185,0.0,0.14247,90.2,6001.0,1.255,0.858,-0.5428,KOI-3503 b,0,0.30516906,0,0,894.23535,Terran
Kepler-864 b,2.4,6.35,1143.0,5.83376092,0.0,0.0687,464.765,5754.0,1.0,1.0,0.04,Kepler-864 b,0,0.2391045,0,0,1237.2206,Superterran
Kepler-1812 b,2.3249424,6.01,1034.0,7.165219784,0.0,0.0765,270.34,6174.0,1.103,1.162,0.1,Kepler-1812 b,0,0.24283783,0,0,1222.0664,Superterran
Kepler-1952 b,1.23923346,2.07,725.0,27.21080017,0.0,0.1724,65.27,5973.0,1.305,0.922,-0.34,Kepler-1952 b,0,0.3099381,0,0,819.23197,Terran
Kepler-1161 b,2.13,5.18,485.0,10.71252541,0.0,0.0784,26.229,4253.0,0.57,0.59,-0.35,Kepler-1161 b,0,0.28389141,0,0,705.53326,Superterran
Kepler-1833 b,1.30027362,2.24,1177.0,6.892129898,0.0,0.07545,439.2,6164.0,1.446,1.286,0.38,Kepler-1833 b,0,0.28994441,0,0,1332.4421,Terran
Kepler-1123 b,1.67,3.43,1061.0,4.33946454,0.0,0.0497,190.016,5500.0,0.9,0.93,0.05,Kepler-1123 b,0,0.27761877,0,0,1088.9234,Superterran
Kepler-1002 b,1.71,3.57,1453.0,4.336429331,0.0,0.0564,981.68,6144.0,1.57,1.22,0.04,Kepler-1002 b,0,0.27039951,0,0,1616.3521,Superterran
Kepler-400 b,1.65,3.36,939.0,9.024389,0.0,0.087,183.39,5886.0,1.145,1.08,0.0844,Kepler-400 b,0,0.27921771,0,0,1064.5496,Superterran
Kepler-241 b,2.33,6.04,562.0,12.718092,0.0,0.094,23.6,4699.0,0.668,0.671,0.031,Kepler-241 b,0,0.28368063,0,0,661.62452,Superterran
Kepler-1163 b,1.03,1.08,1211.0,6.11786898,0.0,0.06868,511.757,6302.0,1.35,1.22,0.02,Kepler-1163 b,0,0.29547693,0,0,1380.6393,Terran
Kepler-942 b,2.13,5.18,379.0,44.96417488,0.0,0.22737,4.957,4861.0,0.75,0.81,0.09,Kepler-942 b,0,0.46657591,0,0,428.54902,Superterran
Kepler-786 b,2.43,6.48,348.0,53.5293487,0.0,0.25483,3.658,4838.0,0.74,0.81,0.09,Kepler-786 b,0,0.48228384,0,0,407.4514,Superterran
Kepler-1751 b,1.82417378,3.98,984.0,7.017310143,0.0,0.0712,221.46,6052.0,0.967,0.974,-0.26,Kepler-1751 b,0,0.26971013,0,0,1100.742,Superterran
Kepler-1954 b,1.80235934,3.9,949.0,5.883430004,0.0,0.0625,192.09,5840.0,0.849,0.942,-0.24,Kepler-1954 b,0,0.26926891,0,0,1180.9609,Superterran
Kepler-102 b,0.46,1.1,857.0,5.286965,0.1,0.05521,90.0,4909.0,0.724,0.803,0.11,Kepler-102 b,0,0.26131397,0,0,874.26781,Terran
Kepler-1272 b,2.37,6.21,542.0,51.1309704,0.0,0.2705,34.433,5926.0,1.09,1.06,0.06,Kepler-1272 b,0,0.27617091,0,0,684.45025,Superterran
Kepler-1480 b,1.67,3.43,721.0,22.12679948,0.0,0.1525,16.317,5156.0,0.81,0.85,0.07,Kepler-1480 b,0,0.3548187,0,0,568.90611,Superterran
Kepler-160 b,1.715,3.59,1134.0,4.309397,0.0,0.05511,396.619,5471.0,1.118,1.003,0.2,Kepler-160 b,0,0.27288613,0,0,1228.3166,Superterran
Kepler-197 e,0.91,0.693,691.0,25.209715,0.38,0.164,57.941,6004.0,1.12,0.857,-0.441,Kepler-197 e,0,0.31287736,0,0,799.69283,Terran
Kepler-1062 b,1.76,3.75,583.0,9.30412078,0.0,0.0748,33.76,4597.0,0.7,0.75,0.11,Kepler-1062 b,0,0.30222624,0,0,710.35382,Superterran
Kepler-269 c,1.69,3.5,875.0,8.127899,0.0,0.081,342.6,5847.0,0.959,0.92,0.4,Kepler-269 c,0,0.27384188,0,0,1249.3468,Superterran
Kepler-1542 d,0.87,0.59,1010.0,5.99273738,0.0,0.0629,297.806,5564.0,0.99,0.94,0.06,Kepler-1542 d,0,0.29596655,0,0,1191.4257,Terran
Kepler-352 c,1.24,2.07,591.0,16.332995,0.0,0.118,26.373,5212.0,0.781,0.798,-0.11,Kepler-352 c,0,0.3398446,0,0,653.10727,Terran
Kepler-370 c,1.91,4.31,647.0,19.02293,0.0,0.14,54.197,5852.0,0.9,0.982,0.1323,Kepler-370 c,0,0.28467797,0,0,771.54543,Superterran
Kepler-1980 b,2.21,5.52,564.0,33.0257179,0.0,0.2049,23.95,5819.0,0.99,1.049,0.14,Kepler-1980 b,0,0.27658144,0,0,723.02704,Superterran
Kepler-1963 b,0.74437023,0.337,1448.0,1.962260008,0.0,0.02915,612.3,5726.0,0.979,0.915,-0.1,Kepler-1963 b,0,0.287568,0,0,1435.7122,Subterran
Kepler-386 b,1.39,2.51,651.0,12.31043,0.0,0.096,43.262,5178.0,0.767,0.825,0.07,Kepler-386 b,0,0.31524364,0,0,736.6987,Terran
Kepler-288 b,1.67,3.43,1197.0,6.097326,0.0,0.065,247.301,5918.0,1.091,0.842,-0.24,Kepler-288 b,0,0.27604446,0,0,1165.3834,Superterran
Kepler-317 b,2.09,109.8,976.0,5.524242,0.0,0.061,151.652,5497.0,0.941,0.865,0.13,Kepler-317 b,0,0.25814723,0,0,1033.3813,Superterran
Kepler-9 d,1.64,8.41466053,2026.0,1.592851,0.0,0.0273,1339.658,5777.0,1.02,1.07,0.12,Kepler-9 d,0,0.27335169,0,0,1778.6652,Superterran
Kepler-336 c,2.1,5.06,967.0,9.600001,0.0,0.092,206.91,5867.0,1.304,1.09,0.337,Kepler-336 c,0,0.25586389,0,0,1101.6195,Superterran
Kepler-1203 b,1.06,1.2,1188.0,0.588000765,0.0,0.0114,723.806,4105.0,0.61,0.64,0.01,Kepler-1203 b,0,0.29390477,0,0,1648.0603,Terran
HD 213885 b,1.745,8.83,2128.0,1.008035,0.0,0.02012,1882.94,5978.0,1.1011,1.068,-0.04,HD 213885 b,0,0.26771445,0,0,2197.1592,Superterran
Kepler-798 b,2.39,6.3,864.0,13.71933369,0.0,0.1174,141.888,6224.0,1.29,1.19,0.03,Kepler-798 b,0,0.24647593,0,0,954.09468,Superterran
Kepler-1804 b,1.59615726,3.18,913.0,12.28849983,0.0,0.1017,164.61,5109.0,1.671,0.929,0.1,Kepler-1804 b,0,0.31925672,0,0,671.83874,Terran
GJ 3473 b,1.264,1.86,773.0,1.1980035,0.0,0.01589,59.4,3347.0,0.364,0.36,0.11,GJ 3473 b,0,0.31135508,0,0,798.66301,Terran
Kepler-1862 b,2.203,5.49,645.0,16.05730057,0.0,0.1199,41.04,5644.0,0.806,0.9,-0.24,Kepler-1862 b,0,0.27507888,0,0,734.1181,Superterran
Kepler-674 b,1.69,3.5,822.0,2.243381847,0.0,0.028,146.511,4192.0,0.57,0.6,-0.27,Kepler-674 b,0,0.27861328,0,0,1019.9914,Superterran
Kepler-885 b,2.5,6.8,830.0,18.11472949,0.0,0.14403,124.646,6187.0,1.35,1.21,0.11,Kepler-885 b,0,0.24080321,0,0,966.50479,Superterran
Kepler-1240 b,1.15,1.6,1121.0,4.8663815,0.0,0.05791,539.129,5682.0,0.96,0.98,0.04,Kepler-1240 b,0,0.29378874,0,0,1385.9512,Terran
Kepler-568 b,2.26,5.73,429.0,11.02347475,0.0,0.0794,8.37,3768.0,0.53,0.55,0.11,Kepler-568 b,0,0.39555291,0,0,474.80498,Superterran
Kepler-1186 b,2.23,5.6,724.0,16.07677615,0.0,0.1281,85.385,5635.0,0.93,0.95,0.0,Kepler-1186 b,0,0.26177962,0,0,833.97101,Superterran
Kepler-989 b,2.21,5.52,805.0,7.964315352,0.0,0.0734,74.35,5074.0,0.78,0.82,0.01,Kepler-989 b,0,0.26307767,0,0,830.47677,Superterran
Kepler-1579 b,0.84,0.52,1139.0,0.849907889,0.0,0.014,396.64,4584.0,0.7,0.75,0.11,Kepler-1579 b,0,0.29262588,0,0,1415.3424,Terran
Kepler-437 b,2.14,5.22,308.0,66.65062,0.02,0.288,2.15,4551.0,0.68,0.707,0.0,Kepler-437 b,0,0.64247814,0,0,345.71516,Superterran
Kepler-326 c,1.4,17.4,889.0,4.580358,0.0,0.051,303.62,5105.0,0.801,0.91,0.2385,Kepler-326 c,0,0.28832809,0,0,1163.8324,Terran
Kepler-1303 b,1.42,2.6,891.0,7.56127224,0.0,0.0751,182.375,5771.0,1.0,1.01,0.04,Kepler-1303 b,0,0.29017208,0,0,1048.5896,Terran
Kepler-1867 b,1.15985997,1.65,768.0,9.887359619,0.0,0.0872,82.32,5693.0,0.816,0.911,-0.24,Kepler-1867 b,0,0.29740297,0,0,1105.1399,Terran
Kepler-354 c,1.31,2.27,508.0,16.934402,0.0,0.115,14.404,4648.0,0.674,0.652,-0.03,Kepler-354 c,0,0.37623851,0,0,562.44052,Terran
Kepler-298 d,2.5,6.8,277.0,77.473633,0.0,0.305,1.715,4465.0,0.582,0.66,-0.21,Kepler-298 d,0,0.61724947,0,0,341.60609,Superterran
K2-131 b,1.69,7.9,2223.0,0.3693038,0.0,0.00936,4070.0,5120.0,0.7595,0.803,-0.04,K2-131 b,0,0.27036319,0,0,2257.0314,Superterran
Kepler-312 b,1.29,2.21,1685.0,1.772419,0.0,0.031,4124.022,6115.0,1.467,1.314,0.15,Kepler-312 b,0,0.28758598,0,0,2305.3914,Terran
Kepler-1891 b,1.52139156,2.93,1017.0,4.02229023,0.0,0.0473,253.28,5516.0,0.827,0.873,-0.14,Kepler-1891 b,0,0.28320419,0,0,1158.097,Terran
Kepler-996 b,1.98,4.58,1272.0,3.770590584,0.0,0.0474,723.081,6014.0,1.14,1.09,0.03,Kepler-996 b,0,0.25736492,0,0,1518.9251,Superterran
Kepler-397 b,2.46,6.62,539.0,22.250949,0.0,0.144,20.01,5307.0,0.767,0.844,-0.24,Kepler-397 b,0,0.29324852,0,0,610.58239,Superterran
Kepler-370 b,1.59,3.15,1040.0,4.57953,0.0,0.054,361.514,5852.0,0.9,0.982,0.1323,Kepler-370 b,0,0.27873224,0,0,1242.3062,Terran
Kepler-1387 b,0.93,0.749,1123.0,2.279526656,0.0,0.031,300.312,5046.0,0.77,0.82,0.02,Kepler-1387 b,0,0.29734233,0,0,1183.7082,Terran
Kepler-770 d,1.4,2.54,1941.0,4.15244722,0.0,0.0616,209.752,5598.0,0.92,0.94,-0.01,Kepler-770 d,0,0.28779795,0,0,1195.7356,Terran
Kepler-968 b,2.0,4.66,745.0,3.692983728,0.0,0.0389,103.909,4598.0,0.7,0.76,0.13,Kepler-968 b,0,0.26629495,0,0,940.15773,Superterran
Kepler-658 b,1.63,3.29,871.0,1.287076762,0.0,0.0188,223.745,4103.0,0.6,0.63,-0.04,Kepler-658 b,0,0.27672979,0,0,1250.5371,Superterran
LTT 3780 c,2.39,8.04,359.0,12.252284,0.024,0.0757,2.76,3358.0,0.38,0.381,0.06,LTT 3780 c,0,0.55893576,0,0,373.39499,Superterran
Kepler-916 b,1.76,3.75,503.0,32.2968798,0.0,0.1885,14.683,5248.0,0.81,0.85,-0.05,Kepler-916 b,0,0.35222904,0,0,564.63766,Superterran
HD 108236 b,1.615,3.24,1099.0,3.795963,0.045,0.04527,312.1807,5660.0,0.877,0.869,-0.28,HD 108236 b,0,0.27757026,0,0,1240.1245,Superterran
Kepler-1509 b,1.85,4.08,667.0,25.4338197,0.0,0.1707,83.081,5780.0,0.99,1.0,0.03,Kepler-1509 b,0,0.27767549,0,0,876.11025,Superterran
Kepler-1500 b,1.2,1.87,928.0,15.0330105,0.0,0.1236,131.818,5845.0,1.0,1.0,-0.05,Kepler-1500 b,0,0.30130725,0,0,958.66371,Terran
Kepler-1247 b,2.33,6.04,676.0,13.71220213,0.0,0.1091,41.472,5303.0,0.82,0.86,-0.05,Kepler-1247 b,0,0.27216382,0,0,714.10676,Superterran
Kepler-202 c,1.85,4.08,505.0,16.282493,0.0,0.113,17.07,4668.0,0.667,0.683,-0.21,Kepler-202 c,0,0.3330147,0,0,592.77011,Superterran
L 98-59 d,1.627,1.64,416.0,7.450729,0.006,0.0494,4.97,3415.0,0.3155,0.2923,-0.46,L 98-59 d,0,0.52714337,0,0,416.72568,Terran
Kepler-270 c,1.77,3.78,756.0,25.262887,0.0,0.18,62.241,6067.0,1.461,1.17,0.15,Kepler-270 c,0,0.28724548,0,0,811.50139,Superterran
Kepler-634 b,1.89,4.23,1309.0,5.16950177,0.0,0.05765,808.844,6075.0,1.24,1.03,-0.18,Kepler-634 b,0,0.26183258,0,0,1524.7955,Superterran
LHS 1140 c,1.272,1.91,422.0,3.77794,0.05,0.027,5.3,3096.0,0.2159,0.1844,-0.15,LHS 1140 c,0,0.51278419,0,0,434.68608,Terran
Kepler-666 b,2.4,6.35,1133.0,4.49876092,0.0,0.0542,575.644,5887.0,1.05,1.03,0.01,Kepler-666 b,0,0.23781496,0,0,1372.2267,Superterran
Kepler-319 b,1.63,3.29,1023.0,4.362705,0.0,0.051,253.665,5526.0,0.903,0.933,0.06,Kepler-319 b,0,0.27829314,0,0,1147.864,Superterran
Kepler-271 c,0.95,0.809,850.0,7.41086267,0.0,0.06993,119.631,5555.0,0.87,0.9,-0.13,Kepler-271 c,0,0.3050268,0,0,938.65709,Terran
Kepler-169 c,1.21,1.92,776.0,6.195469,0.0,0.062,82.853,4997.0,0.763,0.825,0.17,Kepler-169 c,0,0.30646133,0,0,868.41972,Terran
Kepler-1114 b,1.35,2.39,631.0,14.97435694,0.0,0.11056,39.321,5374.0,0.83,0.87,-0.08,Kepler-1114 b,0,0.3176512,0,0,732.12413,Terran
Kepler-930 b,2.13,5.18,561.0,71.4517775,0.0,0.34593,16.851,6335.0,1.4,1.25,0.04,Kepler-930 b,0,0.31186634,0,0,606.66385,Superterran
Kepler-1402 b,0.76,0.363,1789.0,2.03387914,0.0,0.0322,2491.119,5416.0,0.87,0.9,0.03,Kepler-1402 b,0,0.28686685,0,0,2074.902,Subterran
K2-233 c,1.272,4.6,794.0,7.06024,0.0,0.0664,66.2,4796.0,0.71,0.79,-0.082,K2-233 c,0,0.30762666,0,0,822.51374,Terran
Kepler-1207 b,1.62,3.26,802.0,13.68237119,0.0,0.1156,352.508,5909.0,1.06,1.06,0.05,Kepler-1207 b,0,0.2775831,0,0,1221.6495,Superterran
Kepler-583 b,2.28,5.82,1017.0,6.5100253,0.0,0.0689,178.699,5523.0,0.91,0.94,0.07,Kepler-583 b,0,0.24879626,0,0,1034.108,Superterran
HD 108236 c,2.071,4.94,932.0,6.203449,0.034,0.062,162.1675,5660.0,0.877,0.869,-0.28,HD 108236 c,0,0.25832924,0,0,1059.7375,Superterran
Kepler-189 c,2.38,22.7,544.0,20.134866,0.0,0.137,18.811,5235.0,0.75,0.803,-0.04,Kepler-189 c,0,0.3012085,0,0,600.57222,Superterran
Kepler-380 c,1.27,2.15,1056.0,7.630004,0.0,0.078,333.565,6045.0,1.224,0.99,-0.16,Kepler-380 c,0,0.29239891,0,0,1208.8662,Terran
HD 23472 c,1.87,3.41,467.0,29.79749,0.063,0.1646,7.96,4684.0,0.71,0.67,-0.2,HD 23472 c,0,0.39817646,0,0,494.71236,Superterran
Kepler-713 b,2.48,6.71,905.0,7.411141,0.0,0.0748,228.283,5785.0,0.99,0.98,-0.03,Kepler-713 b,0,0.23755803,0,0,1104.6501,Superterran
Kepler-759 b,2.27,5.77,533.0,41.805985,0.0,0.2329,19.02,5860.0,1.04,1.04,0.06,Kepler-759 b,0,0.30039597,0,0,617.43434,Superterran
Kepler-594 b,2.18,5.39,678.0,13.64618192,0.0,0.1089,59.396,5485.0,0.87,0.91,-0.03,Kepler-594 b,0,0.26980328,0,0,780.1203,Superterran
Kepler-1174 b,1.59,3.15,1156.0,6.89225223,0.0,0.0732,641.814,5936.0,1.04,1.04,-0.04,Kepler-1174 b,0,0.27683378,0,0,1463.5918,Terran
Kepler-341 c,1.7,3.53,940.0,8.01041,0.0,0.08,237.43,6012.0,1.024,0.976,0.07,Kepler-341 c,0,0.27602227,0,0,1094.2852,Superterran
Kepler-753 b,1.91,4.31,641.0,5.747725012,0.0,0.054,41.674,4346.0,0.65,0.68,-0.03,Kepler-753 b,0,0.28731033,0,0,752.45172,Superterran
Kepler-865 b,2.49,6.76,694.0,14.16399294,0.0,0.1057,46.362,5570.0,0.92,0.93,-0.01,Kepler-865 b,0,0.25928214,0,0,745.39766,Superterran
Kepler-1194 b,1.51,2.89,676.0,16.22371307,0.0,0.1212,49.35,5590.0,0.92,0.94,0.0,Kepler-1194 b,0,0.30516993,0,0,768.1114,Terran
Kepler-1235 b,0.79,0.418,985.0,4.16055856,0.0,0.04836,265.325,5541.0,0.9,0.93,0.01,Kepler-1235 b,0,0.29287642,0,0,1186.8198,Subterran
TOI-1266 b,2.52,4.46,415.0,10.8945,0.039,0.073,4.72,3563.0,0.4232,0.437,-0.109,TOI-1266 b,0,0.45212485,0,0,426.84115,Superterran
TRAPPIST-1 c,1.097,1.308,339.7,2.421937,0.00654,0.0158,2.214,2566.0,0.1192,0.0898,0.052,TRAPPIST-1 c,0,0.73055616,0,0,351.03128,Terran
Kepler-102 d,1.154,3.0,686.0,10.311767,0.092,0.08618,36.9,4909.0,0.724,0.803,0.11,Kepler-102 d,0,0.33000703,0,0,699.82913,Terran
Kepler-1146 b,1.23,2.04,1019.0,2.352265797,0.0,0.0325,227.962,4692.0,0.7,0.74,-0.06,Kepler-1146 b,0,0.29562788,0,0,1102.7672,Terran
Kepler-106 d,0.95,8.1,649.0,23.9802,0.0,0.16063,45.357,5858.0,1.04,1.0,-0.12,Kepler-106 d,0,0.32211309,0,0,753.27149,Terran
Kepler-1512 b,1.18,1.76,322.0,20.35972599,0.0,0.13693,1.6,4372.0,0.67,0.73,0.2,Kepler-1512 b,0,0.81184745,0,0,327.39512,Terran
Kepler-1497 b,1.66,3.39,924.0,8.74199772,0.0,0.0817,172.38,5675.0,0.95,0.96,0.01,Kepler-1497 b,0,0.28220129,0,0,965.08262,Superterran
Kepler-23 d,2.206,4.44,896.0,15.27,0.01,0.12012,161.038,5828.0,1.548,1.078,-0.112,Kepler-23 d,0,0.25287101,0,0,1026.9296,Superterran
Kepler-619 c,1.69,3.5,1767.0,1.208465026,0.0,0.02216,1652.907,5980.0,1.11,1.09,0.05,Kepler-619 c,0,0.27076164,0,0,1874.2791,Superterran
Kepler-1860 b,1.13863767,1.55,697.0,12.73719978,0.0,0.10625,56.3,5420.0,0.868,0.874,0.0,Kepler-1860 b,0,0.31337066,0,0,811.26483,Terran
Kepler-187 b,1.41,2.57,1244.0,4.938864,0.0,0.059,902.239,6105.0,1.287,1.081,-0.04,Kepler-187 b,0,0.2842914,0,0,1573.0753,Terran
Kepler-1342 b,1.66,3.39,1283.0,2.215710358,0.0,0.0313,559.275,5527.0,0.9,0.93,0.03,Kepler-1342 b,0,0.27390024,0,0,1399.2759,Superterran
Kepler-1064 b,1.55,3.02,570.0,16.54080322,0.0,0.1183,24.87,5153.0,0.79,0.85,0.0,Kepler-1064 b,0,0.32360787,0,0,664.02304,Terran
Kepler-1588 b,0.76,0.363,925.0,7.84931739,0.0,0.07419,359.79,5817.0,0.99,0.96,-0.14,Kepler-1588 b,0,0.2898751,0,0,1283.6813,Subterran
Kepler-309 b,1.56,3.05,531.0,5.923653,0.0,0.059,99.493,4713.0,0.721,0.816,0.27,Kepler-309 b,0,0.2939628,0,0,851.13709,Terran
Kepler-908 b,1.22,1.98,1783.0,1.340597468,0.0,0.02526,3304.101,5973.0,1.12,1.11,0.15,Kepler-908 b,0,0.28989695,0,0,2130.9686,Terran
Kepler-333 c,1.11,1.41,386.0,24.08821,0.0,0.135,7.049,4259.0,0.534,0.601,0.0465,Kepler-333 c,0,0.48074054,0,0,458.94288,Terran
Kepler-394 d,1.50066814,2.86,1165.0,5.613580227,0.0,0.05904,302.0,6398.0,1.101,1.141,-0.14,Kepler-394 d,0,0.28394775,0,0,1166.9688,Terran
Kepler-1107 b,1.34,2.36,1897.0,0.571038518,0.0,0.01285,2387.261,5268.0,0.82,0.86,0.01,Kepler-1107 b,0,0.2860482,0,0,2015.9987,Terran
Kepler-1917 b,1.88971288,4.23,675.0,12.90240002,0.0,0.103,48.99,5530.0,0.788,0.882,-0.22,Kepler-1917 b,0,0.28783599,0,0,755.97409,Superterran
Kepler-255 d,1.32,2.3,1710.0,1.045622658,0.0,0.0192,1686.09,5431.0,0.86,0.9,0.02,Kepler-255 d,0,0.28698522,0,0,1868.6368,Terran
Kepler-186 c,1.25,2.1,464.0,7.267302,0.0,0.0451,13.98,3788.0,0.472,0.478,-0.28,Kepler-186 c,0,0.35461194,0,0,610.36167,Terran
Kepler-1312 c,1.02732734,1.07,1659.0,1.116119981,0.0,0.02103,1770.2,5721.0,0.905,0.983,0.02,Kepler-1312 c,0,0.29360591,0,0,1879.7599,Terran
KOI-351 b,1.31,2.27,1062.0,7.008151,0.0,0.074,316.442,6080.0,1.2,1.2,-0.12,KOI-351 b,0,0.29067345,0,0,1234.6949,Terran
Kepler-185 c,2.02,4.74,530.0,20.729042,0.0,0.139,16.029,5208.0,0.806,0.763,-0.14,Kepler-185 c,0,0.3309561,0,0,577.32202,Superterran
Kepler-1431 b,1.47,2.76,1064.0,5.86601526,0.0,0.0648,469.819,5806.0,1.03,1.03,0.07,Kepler-1431 b,0,0.28353123,0,0,1299.8344,Terran
Kepler-107 c,1.597,10.0,1378.0,4.901452,0.08,0.06064,602.0,5854.0,1.447,1.238,0.321,Kepler-107 c,0,0.27663158,0,0,1440.0312,Terran
Kepler-1200 b,1.06,1.2,1174.0,1.118549717,0.0,0.0188,544.534,4612.0,0.7,0.74,0.04,Kepler-1200 b,0,0.29503059,0,0,1411.2261,Terran
HD 219134 b,1.602,4.74,1015.0,3.092926,0.0,0.03876,176.2,4699.0,0.778,0.81,0.11,HD 219134 b,0,0.28198425,0,0,1048.2953,Superterran
Kepler-381 b,0.99,0.937,1576.0,5.629021,0.0,0.066,716.085,6152.0,1.568,1.144,-0.2016,Kepler-381 b,0,0.29476803,0,0,1505.4057,Terran
Kepler-834 b,2.02,4.74,378.0,13.32388301,0.0,0.0862,11.845,4554.0,0.66,0.7,-0.13,Kepler-834 b,0,0.30656741,0,0,638.1487,Superterran
Kepler-1283 b,1.91,4.31,764.0,12.9460978,0.0,0.1062,80.34,6175.0,1.25,1.16,0.04,Kepler-1283 b,0,0.2609237,0,0,1505.266,Superterran
Kepler-888 b,1.76,3.75,417.0,70.6979061,0.0,0.31481,7.854,5875.0,0.9,0.97,-0.21,Kepler-888 b,0,0.40998639,0,0,490.04798,Superterran
Kepler-717 b,2.42,6.44,1139.0,4.40840023,0.0,0.052,398.0,5485.0,0.85,0.88,-0.12,Kepler-717 b,0,0.23524299,0,0,1786.1744,Superterran
Kepler-371 c,1.78,3.82,443.0,67.968015,0.0,0.313,17.063,5666.0,0.992,0.876,-0.1975,Kepler-371 c,0,0.33731442,0,0,591.77056,Superterran
Kepler-311 d,2.05,4.86,327.0,232.040326,0.0,0.7326,2.71,5903.0,1.156,0.974,-0.1,Kepler-311 d,0,0.57774218,0,0,375.61425,Superterran
Kepler-772 b,1.82,3.97,866.0,12.99207337,0.0,0.11153,264.576,5714.0,1.11,0.98,0.03,Kepler-772 b,0,0.26880177,0,0,1155.5288,Superterran
Kepler-342 c,1.96,4.5,754.0,26.234138,0.0,0.185,77.29,6175.0,1.472,1.213,-0.0006,Kepler-342 c,0,0.27264538,0,0,868.13978,Superterran
HD 23472 b,2.0,8.32,543.0,17.667087,0.072,0.1162,16.0,4684.0,0.71,0.67,-0.2,HD 23472 b,0,0.32631442,0,0,588.75086,Superterran
Kepler-1311 b,1.24,2.07,1019.0,11.1726994,0.0,0.10082,296.92,5748.0,1.4,1.05,0.09,Kepler-1311 b,0,0.29346979,0,0,1200.4038,Terran
Kepler-292 b,1.32,2.3,1130.0,2.580827,0.0,0.035,394.301,5299.0,0.826,0.865,0.04,Kepler-292 b,0,0.28991721,0,0,1266.6059,Terran
HR 858 b,2.004,3.55,1552.0,3.585287,0.0,0.04888,989.7,6354.0,1.258,1.204,0.025,HR 858 b,0,0.25168207,0,0,1616.4085,Superterran
Kepler-1009 b,2.17,5.35,403.0,11.35011917,0.0,0.0796,11.561,4027.0,0.57,0.59,-0.12,Kepler-1009 b,0,0.32253236,0,0,577.72211,Superterran
Kepler-1293 b,0.97,0.871,1183.0,5.57654784,0.0,0.06763,929.122,6241.0,1.28,1.18,0.0,Kepler-1293 b,0,0.29433799,0,0,1586.6561,Terran
Kepler-780 b,0.89,0.64,2099.0,0.677375164,0.0,0.015,4572.56,5769.0,1.02,1.01,0.05,Kepler-780 b,0,0.29200203,0,0,2372.0831,Terran
Kepler-960 b,2.29,5.86,1391.0,3.12686223,0.0,0.03807,129.223,4755.0,0.72,0.77,0.02,Kepler-960 b,0,0.25000568,0,0,984.40849,Superterran
Kepler-295 c,1.17,1.71,621.0,21.526258,0.0,0.142,141.4,5603.0,0.898,0.89,-0.03,Kepler-295 c,0,0.29737478,0,0,1096.5573,Terran
Kepler-1310 b,1.44,2.67,1883.0,0.679336272,0.0,0.01452,2830.91,5549.0,0.88,0.91,-0.07,Kepler-1310 b,0,0.28196248,0,0,2117.3598,Terran
Kepler-1154 b,2.34,6.08,1314.0,5.1856142,0.0,0.0631,652.966,6327.0,1.43,1.26,0.04,Kepler-1154 b,0,0.23995056,0,0,1485.6306,Superterran
Kepler-1871 b,2.42172881,6.44,1403.0,1.952700019,0.0,0.0308,917.15,5741.0,0.946,1.02,0.12,Kepler-1871 b,0,0.23550099,0,0,1642.1021,Superterran
Kepler-142 b,1.99,4.62,1597.0,2.024152,0.0,0.032,1247.908,5790.0,1.269,0.978,0.05,Kepler-142 b,0,0.25621469,0,0,1710.4112,Superterran
Kepler-794 b,2.11,5.1,952.0,11.13125132,0.0,0.10036,299.97,5839.0,1.38,1.19,0.34,Kepler-794 b,0,0.2536468,0,0,1196.0398,Superterran
Kepler-1655 b,2.213,5.4,938.0,11.8728787,0.19,0.1029,129.1,6148.0,1.03,1.03,-0.24,Kepler-1655 b,0,0.25399254,0,0,971.57964,Superterran
Kepler-33 c,3.2,0.39,1009.0,13.17562,0.0,0.1189,241.759,5904.0,1.82,1.291,0.025,Kepler-33 c,0,0.20665889,0,0,1149.0385,Subterran
Kepler-355 b,1.46,2.73,840.0,11.03189,0.0,0.102,154.803,6184.0,1.066,0.933,-0.06,Kepler-355 b,0,0.28980522,0,0,1007.8025,Terran
Kepler-1693 c,0.97698289,0.894,1059.0,5.363709927,0.0,0.0588,296.73,5553.0,1.098,0.941,0.16,Kepler-1693 c,0,0.30087632,0,0,1046.4943,Terran
Kepler-1968 b,1.50004034,2.86,744.0,7.281099796,0.0,0.0696,72.16,5008.0,0.788,0.844,0.18,Kepler-1968 b,0,0.30823588,0,0,750.103,Terran
Kepler-1331 b,1.05,1.16,1244.0,0.789161653,0.0,0.0142,547.294,4508.0,0.69,0.72,0.05,Kepler-1331 b,0,0.29499103,0,0,1430.6432,Terran
Kepler-844 b,1.68,3.46,713.0,2.613020856,0.0,0.0298,89.652,4128.0,0.57,0.59,-0.24,Kepler-844 b,0,0.28055593,0,0,980.77049,Superterran
Kepler-1427 b,1.1,1.37,1844.0,0.968972376,0.0,0.0197,2730.51,5793.0,1.01,1.01,0.06,Kepler-1427 b,0,0.29262017,0,0,2068.6757,Terran
Kepler-1596 b,1.9,4.27,471.0,66.373379,0.0,0.3237,33.378,5706.0,0.92,0.95,-0.11,Kepler-1596 b,0,0.30994494,0,0,648.04352,Superterran
Kepler-1483 b,1.52,2.92,1131.0,9.5085156,0.0,0.0958,265.018,6337.0,1.4,1.25,0.04,Kepler-1483 b,0,0.28310702,0,0,1166.1187,Terran
Kepler-1357 b,1.28,2.18,1177.0,3.0091324,0.0,0.041,449.975,5597.0,0.9,0.93,-0.06,Kepler-1357 b,0,0.2908756,0,0,1306.2719,Terran
Kepler-208 b,1.63,3.29,1379.0,4.22864,0.0,0.054,639.576,6092.0,1.314,1.082,-0.0423,Kepler-208 b,0,0.27485465,0,0,1479.0356,Superterran
Kepler-1468 b,1.73,3.64,1093.0,8.23984869,0.0,0.0817,481.352,5893.0,1.05,1.04,0.03,Kepler-1468 b,0,0.27072925,0,0,1366.358,Superterran
Kepler-653 c,0.78,0.399,2078.0,0.900376476,0.0,0.01855,3743.275,5665.0,1.19,1.02,0.23,Kepler-653 c,0,0.28788196,0,0,2259.0147,Subterran
HD 80653 b,1.613,5.72,2463.0,0.719573,0.0,0.01661,6130.0,5959.0,1.22,1.18,0.255,HD 80653 b,0,0.27391442,0,0,2562.9534,Superterran
Kepler-1553 b,1.15,1.6,926.0,4.24261881,0.0,0.0481,166.106,5288.0,0.81,0.85,-0.09,Kepler-1553 b,0,0.29824665,0,0,1079.824,Terran
Kepler-846 b,2.48,6.71,624.0,19.80792185,0.0,0.1399,35.276,5579.0,0.91,0.94,0.0,Kepler-846 b,0,0.27206583,0,0,678.83881,Superterran
Kepler-1336 c,1.71,3.57,1260.0,5.77721211,0.0,0.06272,662.713,5512.0,1.3,0.94,0.05,Kepler-1336 c,0,0.27109083,0,0,1459.3546,Superterran
TOI-1266 c,1.98,3.17,346.0,18.8027,0.071,0.105,2.42,3563.0,0.4232,0.437,-0.109,TOI-1266 c,0,0.6755864,0,0,356.15516,Terran
Kepler-307 c,2.2,3.64,739.0,13.0729,0.0,0.10896,44.0,5367.0,0.814,0.907,0.19,Kepler-307 c,0,0.26447744,0,0,820.61584,Superterran
K2-126 b,1.97,4.54,601.0,7.385655,0.06,0.0656,35.3,4339.0,0.65,0.69,0.02,K2-126 b,0,0.29823506,0,0,677.44773,Superterran
Kepler-123 c,1.48,2.79,706.0,26.695074,0.0,0.181,77.399,6089.0,1.264,1.079,-0.08,Kepler-123 c,0,0.29723615,0,0,856.22171,Terran
Kepler-1814 c,1.76,3.75,1711.0,0.626281766,0.0,0.0133,2011.27,4922.0,0.823,0.79,0.2,Kepler-1814 c,0,0.26734786,0,0,1864.2309,Superterran
Kepler-147 b,1.53,2.96,953.0,12.610584,0.0,0.113,224.61,6012.0,1.468,1.145,0.1,Kepler-147 b,0,0.28412375,0,0,1094.2997,Terran
Kepler-342 b,2.25,5.69,905.0,15.170318,0.0,0.128,160.261,6175.0,1.472,1.213,-0.0006,Kepler-342 b,0,0.24996656,0,0,1043.6876,Superterran
Kepler-1602 b,1.34,2.36,1159.0,11.17931605,0.0,0.09744,124.507,6296.0,1.36,1.22,0.02,Kepler-1602 b,0,0.29555545,0,0,985.53801,Terran
Kepler-1598 b,0.95,0.809,1236.0,4.34195123,0.0,0.05207,308.46,5940.0,1.09,1.07,0.04,Kepler-1598 b,0,0.2969431,0,0,1225.3784,Terran
Kepler-286 c,1.37,2.45,1098.0,3.468095,0.0,0.042,353.0,5580.0,0.863,0.83,-0.25,Kepler-286 c,0,0.28753989,0,0,1313.1093,Terran
Kepler-1921 c,1.41,2.57,1791.0,3.15722086,0.0,0.0454,2436.47,6120.0,2.0,1.251,0.02,Kepler-1921 c,0,0.2831826,0,0,2147.3241,Terran
Kepler-250 c,2.28,5.82,782.0,7.156804,0.0,0.069,71.499,5160.0,0.805,0.806,0.01,Kepler-250 c,0,0.25864901,0,0,841.88152,Superterran
Kepler-1838 b,1.66049425,3.4,1097.0,12.14680004,0.0,0.11082,271.6,5877.0,1.963,1.187,0.04,Kepler-1838 b,0,0.27622274,0,0,1183.7779,Superterran
Kepler-1652 b,1.6,3.19,268.0,38.09722,0.0,0.1654,0.81,3638.0,0.382,0.404,-0.3,Kepler-1652 b,1,0.82580569,1,1,275.52294,Terran
Kepler-1983 b,2.33,6.04,807.0,7.32851947,0.0,0.0689,100.13,5135.0,0.874,0.812,0.12,Kepler-1983 b,0,0.25714767,0,0,830.93281,Superterran
Kepler-399 c,1.43,2.63,630.0,26.67569,0.0,0.155,15.69,5502.0,0.68,0.902,0.14,Kepler-399 c,0,0.36415241,0,0,574.45984,Terran
Kepler-918 b,1.74,3.68,1052.0,4.85386933,0.0,0.0569,258.702,6028.0,1.14,1.11,0.06,Kepler-918 b,0,0.27214989,0,0,1193.6291,Superterran
Kepler-1834 b,1.4593834,2.73,848.0,4.603010178,0.0,0.04911,105.2,4821.0,0.788,0.765,0.16,Kepler-1834 b,0,0.29347058,0,0,926.69044,Terran
Kepler-323 b,1.381,3.9,1838.0,1.678328,0.095,0.02778,1900.0,6004.0,1.12,1.015,-0.14,Kepler-323 b,0,0.2846549,0,0,1881.7583,Terran
TOI-1470 b,2.18,7.32,734.0,2.527093,0.3,0.0285,46.3,3709.0,0.469,0.471,0.0,TOI-1470 b,0,0.27249568,0,0,746.01801,Superterran
Kepler-49 e,1.56,1.03815,371.0,18.596108,0.0,0.116,6.063,4252.0,0.559,0.549,0.03,Kepler-49 e,0,0.48672125,0,0,440.50062,Terran
Kepler-1415 b,1.29,2.21,1846.0,0.63642408,0.0,0.01416,2138.079,5267.0,0.84,0.89,0.12,Kepler-1415 b,0,0.28782206,0,0,2020.6648,Terran
Kepler-126 d,2.5,54.59018723,475.0,100.283134,0.02,0.448,14.714,6239.0,1.358,1.108,-0.16,Kepler-126 d,0,0.31572306,0,0,557.53952,Superterran
Kepler-770 b,2.3,5.9,1171.0,18.92540274,0.0,0.1694,27.736,5598.0,0.92,0.94,-0.01,Kepler-770 b,0,0.27241083,0,0,721.05571,Superterran
Kepler-1499 b,1.19,1.81,409.0,44.2008,0.0,0.23225,7.371,5097.0,0.78,0.82,-0.01,Kepler-1499 b,0,0.46344906,0,0,470.01244,Terran
Kepler-106 b,0.82,5.3,1021.0,6.16486,0.0,0.06491,277.216,5858.0,1.04,1.0,-0.12,Kepler-106 b,0,0.29432101,0,0,1184.6589,Terran
Kepler-1465 b,1.77,3.78,668.0,31.8277111,0.0,0.1939,6.246,4726.0,0.71,0.75,-0.06,Kepler-1465 b,0,0.46000402,0,0,448.88657,Superterran
Kepler-1701 b,2.22186207,5.57,273.0,169.134,0.0,0.5738,1.3,5146.0,0.840217,0.87,0.03,Kepler-1701 b,2,0.70536871,0,1,313.88569,Superterran
Kepler-166 b,2.27,5.77,772.0,7.650254,0.0,0.072,77.543,5413.0,0.742,0.811,-0.08,Kepler-166 b,0,0.2577862,0,0,859.03186,Superterran
Kepler-84 b,2.23,40.0,985.0,8.726,0.0,0.0827,222.19,6039.0,1.43,1.0,-0.07,Kepler-84 b,0,0.24888028,0,0,1130.2454,Superterran
Kepler-868 b,2.05,4.86,1047.0,5.03251791,0.0,0.0575,417.034,5614.0,0.89,0.93,-0.08,Kepler-868 b,0,0.25593283,0,0,1247.6466,Superterran
Kepler-240 b,1.37,2.45,864.0,4.144495,0.0,0.048,142.736,4985.0,0.739,0.868,0.41,Kepler-240 b,0,0.29500273,0,0,971.19157,Terran
Kepler-1430 b,1.18,1.76,969.0,2.46050993,0.0,0.0304,208.54,4796.0,0.72,0.77,-0.03,Kepler-1430 b,0,0.29896212,0,0,1031.5463,Terran
Kepler-1612 b,1.03,1.08,1030.0,3.91795101,0.0,0.0482,269.248,5643.0,0.94,0.96,0.03,Kepler-1612 b,0,0.29786273,0,0,1175.9856,Terran
Kepler-537 b,1.41,2.57,1181.0,3.247555219,0.0,0.04317,442.522,5763.0,0.99,1.07,0.23,Kepler-537 b,0,0.28570666,0,0,1338.0255,Terran
Kepler-164 b,1.41,2.57,1141.0,5.03503,0.0,0.058,370.922,5888.0,1.148,1.036,0.0,Kepler-164 b,0,0.2863395,0,0,1274.8572,Terran
Kepler-633 b,1.63,3.29,1021.0,8.50340718,0.0,0.08185,454.5,5899.0,1.15,1.02,-0.05,Kepler-633 b,0,0.27917836,0,0,1104.9604,Superterran
Kepler-508 b,1.64,3.33,710.0,25.30889748,0.0,0.17274,60.372,6025.0,1.25,1.16,0.18,Kepler-508 b,0,0.29400624,0,0,809.18787,Superterran
TOI-1062 c,3.1,9.78,859.0,7.972,0.14,0.08,95.0,5328.0,0.84,0.94,0.14,TOI-1062 c,0,0.22031359,0,0,867.6523,Superterran
Kepler-1253 b,1.33,2.33,501.0,68.8861915,0.0,0.31444,21.624,5850.0,1.1,0.97,-0.14,Kepler-1253 b,0,0.34524921,0,0,626.89575,Terran
Kepler-238 f,2.0,13.5,568.0,50.447,0.0,0.28635,35.869,5800.0,0.96,1.06,0.34,Kepler-238 f,0,0.29112765,0,0,703.06615,Superterran
Kepler-176 e,1.45,0.52075,398.0,51.16579,0.0,0.25654,6.22,5295.0,0.83,0.87,0.03,Kepler-176 e,0,0.46938016,0,0,456.53838,Terran
Kepler-1284 b,1.21,1.92,1703.0,0.664073806,0.0,0.0143,2190.082,5123.0,0.79,0.84,0.03,Kepler-1284 b,0,0.29042258,0,0,1916.4942,Terran
TOI-500 b,1.166,1.42,1617.0,0.548177,0.063,0.01189,1138.0,4440.0,0.678,0.74,0.12,TOI-500 b,0,0.29181607,0,0,1762.8962,Terran
Kepler-256 b,1.59,3.15,1681.0,1.620493,0.0,0.027,1225.934,5551.0,1.301,1.037,0.26,Kepler-256 b,0,0.27592897,0,0,1692.3635,Terran
Kepler-1601 b,0.82,0.477,1507.0,2.20921951,0.0,0.03281,999.752,5869.0,1.07,1.04,0.05,Kepler-1601 b,0,0.29074858,0,0,1648.1847,Terran
Kepler-100 b,1.34,4.01,1155.0,6.88734,0.13,0.07309,478.214,5837.0,1.51,1.13,0.1,Kepler-100 b,0,0.28907074,0,0,1346.995,Terran
Kepler-1275 b,1.48,2.79,1368.0,3.65691115,0.0,0.0488,822.484,6296.0,1.36,1.23,0.04,Kepler-1275 b,0,0.28136955,0,0,1561.2254,Terran
Kepler-261 c,2.0,4.66,505.0,24.570858,0.0,0.156,14.512,5098.0,0.794,0.834,0.1621,Kepler-261 c,0,0.34405028,0,0,555.4094,Superterran
Kepler-376 c,1.79,3.86,873.0,14.172327,0.0,0.115,168.29,5900.0,1.175,0.968,-0.1038,Kepler-376 c,0,0.27295377,0,0,1041.9014,Superterran
Kepler-831 b,1.27,2.15,992.0,5.62153941,0.0,0.05984,266.249,5732.0,0.97,0.99,0.02,Kepler-831 b,0,0.29285825,0,0,1179.6872,Terran
Kepler-974 b,1.57,3.09,577.0,4.194496514,0.0,0.0419,28.511,3687.0,0.5,0.52,0.07,Kepler-974 b,0,0.3282859,0,0,644.64187,Terran
Kepler-1630 b,2.19,5.43,182.0,509.997402,0.0,1.1218,0.26,4736.0,0.63,0.66,-0.46,Kepler-1630 b,0,0.44188749,0,0,187.26982,Superterran
Kepler-1646 b,1.23,2.04,365.0,4.48558383,0.0,0.0295,4.2,3299.0,0.26,0.24,0.04,Kepler-1646 b,0,0.35919284,0,0,601.19383,Terran
Kepler-842 b,1.6,3.19,1252.0,1.21956827,0.0,0.0204,588.95,4848.0,0.73,0.78,-0.02,Kepler-842 b,0,0.27665194,0,0,1416.1538,Terran
Kepler-1487 b,2.13,5.18,1682.0,7.31946363,0.0,0.0898,323.294,6541.0,1.63,1.38,0.04,Kepler-1487 b,0,0.2511905,0,0,1322.9315,Superterran
Kepler-931 b,1.33,2.33,744.0,8.03755877,0.0,0.0719,72.44,5241.0,0.81,0.86,-0.01,Kepler-931 b,0,0.30185273,0,0,877.12416,Terran
Kepler-1218 b,1.44,2.67,684.0,22.9221266,0.0,0.15698,84.83,5986.0,1.1,1.06,-0.02,Kepler-1218 b,0,0.29608694,0,0,896.51415,Terran
Kepler-1336 b,1.98,4.58,793.0,23.198681,0.0,0.15845,103.72,5512.0,1.3,0.94,0.05,Kepler-1336 b,0,0.26846631,0,0,917.89959,Superterran
Kepler-1365 c,0.8,0.437,1137.0,4.77468005,0.0,0.05701,864.037,5770.0,1.05,1.0,0.03,Kepler-1365 c,0,0.29010907,0,0,1573.9005,Subterran
Kepler-395 c,1.32,2.3,341.0,34.989262,0.0,0.177,2.11,4262.0,0.556,0.622827,-0.02,Kepler-395 c,0,0.73889128,0,0,343.90532,Terran
Kepler-1965 b,1.35415138,2.4,492.0,41.86869812,0.0,0.22971,13.8,5852.0,0.837,0.928,-0.3,Kepler-1965 b,0,0.36779088,0,0,574.07312,Terran
Kepler-303 c,1.14,1.55,521.0,7.061149,0.0,0.057,25.851,3944.0,0.485,0.575,-0.4136,Kepler-303 c,0,0.34280281,0,0,652.36116,Terran
Kepler-286 e,1.77,3.78,539.0,29.221289,0.0,0.176,20.6,5580.0,0.863,0.83,-0.25,Kepler-286 e,0,0.31890742,0,0,641.45942,Superterran
Kepler-1373 b,1.16,1.65,1887.0,1.29123275,0.0,0.02598,8385.9,6299.0,1.33,1.22,0.03,Kepler-1373 b,0,0.29109492,0,0,2887.4724,Terran
Kepler-388 c,0.86,0.566,515.0,13.297004,0.0,0.093,16.64,4498.0,0.586,0.635,0.0,Kepler-388 c,0,0.32362663,0,0,732.71325,Terran
Kepler-83 c,2.36,2.03,362.0,20.09,0.0,0.11796,5.9,4082.0,0.61,0.66,-0.2,Kepler-83 c,0,0.42780228,0,0,444.17912,Superterran
Kepler-1406 b,1.1,1.37,854.0,11.62905828,0.0,0.0987,125.89,5892.0,1.12,1.05,0.04,Kepler-1406 b,0,0.3021049,0,0,989.73048,Terran
Kepler-1242 b,2.26,5.73,639.0,13.62798432,0.0,0.1039,28.998,4895.0,0.74,0.77,-0.05,Kepler-1242 b,0,0.28682505,0,0,663.15912,Superterran
Kepler-1441 b,1.31,2.27,682.0,39.4419839,0.0,0.2346,33.046,5802.0,1.0,1.0,0.01,Kepler-1441 b,0,0.32211136,0,0,716.1624,Terran
Kepler-84 f,2.2,5.48,572.0,44.552169,0.0,0.25,25.3,6031.0,1.169,1.06,-0.07,Kepler-84 f,0,0.29349022,0,0,650.0631,Superterran
Kepler-935 b,1.35,2.39,879.0,4.88083852,0.0,0.0527,94.607,4830.0,0.73,0.78,-0.01,Kepler-935 b,0,0.301806,0,0,867.50146,Terran
K2-85 b,1.4,3.2,1355.0,0.68453862616,0.24,0.013,800.0,4232.0,0.71,0.7,0.14,K2-85 b,0,0.29147447,0,0,1575.3093,Terran
Kepler-80 f,1.21,4459.73,1054.0,0.9867873,0.186,0.0175,750.964,4540.0,0.678,0.73,0.04,Kepler-80 f,0,0.29224232,0,0,1396.0678,Terran
Kepler-226 d,1.22,1.98,800.0,8.109044,0.0,0.076,103.645,5571.0,0.802,0.904,0.09,Kepler-226 d,0,0.30338202,0,0,909.42884,Terran
Kepler-1055 b,1.23,2.04,1304.0,2.295036233,0.0,0.0335,647.256,5723.0,0.94,0.98,-0.02,Kepler-1055 b,0,0.2913059,0,0,1452.1502,Terran
Kepler-406 b,1.43,6.35,1302.0,2.42629,0.0,0.03599,826.933,5538.0,1.07,1.07,0.18,Kepler-406 b,0,0.28351944,0,0,1559.3053,Terran
Kepler-1300 b,1.37,2.45,954.0,22.2419092,0.0,0.16005,149.409,6130.0,1.79,1.29,0.05,Kepler-1300 b,0,0.29311973,0,0,1019.827,Terran
Kepler-1506 b,1.32,2.3,783.0,14.0329154,0.0,0.1168,235.807,5676.0,0.93,0.95,-0.05,Kepler-1506 b,0,0.29332794,0,0,1075.732,Terran
Kepler-33 b,1.74,3.68,1336.0,5.66793,0.0,0.0677,744.011,5904.0,1.82,1.291,0.025,Kepler-33 b,0,0.26929614,0,0,1522.759,Superterran
Kepler-1794 b,1.79426276,3.87,703.0,9.762980461,0.0,0.0821,57.59,5052.0,0.816,0.773,0.02,Kepler-1794 b,0,0.30125562,0,0,706.32397,Superterran
TOI-411 c,2.328,9.72,931.0,9.573083,0.16,0.1017,156.75,6169.0,1.117,1.098,-0.08,TOI-411 c,0,0.24690364,0,0,1015.8168,Superterran
K2-35 b,1.32,2.3,979.0,2.399964,0.13,0.031,211.0,4402.71,0.619575,0.701968,0.04,K2-35 b,0,0.29462754,0,0,1028.0965,Terran
Kepler-168 b,1.46,2.73,1240.0,4.425391,0.0,0.056,725.064,6282.0,1.107,1.113,0.09,Kepler-168 b,0,0.28253301,0,0,1496.5165,Terran
Kepler-154 f,1.5,2.86,838.0,9.91935684,0.0,0.08832,139.884,5769.0,0.98,0.98,-0.04,Kepler-154 f,0,0.28856971,0,0,993.49673,Terran
Kepler-1849 b,2.38685349,6.29,355.0,57.29290009,0.0,0.2597,3.76,4806.0,0.729,0.709,-0.1,Kepler-1849 b,0,0.52803948,0,0,385.64663,Superterran
Kepler-1191 b,1.51,2.89,952.0,5.60014851,0.0,0.0587,167.184,5308.0,0.81,0.85,-0.08,Kepler-1191 b,0,0.28643159,0,0,1042.573,Terran
Kepler-233 b,2.43,6.48,751.0,8.472382,0.0,0.077,85.131,5360.0,0.758,0.855,-0.09,Kepler-233 b,0,0.25013581,0,0,858.38112,Superterran
Kepler-1101 b,2.47,6.66,393.0,81.3151059,0.0,0.3483,3.577,5614.0,0.91,0.94,-0.04,Kepler-1101 b,0,0.49665022,0,0,398.28943,Superterran
Kepler-186 b,1.07,1.24,571.0,3.8867907,0.0,0.0343,37.372,3788.0,0.472,0.478,-0.28,Kepler-186 b,0,0.33171879,0,0,699.88786,Terran
Kepler-1540 b,2.49,6.76,266.0,125.4131177,0.0,0.4426,0.849,4540.0,0.69,0.74,0.1,Kepler-1540 b,2,0.68524014,1,1,270.03485,Superterran
Kepler-383 b,1.32,2.3,545.0,12.904532,0.0,0.095,20.91,4710.0,0.672,0.669,-0.1785,Kepler-383 b,0,0.34650473,0,0,624.54497,Terran
Kepler-1078 b,1.9,4.27,1122.0,3.00725242,0.0,0.0388,373.99,5612.0,0.92,0.94,-0.01,Kepler-1078 b,0,0.26026645,0,0,1947.6444,Superterran
Kepler-1053 b,0.98,0.904,953.0,2.414351654,0.0,0.0315,139.818,4529.0,0.69,0.74,0.1,Kepler-1053 b,0,0.30379025,0,0,968.32299,Terran
Kepler-1901 b,1.47418907,2.77,1132.0,3.484129906,0.0,0.0453,389.41,5696.0,0.921,1.022,0.14,Kepler-1901 b,0,0.28289594,0,0,1349.3556,Terran
GJ 3473 c,2.63,7.41,329.1,15.509,0.0,0.0876,1.95,3347.0,0.364,0.36,0.11,GJ 3473 c,0,0.60886327,0,0,340.15234,Superterran
Kepler-1394 b,1.39,2.51,1947.0,3.93766373,0.0,0.05474,2023.005,6481.0,2.55,1.64,0.06,Kepler-1394 b,0,0.28420479,0,0,1947.7312,Terran
Kepler-877 b,2.12,5.14,632.0,18.45847097,0.0,0.1301,37.81,5261.0,0.81,0.85,-0.06,Kepler-877 b,0,0.29635043,0,0,654.69176,Superterran
Kepler-62 c,0.54,4.0,578.0,12.4417,0.0,0.0929,28.489,4925.0,0.64,0.69,-0.37,Kepler-62 c,0,0.31535213,0,0,638.8776,Subterran
Kepler-282 b,1.01,1.01,817.0,9.220524,0.0,0.082,195.935,5602.0,0.904,0.86,-0.2,Kepler-282 b,0,0.30029512,0,0,1067.8705,Terran
Kepler-2001 b,1.04,1.12,1402.0,1.090011003,0.0,0.0197,911.28,5081.0,0.77,0.864,0.12,Kepler-2001 b,0,0.29468383,0,0,1496.8987,Terran
Kepler-1298 b,1.31,2.27,1373.0,7.12811928,0.0,0.0814,1003.027,6339.0,2.0,1.45,0.13,Kepler-1298 b,0,0.28791529,0,0,1629.3658,Terran
Kepler-1388 e,2.46,6.62,299.0,37.6327084,0.0,0.1861,3.97,4098.0,0.61,0.63,0.02,Kepler-1388 e,0,0.59565828,0,0,352.61626,Superterran
TOI-238 b,1.559,3.37,1378.0,1.273099,0.18,0.0212,753.1,5059.0,0.756,0.781,-0.114,TOI-238 b,0,0.28487692,0,0,1504.2687,Terran
Kepler-1695 b,1.11948901,1.46,957.0,4.7329,0.0,0.0529,198.57,5473.19,0.987155,0.96,-0.0347,Kepler-1695 b,0,0.29678168,0,0,1178.1421,Terran
Kepler-903 b,2.01,4.7,842.0,10.3507721,0.0,0.09081,274.845,5682.0,0.97,0.98,0.05,Kepler-903 b,0,0.25888824,0,0,1178.6148,Superterran
pi Men c,2.0189,3.63,1169.8,6.2678399,0.0,0.06839,309.0,5998.0,1.17,1.07,0.09,pi Men c,0,0.25604224,0,0,1200.4381,Superterran
Kepler-614 b,2.39,6.3,641.0,14.03491514,0.0,0.1027,37.2,5268.0,0.81,0.85,-0.07,Kepler-614 b,0,0.27078052,0,0,705.73279,Superterran
Kepler-542 b,1.57,3.09,698.0,13.14497566,0.0,0.10703,61.573,5526.0,0.9,0.93,0.02,Kepler-542 b,0,0.29512086,0,0,832.38998,Terran
Kepler-1437 b,1.37,2.45,770.0,10.9295461,0.0,0.0951,83.14,5557.0,0.9,0.93,-0.02,Kepler-1437 b,0,0.29040526,0,0,1119.0133,Terran
Kepler-716 c,1.39281536,2.52,992.0,3.96999,0.0,0.04548,151.8,5012.0,0.742183,0.83,-0.06,Kepler-716 c,0,0.29278039,0,0,1003.5675,Terran
Kepler-357 b,1.84,4.04,793.0,6.475434,0.0,0.063,69.57,5036.0,0.834,0.794,0.06,Kepler-357 b,0,0.2816806,0,0,832.25276,Superterran
Kepler-20 e,0.821,0.76,1004.0,6.0984882,0.092,0.0637,169.8,5495.0,0.9164,0.929,0.07,Kepler-20 e,0,0.29775091,0,0,1036.0377,Terran
Kepler-1214 b,2.36,6.17,591.0,18.82634264,0.0,0.128,23.18,5130.0,0.8,0.85,0.05,Kepler-1214 b,0,0.29086736,0,0,631.78678,Superterran
Kepler-444 f,0.741,0.332,673.0,9.740486,0.29,0.0811,59.915,5046.0,0.752,0.758,-0.55,Kepler-444 f,0,0.30814473,0,0,786.73656,Subterran
Kepler-1265 b,1.35,2.39,732.0,6.49441289,0.0,0.0612,58.15,4630.0,0.69,0.71,-0.1,Kepler-1265 b,0,0.31085675,0,0,777.23046,Terran
Kepler-360 c,2.1,5.06,860.0,7.186434,0.0,0.075,146.5,6053.0,1.058,0.994,0.15,Kepler-360 c,0,0.25977087,0,0,973.63211,Superterran
Kepler-298 c,1.93,4.38,416.0,22.92881,0.0,0.136,8.696,4465.0,0.582,0.66,-0.21,Kepler-298 c,0,0.37946811,0,0,511.57118,Superterran
Kepler-130 d,1.64,3.33,451.0,87.517905,0.8,0.377,9.834,5884.0,1.127,0.927,-0.199,Kepler-130 d,0,0.34267269,0,0,499.52298,Superterran
Kepler-289 b,2.49,3.7,607.0,34.5383,0.0,0.21183,27.371,5990.0,1.0,1.08,0.05,Kepler-289 b,0,0.29604546,0,0,650.22831,Superterran
Kepler-1606 b,2.07,4.94,324.0,196.435224,0.0,0.6421,1.29,5422.0,0.86,0.9,0.01,Kepler-1606 b,2,0.70025387,0,1,325.36751,Superterran
Kepler-1669 d,1.22,1.98,669.0,4.72941177,0.0,0.0468,47.3,4224.0,0.603,0.609,-0.2,Kepler-1669 d,0,0.30874142,0,0,837.63072,Terran
KOI-7368 b,2.22,5.56,805.0,6.8430344,0.0,0.0678,99.24,5241.0,0.874,0.879,0.0578,KOI-7368 b,0,0.25629262,0,0,921.10825,Superterran
Kepler-501 c,1.68119739,3.47,1304.0,3.622760057,0.0,0.0467,683.84,5794.0,1.216,1.032,0.14,Kepler-501 c,0,0.27225354,0,0,1507.5339,Superterran
Kepler-438 b,1.12,1.46,288.0,35.23319,0.03,0.166,1.4,3748.0,0.52,0.544,0.16,Kepler-438 b,0,0.83283844,0,0,323.29355,Terran
Kepler-1295 b,1.55,3.02,1029.0,3.81371974,0.0,0.0464,279.941,5486.0,0.89,0.92,0.04,Kepler-1295 b,0,0.28231869,0,0,1134.7927,Terran
K2-222 b,2.275,7.5,803.0,15.3889274,0.021,0.1186,95.0,5942.0,1.072,0.94,-0.315,K2-222 b,0,0.2511495,0,0,895.98805,Superterran
Kepler-1152 b,0.87,0.59,806.0,1.646801908,0.0,0.0223,139.601,3964.0,0.53,0.55,-0.25,Kepler-1152 b,0,0.29990374,0,0,1024.5262,Terran
Kepler-377 b,1.39,2.51,875.0,12.509529,0.0,0.109,139.112,5949.0,1.224,1.043,0.05,Kepler-377 b,0,0.29350555,0,0,987.89838,Terran
Kepler-85 b,1.778,1.84,809.0,8.3,0.02,0.07885,107.028,5505.2,0.875,0.928,0.12,Kepler-85 b,0,0.26885435,0,0,920.04938,Superterran
Kepler-1741 b,1.273,2.16,615.0,2.757590055,0.0,0.0296,33.79,3683.0,0.424,0.454,-0.22,Kepler-1741 b,0,0.30896084,0,0,818.04965,Terran
Kepler-1859 b,1.58313575,3.13,1455.0,2.729599953,0.0,0.0394,1056.15,5887.0,1.235,1.09,0.16,Kepler-1859 b,0,0.27660618,0,0,1583.7164,Terran
Kepler-535 b,2.36,6.17,1247.0,4.903321551,0.0,0.06011,601.891,6123.0,1.27,1.18,0.13,Kepler-535 b,0,0.23927121,0,0,1436.4228,Superterran
Kepler-1464 c,1.0,0.972,1023.0,5.32786292,0.0,0.06101,968.555,5828.0,1.01,1.02,0.03,Kepler-1464 c,0,0.29446936,0,0,1574.1106,Terran
Kepler-1900 b,1.62314676,3.27,1356.0,2.986229897,0.0,0.042,798.35,6173.0,1.041,1.104,-0.04,Kepler-1900 b,0,0.2746827,0,0,1593.3122,Superterran
Kepler-62 e,1.61,36.0,270.0,122.3874,0.0,0.427,1.352,4925.0,0.64,0.69,-0.37,Kepler-62 e,2,0.82742754,0,1,297.99679,Superterran
Kepler-806 b,1.14,1.55,1089.0,8.09219642,0.0,0.07684,413.603,5770.0,1.16,0.99,0.0,Kepler-806 b,0,0.29460112,0,0,1315.6151,Terran
K2-17 b,2.23,5.6,487.0,17.96753,0.18,0.119,4.91,4320.0,0.66,0.71,0.15,K2-17 b,0,0.40084163,0,0,468.82948,Superterran
Kepler-37 c,0.755,1.3,615.0,21.301848,0.099,0.139,23.9,5357.0,0.789,0.79,-0.36,Kepler-37 c,0,0.34032187,0,0,640.69509,Terran
Kepler-24 d,1.67,293.959,1305.0,4.244384,0.0,0.051,601.895,5897.0,1.289,1.046,-0.0708,Kepler-24 d,0,0.2735378,0,0,1382.4214,Superterran
Kepler-1393 b,0.8,0.437,1249.0,2.44357812,0.0,0.0337,574.37,5697.0,0.92,0.95,-0.09,Kepler-1393 b,0,0.28966833,0,0,1709.4664,Subterran
Kepler-1913 b,1.51852059,2.92,818.0,14.1960001,0.0,0.1209,105.7,6214.0,1.076,1.169,0.07,Kepler-1913 b,0,0.3006298,0,0,801.60861,Terran
K2-285 d,2.48,6.5,619.9,10.45582,0.0,0.1178,24.61,4975.0,0.787,0.83,0.0,K2-285 d,0,0.27736984,0,0,657.43508,Superterran
Kepler-350 b,1.85,16.9,1037.0,11.189562,0.0,0.104,257.721,6186.0,1.534,1.19,0.041,Kepler-350 b,0,0.2675617,0,0,1141.3237,Superterran
Kepler-760 c,1.48,2.79,1139.0,2.46697439,0.0,0.03489,453.648,5322.0,0.85,0.89,0.08,Kepler-760 c,0,0.28269785,0,0,1341.8483,Terran
Kepler-1377 b,1.25,2.1,1873.0,0.740928422,0.0,0.0153,2909.21,5218.0,0.82,0.86,0.05,Kepler-1377 b,0,0.28918746,0,0,1964.8518,Terran
Kepler-1697 b,1.25954761,2.12,630.0,33.4969,0.0,0.2008,37.3,4681.53,0.772344,0.747,0.0341,Kepler-1697 b,0,0.47752012,0,0,457.66075,Terran
Kepler-203 c,2.47,749.9,1096.0,5.370647,0.0,0.061,329.788,5821.0,1.114,1.06,0.08,Kepler-203 c,0,0.2359491,0,0,1229.5908,Superterran
LTT 1445 A b,1.34,2.73,431.0,5.3587635,0.18,0.0381,5.7,3562.0,0.271,0.257,-0.34,LTT 1445 A b,0,0.36118048,0,0,595.97049,Terran
Kepler-1455 b,2.16,5.31,298.0,49.276764,0.0,0.2149,1.533,4075.0,0.6,0.62,-0.02,Kepler-1455 b,0,0.69727869,0,0,321.77872,Superterran
Kepler-348 b,1.52,2.92,1196.0,7.05677,0.0,0.076,438.942,6177.0,1.359,1.189,-0.03,Kepler-348 b,0,0.28094113,0,0,1338.9635,Terran
Kepler-347 b,1.97,4.54,908.0,12.79836,0.0,0.11,180.549,6088.0,1.005,0.922,-0.14,Kepler-347 b,0,0.26349265,0,0,1056.1587,Superterran
Kepler-352 d,0.80628032,0.449,788.0,6.887279987,0.0,0.06574,81.3,5208.0,0.772,0.796,-0.14,Kepler-352 d,0,0.30504549,0,0,875.2716,Terran
Kepler-913 b,2.06,4.9,1129.0,10.29672521,0.0,0.1009,58.9,4687.0,0.61,0.63,-0.52,Kepler-913 b,0,0.27716055,0,0,769.98087,Superterran
Kepler-256 d,2.48,6.71,1097.0,5.839172,0.0,0.064,221.1,5551.0,1.301,1.037,0.26,Kepler-256 d,0,0.23767589,0,0,1099.2223,Superterran
Kepler-763 b,1.22,1.98,1414.0,1.19655156,0.0,0.0205,974.089,5166.0,0.8,0.84,0.01,Kepler-763 b,0,0.29070458,0,0,1657.8628,Terran
Kepler-195 c,1.55,3.02,469.0,34.096863,0.0,0.197,11.281,5329.0,0.775,0.867,0.04,Kepler-195 c,0,0.39068475,0,0,524.73787,Terran
Kepler-1400 b,1.62,3.26,725.0,9.06689421,0.0,0.0771,44.517,5044.0,0.78,0.83,0.04,Kepler-1400 b,0,0.3036056,0,0,742.84522,Superterran
Kepler-1350 c,1.73,3.64,730.0,1.766789062,0.0,0.0222,94.054,3827.0,0.53,0.55,-0.06,Kepler-1350 c,0,0.28083946,0,0,922.56937,Superterran
Kepler-183 c,2.27,35.7,857.0,11.637071,0.0,0.103,108.717,5888.0,0.958,0.99,0.11,Kepler-183 c,0,0.25446149,0,0,909.92775,Superterran
Kepler-1050 c,1.48,2.79,935.0,21.1284569,0.0,0.15264,40.644,6010.0,1.13,1.09,0.03,Kepler-1050 c,0,0.31091646,0,0,739.00963,Terran
Kepler-137 b,1.47,2.76,742.0,8.436387,0.0,0.077,86.33,5187.0,0.802,0.85,0.05,Kepler-137 b,0,0.29614904,0,0,876.35518,Terran
Kepler-1356 b,1.53,2.96,1714.0,0.634002937,0.0,0.0136,1966.057,5106.0,0.78,0.82,-0.02,Kepler-1356 b,0,0.27832777,0,0,1864.9022,Terran
Kepler-1505 b,0.93,0.749,525.0,30.8609366,0.0,0.18298,36.121,5686.0,0.86,0.93,-0.18,Kepler-1505 b,0,0.32636108,0,0,726.41647,Terran
Kepler-1169 b,0.94,0.779,1125.0,6.11009134,0.0,0.06931,348.046,6191.0,1.23,1.24,0.26,Kepler-1169 b,0,0.29643133,0,0,1256.3262,Terran
Kepler-343 b,2.41,6.39,1024.0,8.96855,0.0,0.088,206.072,5807.0,1.433,1.055,0.1445,Kepler-343 b,0,0.24095049,0,0,1098.2069,Superterran
Kepler-1003 b,1.78,3.82,1157.0,3.554856915,0.0,0.04333,814.925,6109.0,1.17,1.11,0.01,Kepler-1003 b,0,0.26698849,0,0,1605.9575,Superterran
Kepler-936 b,1.45,2.7,867.0,10.56134221,0.0,0.0954,133.56,5482.0,0.89,0.92,0.05,Kepler-936 b,0,0.30038997,0,0,834.93244,Terran
Kepler-1355 b,1.46,2.73,1448.0,1.289588112,0.0,0.0224,944.873,5352.0,0.83,0.88,-0.04,Kepler-1355 b,0,0.28212328,0,0,1590.5653,Terran
Kepler-592 b,2.39,6.3,1367.0,2.820192408,0.0,0.0397,935.827,5913.0,1.04,1.04,-0.03,Kepler-592 b,0,0.23710583,0,0,1606.1284,Superterran
YZ Cet d,1.03,1.09,356.7,4.65626,0.07,0.02851,2.7,3151.0,0.157,0.142,-0.18,YZ Cet d,0,0.67449052,0,0,368.59016,Terran
Kepler-499 b,2.17,5.35,844.0,5.632528453,0.0,0.0598,148.456,5312.0,0.83,0.87,0.0,Kepler-499 b,0,0.25521933,0,0,1001.9013,Superterran
Kepler-1154 c,2.36,6.17,1117.0,8.45808312,0.0,0.0875,339.573,6327.0,1.43,1.26,0.04,Kepler-1154 c,0,0.2406996,0,0,1261.5995,Superterran
Kepler-1338 b,0.92,0.721,2124.0,0.935118057,0.0,0.01937,4712.111,5909.0,1.05,1.04,0.0,Kepler-1338 b,0,0.29257765,0,0,2387.2443,Terran
Kepler-247 b,1.64,3.33,970.0,3.33616,0.0,0.042,216.111,5100.0,0.768,0.887,0.3,Kepler-247 b,0,0.2787867,0,0,1101.0344,Superterran
Kepler-1761 b,1.39109603,2.51,613.0,4.043540001,0.0,0.0413,33.34,3871.0,0.532,0.573,0.07,Kepler-1761 b,0,0.31782276,0,0,721.85587,Terran
Kepler-1388 c,2.26,5.73,566.0,5.53608151,0.0,0.0519,51.044,4098.0,0.61,0.63,0.02,Kepler-1388 c,0,0.28565775,0,0,667.71609,Superterran
Kepler-1649 c,1.06,1.2,234.0,19.53527,0.0,0.0649,0.75,3240.0,0.2317,0.1977,-0.15,Kepler-1649 c,1,0.9252979,0,1,302.7284,Terran
Kepler-1148 b,1.69,3.5,1397.0,1.104463509,0.0,0.0188,815.407,5054.0,0.77,0.81,-0.02,Kepler-1148 b,0,0.27164394,0,0,1545.5982,Superterran
TOI-1452 b,1.672,4.82,326.0,11.06201,0.0,0.061,1.8,3185.0,0.275,0.249,-0.07,TOI-1452 b,0,0.72006129,0,0,336.90744,Superterran
Kepler-387 b,1.03,1.08,994.0,6.791636,0.0,0.068,304.081,5774.0,1.046,0.85,-0.3,Kepler-387 b,0,0.29756962,0,0,1193.7711,Terran
Kepler-114 c,1.6,2.8,507.0,8.041,0.0,0.06482,51.623,4660.0,0.54,0.56,0.2291,Kepler-114 c,0,0.30175426,0,0,761.76499,Terran
Kepler-20 f,0.952,1.4,681.0,19.578328,0.094,0.1387,35.9,5495.0,0.9164,0.929,0.07,Kepler-20 f,0,0.33119244,0,0,702.09663,Terran
Kepler-109 b,2.49,4.9,1276.0,6.4816307,0.11,0.0701,442.0,5950.0,1.387,1.094,-0.02,Kepler-109 b,0,0.23399611,0,0,1325.8275,Superterran
Kepler-84 c,2.36,20.2,865.0,12.883,0.0,0.1072,132.23,6039.0,1.43,1.0,-0.07,Kepler-84 c,0,0.24633795,0,0,992.7231,Superterran
Kepler-1371 c,0.64,0.196,1216.0,2.00541269,0.0,0.02937,853.269,5361.0,0.83,0.87,-0.07,Kepler-1371 c,0,0.2776915,0,0,1550.7802,Subterran
Kepler-92 d,2.067,11.8666806,637.0,49.3568,0.07,0.28682,46.844,5904.34,1.81719,1.07,0.1381,Kepler-92 d,0,0.28087338,0,0,740.64149,Superterran
Kepler-1689 b,0.94678642,0.799,879.0,8.483,0.0,0.0784,149.3,5731.43,0.996208,1.023,-0.1455,Kepler-1689 b,0,0.30191022,0,0,1009.0765,Terran
Kepler-1256 b,1.49,2.83,933.0,12.4127754,0.0,0.10733,211.549,6129.0,1.36,1.17,0.05,Kepler-1256 b,0,0.28515872,0,0,1128.9089,Terran
GJ 9827 b,1.44,4.28,1035.01,1.208974,0.0,0.0189,318.0,4236.0,0.58,0.62,-0.29,GJ 9827 b,0,0.28581574,0,0,1216.429,Terran
Kepler-165 c,2.23,5.6,581.0,15.31299,0.0,0.11,25.931,5211.0,0.77,0.746,-0.25,Kepler-165 c,0,0.28891573,0,0,661.04219,Superterran
Kepler-207 c,1.5,2.86,1556.0,3.071571,0.0,0.044,1742.715,5920.0,1.588,1.313,0.29,Kepler-207 c,0,0.27967436,0,0,1865.0874,Terran
Kepler-125 b,2.37,6.21,590.0,4.164389,0.0,0.041,33.184,3810.0,0.512,0.542101,-0.14,Kepler-125 b,0,0.28170932,0,0,661.5057,Superterran
Kepler-211 b,1.26,2.13,954.0,4.138575,0.0,0.048,158.188,5123.0,0.816,0.867,0.151,Kepler-211 b,0,0.29655699,0,0,1035.273,Terran
Kepler-81 b,2.42,17.2,635.0,5.955,0.0,0.0522,39.95,4385.0,0.59,0.64,-0.18,Kepler-81 b,0,0.26127256,0,0,754.81456,Superterran
HD 3167 b,1.67,4.97,1774.0,0.959641,0.0,0.01796,1650.0,5261.0,0.88,0.837,0.04,HD 3167 b,0,0.27179353,0,0,1837.6904,Superterran
Kepler-311 c,1.43,2.63,744.0,19.738286,0.0,0.145,72.456,5905.0,1.188,0.994,-0.03,Kepler-311 c,0,0.3004243,0,0,844.28976,Terran
Kepler-998 b,2.32,5.99,1020.0,5.65377733,0.0,0.0626,409.917,6058.0,1.18,1.12,0.07,Kepler-998 b,0,0.24234659,0,0,1284.9563,Superterran
Kepler-1934 b,0.91307734,0.702,1700.0,1.419759989,0.0,0.02466,1835.6,5925.0,1.035,0.968,-0.14,Kepler-1934 b,0,0.29282335,0,0,1955.8812,Terran
Kepler-195 b,2.03,4.78,751.0,8.307872,0.0,0.077,74.148,5329.0,0.775,0.867,0.04,Kepler-195 b,0,0.27135903,0,0,839.325,Superterran
Kepler-757 b,1.36,2.42,1734.0,1.022678821,0.0,0.019,3345.453,6014.0,1.13,1.08,0.02,Kepler-757 b,0,0.28506272,0,0,2288.4884,Terran
Kepler-1800 b,0.99679734,0.961,1533.0,4.562029839,0.0,0.05098,242.0,5343.0,2.506,1.33,0.08,Kepler-1800 b,0,0.3004925,0,0,1061.1204,Terran
TOI-2096 b,1.243,2.08,445.0,3.1190633,0.15,0.025,9.4,3300.0,0.235,0.231,-0.03,TOI-2096 b,0,0.42155151,0,0,503.89622,Terran
Kepler-85 c,1.978,2.15,706.0,12.51,0.027,0.10363,61.929,5505.2,0.875,0.928,0.12,Kepler-85 c,0,0.26728734,0,0,802.4367,Superterran
KOI-94 b,1.71,10.5,1486.0,3.743208,0.25,0.05119,1053.181,6182.0,1.52,1.277,0.0228,KOI-94 b,0,0.27017899,0,0,1668.6203,Superterran
Kepler-300 b,1.67,3.43,812.0,10.446347,0.0,0.094,265.186,5986.0,0.9,1.07,0.04,Kepler-300 b,0,0.27648656,0,0,1141.1996,Superterran
Kepler-1569 b,1.68,3.46,1222.0,5.79180156,0.0,0.06669,495.652,6319.0,1.4,1.25,0.06,Kepler-1569 b,0,0.27319189,0,0,1364.227,Superterran
Kepler-341 d,1.85,4.08,622.0,27.666313,0.0,0.182,45.423,6012.0,1.024,0.976,0.07,Kepler-341 d,0,0.29474682,0,0,725.50403,Superterran
Kepler-1615 b,2.06,4.9,658.0,47.3126192,0.0,0.2788,31.171,5865.0,1.05,1.04,0.06,Kepler-1615 b,0,0.29263397,0,0,681.5993,Superterran
Kepler-904 b,1.77,3.78,1332.0,3.021668632,0.0,0.0417,875.419,6160.0,1.25,1.16,0.05,Kepler-904 b,0,0.26774158,0,0,1539.4213,Superterran
Kepler-1953 b,1.28574667,2.2,731.0,6.245659828,0.0,0.0607,67.62,4858.0,0.707,0.786,-0.02,Kepler-1953 b,0,0.30908979,0,0,812.5146,Terran
Kepler-395 b,1.03,1.08,576.0,7.054346,0.0,0.061,17.8,4262.0,0.556,0.622827,-0.02,Kepler-395 b,0,0.37054234,0,0,585.81516,Terran
Kepler-1228 b,1.54,2.99,1757.0,0.577369579,0.0,0.01186,1598.664,5063.0,0.74,0.78,-0.18,Kepler-1228 b,0,0.27786521,0,0,1869.4787,Terran
Kepler-823 b,1.57,3.09,1277.0,4.16809082,0.0,0.0507,803.353,5643.0,0.96,0.98,0.06,Kepler-823 b,0,0.27734939,0,0,1549.4285,Terran
Kepler-680 b,2.42,6.44,1147.0,3.689926291,0.0,0.0469,706.62,5890.0,1.11,1.08,0.13,Kepler-680 b,0,0.23618701,0,0,1487.9526,Superterran
Kepler-793 b,1.37,2.45,1177.0,4.24153639,0.0,0.0491,617.407,5745.0,0.97,0.98,0.0,Kepler-793 b,0,0.28693786,0,0,1383.1993,Terran
Kepler-183 b,2.06,4.9,1088.0,5.687945,0.0,0.064,281.845,5888.0,0.958,0.99,0.11,Kepler-183 b,0,0.25680318,0,0,1154.3448,Superterran
Kepler-1141 b,0.82,0.477,1471.0,2.344511944,0.0,0.03496,1146.953,5791.0,1.07,1.01,0.04,Kepler-1141 b,0,0.29061471,0,0,1693.425,Terran
Kepler-1481 b,1.23,2.04,797.0,5.94220998,0.0,0.059,71.94,4908.0,0.75,0.8,0.04,Kepler-1481 b,0,0.30780844,0,0,844.79146,Terran
Kepler-345 b,0.74,0.48,622.0,7.415563,0.0,0.066,35.37,4504.0,0.623,0.61,0.1905,Kepler-345 b,0,0.30382734,0,0,842.17734,Subterran
Kepler-1100 b,1.75,3.71,1000.0,6.42200058,0.0,0.06745,238.508,6247.0,1.34,1.21,0.05,Kepler-1100 b,0,0.2722588,0,0,1157.1708,Superterran
Kepler-481 b,2.5,6.8,899.0,10.06082567,0.0,0.08926,183.842,5802.0,1.09,1.01,0.03,Kepler-481 b,0,0.23710416,0,0,1083.9438,Superterran
Kepler-220 c,1.57,3.09,586.0,9.034199,0.0,0.076,37.321,4632.0,0.666,0.729,-0.1738,Kepler-220 c,0,0.31247306,0,0,707.16169,Terran
Kepler-1166 b,1.69,3.5,486.0,33.2406882,0.0,0.1975,14.188,5446.0,0.86,0.9,-0.02,Kepler-1166 b,0,0.35959624,0,0,558.65279,Superterran
Kepler-1119 b,1.92,4.35,938.0,8.3265153,0.0,0.0812,182.69,6083.0,1.17,1.11,0.03,Kepler-1119 b,0,0.26152463,0,0,1335.5111,Superterran
Kepler-1604 b,1.41,2.57,2023.0,0.683684256,0.0,0.01406,1391.4,4976.0,0.76,0.81,0.02,Kepler-1604 b,0,0.28310507,0,0,2251.5444,Terran
TOI-270 c,2.33,6.2,489.0,5.66051,0.0044,0.04526,47.0639,3506.0,0.38,0.386,-0.17,TOI-270 c,0,0.3605454,0,0,504.71761,Superterran
Kepler-792 b,1.96,4.5,852.0,11.30119217,0.0,0.0988,176.032,5971.0,1.12,1.09,0.08,Kepler-792 b,0,0.2635817,0,0,1071.6354,Superterran
Kepler-179 b,1.64,3.33,1075.0,2.735926,0.0,0.036,360.262,5302.0,0.759,0.893,0.12,Kepler-179 b,0,0.27578142,0,0,1292.035,Superterran
Kepler-1021 b,2.33,6.04,634.0,13.47469571,0.0,0.1034,50.37,5431.0,0.86,0.89,-0.05,Kepler-1021 b,0,0.26520208,0,0,757.9931,Superterran
Kepler-399 b,0.96,0.84,773.0,14.425281,0.0,0.103,35.63,5502.0,0.68,0.902,0.14,Kepler-399 b,0,0.3309576,0,0,704.70428,Terran
Kepler-1907 b,0.86973029,0.589,856.0,5.652450085,0.0,0.05444,75.0,5159.0,0.8,0.752,-0.16,Kepler-1907 b,0,0.30992488,0,0,844.60043,Terran
Kepler-1865 b,1.57686072,3.11,1203.0,2.524009943,0.0,0.0344,495.14,5420.0,0.871,0.849,-0.06,Kepler-1865 b,0,0.27885958,0,0,1283.5013,Terran
Kepler-1959 b,1.14315727,1.57,811.0,6.38669014,0.0,0.0617,102.25,5071.0,0.811,0.768,-0.02,Kepler-1959 b,0,0.30714053,0,0,881.62306,Terran
Kepler-1019 b,1.46,2.73,1164.0,1.411229847,0.0,0.0221,330.249,4433.0,0.67,0.7,0.01,Kepler-1019 b,0,0.28496659,0,0,1216.8285,Terran
Kepler-1637 b,0.89,0.64,1093.0,6.10960324,0.0,0.0596,337.78,5789.0,1.02,1.02,0.07,Kepler-1637 b,0,0.29643695,0,0,1194.1322,Terran
Kepler-758 e,1.53,2.96,1144.0,8.1934719,0.0,0.0829,588.402,6228.0,1.42,1.16,-0.1,Kepler-758 e,0,0.2798733,0,0,1419.8442,Terran
Kepler-1955 b,1.16654878,1.69,853.0,14.26519966,0.0,0.11959,114.3,5825.0,1.291,1.049,0.14,Kepler-1955 b,0,0.30207098,0,0,960.13564,Terran
Kepler-65 b,1.42,2.4,1740.0,2.15491,0.028,0.035,2316.095,6211.0,1.41,1.25,0.17,Kepler-65 b,0,0.2829048,0,0,2011.964,Terran
Kepler-68 c,0.979,1.3,1052.0,9.605027,0.099,0.09008,204.0,5847.0,1.2564,1.057,0.11,Kepler-68 c,0,0.29952999,0,0,1094.1947,Terran
Kepler-1245 b,1.44,2.67,1043.0,4.35409304,0.0,0.0484,194.344,5306.0,0.83,0.86,-0.01,Kepler-1245 b,0,0.28983589,0,0,1032.1738,Terran
Kepler-1255 b,2.32,5.99,694.0,36.2919336,0.0,0.2226,39.671,6018.0,1.12,1.08,0.02,Kepler-1255 b,0,0.2702955,0,0,727.63393,Superterran
Kepler-388 b,0.81,0.457,830.0,3.173315,0.0,0.036,112.21,4498.0,0.586,0.635,0.0,Kepler-388 b,0,0.29399894,0,0,1177.6718,Terran
Kepler-197 d,1.22,1.98,810.0,15.677563,0.03,0.119,109.091,6004.0,1.12,0.857,-0.441,Kepler-197 d,0,0.30127592,0,0,947.60557,Terran
Kepler-675 b,2.44,6.53,1070.0,2.33743801,0.0,0.0325,308.547,4945.0,0.75,0.79,-0.05,Kepler-675 b,0,0.23785047,0,0,1191.8836,Superterran
Kepler-1850 b,0.72909663,0.313,1008.0,1.385800004,0.0,0.0206,245.15,4239.0,0.6,0.611,-0.22,Kepler-1850 b,0,0.28807761,0,0,1257.4534,Subterran
Kepler-754 b,2.01,4.7,758.0,14.5596237,0.0,0.116,216.473,5935.0,1.08,1.06,0.05,Kepler-754 b,0,0.26103061,0,0,1073.2392,Superterran
Kepler-220 d,0.98,0.904,401.0,28.122397,0.0,0.163,8.208,4632.0,0.666,0.729,-0.1738,Kepler-220 d,0,0.45109952,0,0,482.87166,Terran
TOI-2095 b,1.25,4.1,347.0,17.66484,0.0,0.101,3.43,3759.0,0.44,0.44,-0.24,TOI-2095 b,0,0.60589256,0,0,390.85425,Terran
Kepler-363 d,2.05,4.86,905.0,11.932125,0.0,0.107,203.761,5593.0,1.485,1.226,0.3965,Kepler-363 d,0,0.25873471,0,0,1085.1347,Superterran
Kepler-147 c,2.43,6.48,689.0,33.416423,0.0,0.216,61.287,6012.0,1.468,1.145,0.1,Kepler-147 c,0,0.25623576,0,0,791.49586,Superterran
Kepler-11 c,2.87,2.9,786.0,13.0241,0.026,0.107,107.224,5663.0,1.065,0.961,0.05,Kepler-11 c,0,0.22561206,0,0,942.35661,Terran
Kepler-1130 c,0.79239584,0.422,1072.0,3.266639948,0.0,0.04238,316.9,5450.0,0.842,0.944,0.1,Kepler-1130 c,0,0.29271682,0,0,1203.5608,Subterran
TOI-1634 b,1.759,4.9,900.0,0.98934551,0.0,0.01544,121.0,3550.0,0.45,0.502,0.23,TOI-1634 b,0,0.27812161,0,0,933.1711,Superterran
Kepler-994 b,1.6,3.19,957.0,1.151166506,0.0,0.0177,243.984,3934.0,0.54,0.56,-0.13,Kepler-994 b,0,0.28022791,0,0,1122.5066,Terran
Kepler-208 c,1.39,2.51,1141.0,7.466623,0.0,0.079,300.165,6092.0,1.314,1.082,-0.0423,Kepler-208 c,0,0.28780362,0,0,1222.8184,Terran
Kepler-1961 b,1.6187808,3.25,866.0,5.604710102,0.0,0.0588,132.98,5401.0,0.777,0.871,-0.16,Kepler-1961 b,0,0.28233424,0,0,1012.1313,Superterran
Kepler-1243 b,1.75,3.71,690.0,16.8320729,0.0,0.1256,36.162,5667.0,0.94,0.96,0.01,Kepler-1243 b,0,0.30372892,0,0,705.39228,Superterran
Kepler-132 e,1.18,1.76,414.0,110.2869374,0.0,0.43927,6.1,6023.0,1.1,1.03,-0.13,Kepler-132 e,0,0.43991948,0,0,490.11153,Terran
Kepler-1344 b,1.84,4.04,1219.0,4.7683049,0.0,0.05501,425.169,5981.0,1.13,1.09,0.06,Kepler-1344 b,0,0.26573015,0,0,1312.9596,Superterran
Kepler-167 c,1.674,3.44,771.0,7.406106,0.0,0.0684,61.175,4884.0,0.749,0.777,0.02,Kepler-167 c,0,0.29259682,0,0,806.58004,Superterran
Kepler-180 b,1.5,2.86,781.0,13.817124,0.0,0.109,72.119,5731.0,1.063,0.95,0.03,Kepler-180 b,0,0.30085021,0,0,807.62968,Terran
Kepler-825 b,1.53,2.96,1270.0,3.77360059,0.0,0.0453,734.464,5976.0,1.08,1.03,-0.08,Kepler-825 b,0,0.27969552,0,0,1448.3597,Terran
Kepler-514 b,1.72,3.61,1248.0,5.65179605,0.0,0.06559,506.412,6106.0,1.44,1.28,0.36,Kepler-514 b,0,0.27130486,0,0,1355.8204,Superterran
K2-146 b,2.05,5.77,534.0,2.6446,0.129,0.0248,20.7,3385.0,0.33,0.331,-0.02,K2-146 b,0,0.30418824,0,0,638.62509,Superterran
Kepler-914 b,1.38,2.48,1192.0,4.40966548,0.0,0.05454,568.378,5877.0,1.15,1.1,0.22,Kepler-914 b,0,0.28628389,0,0,1420.2869,Terran
Kepler-107 b,1.536,3.8,1592.0,3.1800218,0.1,0.04544,1073.0,5854.0,1.447,1.238,0.321,Kepler-107 b,0,0.27850034,0,0,1663.1607,Terran
K2-277 b,2.18575124,7.4,1049.0,6.326768,0.52,0.0664,195.0,5680.0,0.973,0.974,0.078,K2-277 b,0,0.25799519,0,0,1074.6663,Superterran
Kepler-763 d,1.67,3.43,804.0,6.50327035,0.0,0.0634,98.81,4999.0,0.843,0.8,0.18,Kepler-763 d,0,0.28275864,0,0,942.71603,Superterran
Kepler-165 b,2.32,5.99,716.0,8.180848,0.0,0.072,59.799,5211.0,0.77,0.746,-0.25,Kepler-165 b,0,0.25890404,0,0,817.07001,Superterran
Kepler-124 b,0.73,0.315,892.0,3.410493,0.0,0.039,198.843,4984.0,0.636,0.706,-0.46,Kepler-124 b,0,0.29053401,0,0,1113.3795,Subterran
Kepler-971 b,2.13,5.18,1087.0,9.59070716,0.0,0.08679,82.766,5431.0,0.85,0.88,-0.06,Kepler-971 b,0,0.26606162,0,0,842.2146,Superterran
Kepler-142 d,2.16,5.31,582.0,41.809118,0.0,0.242,22.072,5790.0,1.269,0.978,0.05,Kepler-142 d,0,0.3045392,0,0,621.96771,Superterran
Kepler-191 d,2.28,5.82,857.0,5.945041017,0.0,0.06104,99.6,5215.0,0.8,0.84,-0.05,Kepler-191 d,0,0.25309236,0,0,926.21564,Superterran
Kepler-833 b,2.02,4.74,382.0,18.7546998,0.0,0.1139,8.313,4339.0,0.62,0.64,-0.18,Kepler-833 b,0,0.3526476,0,0,540.02474,Superterran
Kepler-1126 c,1.45,2.7,305.0,199.66876,0.0,0.6193,2.06,5678.0,0.921,0.794,-0.4,Kepler-1126 c,0,0.72064487,0,0,345.32258,Terran
Kepler-1420 b,1.28,2.18,806.0,6.69960006,0.0,0.0671,131.526,5187.0,0.79,0.82,-0.1,Kepler-1420 b,0,0.29827988,0,0,971.77173,Terran
Kepler-369 c,1.41,2.57,391.0,14.871572,0.0,0.094,4.21,3591.0,0.471,0.5,-0.09,Kepler-369 c,0,0.54345487,0,0,414.34452,Terran
Kepler-1349 b,0.7,0.271,1668.0,2.12823928,0.0,0.03421,1862.33,6086.0,1.28,1.16,0.03,Kepler-1349 b,0,0.28270206,0,0,1898.0093,Subterran
Kepler-383 c,1.24,2.07,406.0,31.200751,0.0,0.172,6.44,4710.0,0.672,0.669,-0.1785,Kepler-383 c,0,0.46933733,0,0,464.15315,Terran
Kepler-1743 b,1.59887007,3.18,1144.0,7.649710178,0.0,0.084,515.0,5855.0,1.613,1.266,0.4,Kepler-1743 b,0,0.27669634,0,0,1416.5751,Terran
Kepler-1432 b,2.22,5.56,709.0,23.9109011,0.0,0.1696,119.237,6031.0,1.13,1.09,0.02,Kepler-1432 b,0,0.25721529,0,0,904.61253,Superterran
Kepler-969 c,0.99,0.937,1270.0,1.682934604,0.0,0.0265,564.581,5214.0,0.82,0.92,0.22,Kepler-969 c,0,0.29544207,0,0,1394.4119,Terran
GJ 411 b,1.45,2.69,349.83,12.9394,0.063,0.07879,3.13,3719.0,0.3685,0.3899,-0.3621,GJ 411 b,0,0.61154459,0,0,382.89714,Terran
Kepler-1861 b,2.20677414,5.5,617.0,40.0306015,0.0,0.24082,31.5,5855.0,1.373,1.161,0.26,Kepler-1861 b,0,0.28171098,0,0,696.78257,Superterran
Kepler-779 b,0.92,0.721,425.0,7.09714223,0.0,0.0533,15.028,3804.0,0.44,0.46,-0.43,Kepler-779 b,0,0.35788008,0,0,612.4377,Terran
TOI-1749 c,2.12,14.0,673.0,4.4929,0.019,0.0443,36.1539,3985.0,0.55,0.58,-0.26,TOI-1749 c,0,0.28497638,0,0,702.60924,Superterran
Kepler-830 b,1.7,3.53,907.0,11.29695137,0.0,0.1033,160.18,6037.0,1.11,1.07,-0.02,Kepler-830 b,0,0.27933885,0,0,986.56422,Superterran
Kepler-1206 b,1.64,3.33,1314.0,1.216997663,0.0,0.0201,588.021,4877.0,0.75,0.8,0.07,Kepler-1206 b,0,0.27472235,0,0,1420.128,Superterran
Kepler-1534 b,1.89,4.23,955.0,5.71668872,0.0,0.0599,196.51,5442.0,0.86,0.9,-0.01,Kepler-1534 b,0,0.26835986,0,0,1027.9266,Superterran
Kepler-196 b,1.9,4.27,536.0,20.739886,0.0,0.138,20.735,5128.0,0.782,0.839,0.03,Kepler-196 b,0,0.32008227,0,0,617.6408,Superterran
Kepler-239 b,2.33,6.04,616.0,11.763051,0.0,0.095,34.746,4914.0,0.763,0.757,0.17,Kepler-239 b,0,0.27290701,0,0,710.09053,Superterran
Kepler-129 b,2.4,20.0,910.0,15.79,0.01,0.13,158.306,5770.0,1.653,1.178,0.29,Kepler-129 b,0,0.24283618,0,0,1042.2001,Superterran
Kepler-194 d,2.4,6.35,562.0,52.814973,0.0,0.275,12.863,6089.0,1.025,0.94,-0.03,Kepler-194 d,0,0.31824944,0,0,562.3532,Superterran
Kepler-1335 b,1.45,2.7,809.0,6.26406846,0.0,0.0615,80.741,4903.0,0.74,0.77,-0.07,Kepler-1335 b,0,0.29968599,0,0,842.82607,Terran
TOI-1347 b,1.8,11.1,1400.0,0.84742346,0.0,0.0171,1876.1315,5464.0,0.83,0.913,0.04,TOI-1347 b,0,0.26531084,0,0,1900.9192,Superterran
Kepler-154 b,2.26,5.73,561.0,33.040532,0.0,0.198,28.11,5690.0,1.001,0.933,0.02,Kepler-154 b,0,0.28794103,0,0,658.93553,Superterran
Kepler-20 b,1.773,9.7,1187.0,3.6961049,0.083,0.04565,331.0,5495.0,0.9164,0.929,0.07,Kepler-20 b,0,0.27005684,0,0,1223.9616,Superterran
Kepler-131 b,2.41,16.13,718.0,16.092,0.0,0.12789,66.122,5685.0,1.03,1.02,0.12,Kepler-131 b,0,0.25477149,0,0,814.92496,Superterran
Kepler-1410 b,1.78,3.82,290.0,60.866168,0.0,0.2543,1.06,4092.0,0.6,0.63,0.01,Kepler-1410 b,2,0.79997417,0,1,292.92224,Superterran
Kepler-1103 b,2.27,5.77,736.0,19.79191978,0.0,0.15336,160.282,6092.0,1.15,1.11,-0.01,Kepler-1103 b,0,0.24997136,0,0,1012.3348,Superterran
Kepler-42 d,0.57,0.357785,450.0,1.865169,0.02,0.0154,12.538,3068.0,0.17,0.13,-0.33,Kepler-42 d,0,0.3886222,0,0,513.04363,Subterran
Kepler-1227 b,2.29,5.86,369.0,94.2887577,0.0,0.38555,4.179,5747.0,0.95,0.97,-0.04,Kepler-1227 b,0,0.4862259,0,0,410.63665,Superterran
Kepler-143 b,2.41,6.39,838.0,16.007583,0.0,0.127,118.334,5848.0,1.359,0.982,-0.01,Kepler-143 b,0,0.24544047,0,0,956.14478,Superterran
Kepler-1181 b,1.57,3.09,1374.0,4.89337519,0.0,0.0621,831.143,6176.0,1.3,1.17,0.03,Kepler-1181 b,0,0.27750386,0,0,1514.8852,Terran
Kepler-1938 b,1.82828927,4.0,527.0,13.06260014,0.0,0.0938,18.25,4522.0,0.655,0.646,-0.22,Kepler-1938 b,0,0.31436755,0,0,646.13624,Superterran
Kepler-209 b,2.26,5.73,668.0,16.087845,0.0,0.122,48.662,5513.0,0.935,0.971,0.11,Kepler-209 b,0,0.2677522,0,0,764.70795,Superterran
Kepler-292 f,2.35,6.12,563.0,20.834237,0.0,0.141,24.325,5299.0,0.826,0.865,0.04,Kepler-292 f,0,0.29161186,0,0,631.05319,Superterran
TOI-561 b,1.397,2.02,2319.0,0.4465697,0.0,0.01064,4709.0,5342.0,0.843,0.806,-0.41,TOI-561 b,0,0.28240928,0,0,2387.9355,Terran
Kepler-1530 b,1.64,3.33,1484.0,2.5904434,0.0,0.03553,353.561,5477.0,0.88,0.92,0.03,Kepler-1530 b,0,0.27627156,0,0,1248.7876,Superterran
Kepler-205 b,1.51,2.89,757.0,2.75564,0.0,0.032,102.562,4321.0,0.546,0.592,-0.1254,Kepler-205 b,0,0.2911463,0,0,927.5782,Terran
Kepler-443 b,2.33,6.04,233.0,177.6693,0.11,0.495,0.86,4723.0,0.706,0.738,-0.01,Kepler-443 b,2,0.71460424,1,1,278.80042,Superterran
Kepler-280 c,2.01,4.7,1088.0,4.807091,0.0,0.056,279.085,5744.0,0.886,0.962,0.1213,Kepler-280 c,0,0.25900003,0,0,1171.7407,Superterran
LHS 1140 b,1.73,5.6,226.0,24.73723,0.043,0.0946,0.43,3096.0,0.2159,0.1844,-0.15,LHS 1140 b,2,0.65784339,1,1,232.23611,Superterran
Kepler-334 c,1.43,2.63,822.0,12.758005,0.0,0.107,97.21,5828.0,1.068,1.022,-0.012,Kepler-334 c,0,0.29577865,0,0,908.30903,Terran
Kepler-107 d,0.86,7.7,1173.0,7.95839,0.11,0.08377,315.0,5854.0,1.447,1.238,0.321,Kepler-107 d,0,0.29513441,0,0,1224.7622,Terran
Kepler-231 b,1.73,35.4,488.0,10.065275,0.0,0.074,14.879,3767.0,0.49,0.58,-0.1,Kepler-231 b,0,0.34444435,0,0,582.51842,Superterran
Kepler-1966 b,1.10479327,1.39,733.0,8.617429733,0.0,0.0763,68.28,5009.0,0.84,0.797,0.16,Kepler-1966 b,0,0.32171506,0,0,751.47278,Terran
Kepler-159 b,2.38,6.26,447.0,10.139623,0.0,0.082,33.463,4625.0,0.663,0.628,-0.04,Kepler-159 b,0,0.28408624,0,0,650.90648,Superterran
TOI-1444 b,1.41792246,3.58,2130.02,0.4702743,0.0,0.0116,5028.6263,5460.0,0.9105,0.9513,0.146,TOI-1444 b,0,0.28353065,0,0,2438.6043,Terran
Kepler-1759 b,0.9037791,0.676,954.0,3.720230103,0.0,0.0429,195.7,5017.0,0.797,0.76,-0.02,Kepler-1759 b,0,0.30143471,0,0,1004.4929,Terran
Kepler-1972 c,0.868,2.11,1215.0,11.3295,0.043,0.10493,198.4,5818.0,1.384,1.12,0.23,Kepler-1972 c,0,0.2988486,0,0,1055.966,Terran
Kepler-808 b,1.46,2.73,1322.0,0.631332353,0.0,0.01314,1428.3,4653.0,0.71,0.76,0.05,Kepler-808 b,0,0.28154009,0,0,1801.7583,Terran
Wolf 503 b,2.043,6.26,790.0,6.00127,0.41,0.05706,69.6,4716.0,0.689,0.688,-0.47,Wolf 503 b,0,0.27110936,0,0,806.81219,Superterran
Kepler-306 d,2.47,6.66,535.0,17.326644,0.0,0.12,21.983,4954.0,0.719,0.75,-0.13,Kepler-306 d,0,0.28467459,0,0,633.99364,Superterran
Kepler-1638 b,1.87,4.16,304.0,259.33683,0.0,0.745,2.76,5710.0,0.95,0.97,-0.01,Kepler-1638 b,2,0.75706411,0,1,312.13853,Superterran
Kepler-140 b,1.61,3.22,1301.0,3.25427,0.0,0.045,848.695,6077.0,1.288,1.044,-0.039,Kepler-140 b,0,0.2754004,0,0,1567.001,Superterran
GJ 740 b,1.53,2.96,829.0,2.37756,0.24,0.029,79.0,3913.0,0.56,0.58,0.08,GJ 740 b,0,0.2954586,0,0,840.69508,Terran
Kepler-169 d,1.25,2.1,702.0,8.348125,0.0,0.075,55.53,4997.0,0.763,0.825,0.17,Kepler-169 d,0,0.31288008,0,0,789.57773,Terran
Kepler-973 b,1.96,4.5,402.0,49.6077331,0.0,0.2489,7.892,5213.0,0.78,0.86,-0.06,Kepler-973 b,0,0.41824445,0,0,471.26128,Superterran
GJ 251 b,1.79,3.85,336.0,14.237,0.0,0.0808,2.37,3342.0,0.36,0.35,0.07,GJ 251 b,0,0.62909696,0,0,362.47388,Superterran
Kepler-226 c,2.27,45.2,919.0,5.349555,0.0,0.058,180.513,5571.0,0.802,0.904,0.09,Kepler-226 c,0,0.24907454,0,0,1041.0259,Superterran
K2-265 b,1.70824866,7.3418362,1366.0,2.36902,0.16,0.03359,592.0,5420.0,0.92,0.901,0.033,K2-265 b,0,0.27137533,0,0,1411.0176,Superterran
Kepler-787 b,1.28,2.18,1115.0,0.928310498,0.0,0.0159,493.553,4248.0,0.62,0.65,-0.09,Kepler-787 b,0,0.29036194,0,0,1362.9407,Terran
Kepler-330 c,1.95,4.46,573.0,15.955387,0.0,0.116,27.676,5117.0,0.722,0.848,0.16,Kepler-330 c,0,0.30527785,0,0,654.93248,Superterran
Kepler-374 b,1.03,1.08,1761.0,1.897806,0.0,0.029,2014.661,5977.0,0.911,1.033,0.1111,Kepler-374 b,0,0.29344853,0,0,1978.0011,Terran
LP 791-18 b,1.212,1.94,564.3,0.9479981,0.0,0.00978,24.14,2960.0,0.182,0.139,-0.09,LP 791-18 b,0,0.34580333,0,0,637.17114,Terran
Kepler-764 b,1.64,3.33,875.0,7.33683936,0.0,0.0724,160.457,5557.0,0.89,0.92,-0.06,Kepler-764 b,0,0.28219116,0,0,988.68111,Superterran
Kepler-326 b,1.52,44.6,1127.0,2.248329,0.0,0.032,783.449,5105.0,0.801,0.91,0.2385,Kepler-326 b,0,0.28002867,0,0,1469.2663,Terran
Kepler-1254 b,1.55,3.02,660.0,9.99113313,0.0,0.0833,33.978,4985.0,0.75,0.78,-0.1,Kepler-1254 b,0,0.31149161,0,0,717.13847,Terran
Kepler-1570 b,1.07,1.24,836.0,26.548955,0.0,0.16699,76.457,5550.0,0.89,0.92,-0.04,Kepler-1570 b,0,0.30961893,0,0,864.42655,Terran
Kepler-1173 b,0.89,0.64,1650.0,0.7698536,0.0,0.0156,1462.098,5252.0,0.82,0.86,0.0,Kepler-1173 b,0,0.29264349,0,0,1787.4162,Terran
Kepler-662 b,2.18,5.39,530.0,21.67697486,0.0,0.1408,23.824,4897.0,0.74,0.79,-0.03,Kepler-662 b,0,0.30255344,0,0,624.63195,Superterran
Kepler-1220 b,1.52,2.92,899.0,7.42693741,0.0,0.0734,177.842,5842.0,0.99,1.0,-0.04,Kepler-1220 b,0,0.28500328,0,0,1077.2773,Terran
Kepler-1990 c,0.98,0.904,1170.0,4.06844957,0.0,0.0504,442.08,5751.0,1.071,1.028,0.21,Kepler-1990 c,0,0.29559565,0,0,1370.7563,Terran
Kepler-639 b,2.38,6.26,957.0,10.21420496,0.0,0.09358,295.826,5896.0,1.29,1.14,0.23,Kepler-639 b,0,0.24023161,0,0,1222.3257,Superterran
Kepler-1826 b,1.47519116,2.78,806.0,1.615360022,0.0,0.0213,99.32,3821.0,0.486,0.49,-0.28,Kepler-1826 b,0,0.28828182,0,0,1033.3221,Terran
Kepler-1189 b,1.77,3.78,1158.0,3.78858982,0.0,0.0467,449.936,6012.0,1.16,1.11,0.08,Kepler-1189 b,0,0.26877991,0,0,1363.0666,Superterran
Kepler-118 b,1.96,4.5,784.0,7.518496,0.0,0.073,79.753,5274.0,1.094,0.811,0.18,Kepler-118 b,0,0.27347748,0,0,857.06565,Superterran
KOI-1599.02,1.9,9.0,755.0,13.6088,0.0114,0.112293,76.81,5833.0,0.972,1.02,0.06,KOI-1599.02,0,0.27124191,0,0,942.42251,Superterran
Kepler-1957 b,0.94374867,0.79,1099.0,2.186619997,0.0,0.0299,345.07,4904.0,0.772,0.745,0.0,Kepler-1957 b,0,0.29762483,0,0,1177.172,Terran
Kepler-1198 b,1.47,2.76,830.0,7.6847716,0.0,0.0732,108.069,5517.0,0.9,0.93,0.03,Kepler-1198 b,0,0.29278687,0,0,930.4006,Terran
Kepler-235 b,2.23,5.6,731.0,3.340222,0.0,0.037,44.0,4255.0,0.554,0.581,-0.51,Kepler-235 b,0,0.26580221,0,0,793.09399,Superterran
Kepler-245 e,1.75,1806.36,998.0,3.219821056,0.0,0.04053,240.151,5174.0,0.8,0.86,0.05,Kepler-245 e,0,0.27247765,0,0,1145.2374,Superterran
Kepler-1082 b,1.12,1.46,1827.0,1.543206604,0.0,0.02571,2949.557,5923.0,1.14,1.03,-0.06,Kepler-1082 b,0,0.29221378,0,0,2150.1015,Terran
Kepler-1126 b,1.73,3.64,374.0,108.593329,0.0,0.41251,4.55,5798.0,0.93,0.92,-0.26,Kepler-1126 b,0,0.50452199,0,0,423.06871,Superterran
Kepler-1383 b,1.41,2.57,928.0,13.9093583,0.0,0.11397,231.396,6370.0,1.44,1.26,0.03,Kepler-1383 b,0,0.28795357,0,0,1161.8996,Terran
Kepler-1353 b,1.8,3.89,491.0,24.7543966,0.0,0.153,10.767,4776.0,0.72,0.76,-0.06,Kepler-1353 b,0,0.3832859,0,0,516.21403,Superterran
Kepler-24 b,2.348,11.14,1050.0,8.14,0.023,0.08045,252.246,6028.0,1.099,1.06,-0.0708,Kepler-24 b,0,0.24247115,0,0,1055.3112,Superterran
Kepler-174 b,1.96,4.5,553.0,13.98179,0.0,0.1,24.418,4880.0,0.622,0.602,-0.56,Kepler-174 b,0,0.30464796,0,0,655.2779,Superterran
Kepler-1461 b,2.03,4.78,451.0,29.3494775,0.0,0.1715,8.88,4919.0,0.74,0.79,-0.04,Kepler-1461 b,0,0.40476121,0,0,479.22941,Superterran
Kepler-622 b,2.13,5.18,446.0,14.28226676,0.0,0.0978,12.486,4201.0,0.61,0.64,-0.09,Kepler-622 b,0,0.33405838,0,0,560.08778,Superterran
Kepler-1837 b,2.06673842,4.92,1012.0,5.906089783,0.0,0.065,247.83,5966.0,0.961,1.049,-0.02,Kepler-1837 b,0,0.25788761,0,0,1085.0977,Superterran
Kepler-1182 b,2.41,6.39,796.0,11.17394617,0.0,0.0981,197.882,5924.0,1.05,1.04,0.01,Kepler-1182 b,0,0.24176197,0,0,1064.3661,Superterran
Kepler-48 d,2.04,7.93,448.0,42.8961,0.0,0.23302,9.292,5194.0,0.89,0.88,0.17,Kepler-48 d,0,0.37884591,0,0,504.75921,Superterran
Kepler-615 b,1.74,3.68,620.0,10.35584657,0.0,0.085,19.18,4655.0,0.69,0.73,-0.07,Kepler-615 b,0,0.31462419,0,0,661.40284,Superterran
Kepler-32 e,1.5,4.08181,652.0,2.896,0.0,0.033,56.649,3900.0,0.53,0.58,0.0,Kepler-32 e,0,0.30782957,0,0,752.78083,Terran
Kepler-299 e,1.87,4.16,534.0,38.285489,0.0,0.22,20.174,5617.0,1.032,1.004,0.12,Kepler-299 e,0,0.32959772,0,0,598.0179,Superterran
Kepler-174 c,1.49,2.83,377.0,44.000529,0.0,0.214,5.296,4880.0,0.622,0.602,-0.56,Kepler-174 c,0,0.47958253,0,0,447.93875,Terran
Kepler-1046 b,1.71,3.57,786.0,14.37508035,0.0,0.11858,101.4,5913.0,1.04,1.04,0.0,Kepler-1046 b,0,0.28490745,0,0,873.75584,Superterran
Kepler-1081 b,1.01,1.01,972.0,3.856918547,0.0,0.04662,225.216,5345.0,0.84,0.88,0.01,Kepler-1081 b,0,0.29907002,0,0,1117.4615,Terran
Kepler-641 b,1.85,4.08,926.0,9.48961571,0.0,0.0895,311.788,5713.0,1.13,1.02,0.15,Kepler-641 b,0,0.26636557,0,0,1214.5939,Superterran
Kepler-969 b,2.07,4.94,465.0,34.1731714,0.0,0.19726,10.166,5214.0,0.82,0.92,0.22,Kepler-969 b,0,0.37182482,0,0,510.79736,Superterran
Kepler-124 c,1.75,3.71,560.0,13.821375,0.0,0.1,30.716,4984.0,0.636,0.706,-0.46,Kepler-124 c,0,0.30583655,0,0,695.30527,Superterran
Kepler-1285 b,0.97,0.871,874.0,14.7967458,0.0,0.12758,181.591,6170.0,1.28,1.2,0.16,Kepler-1285 b,0,0.30028264,0,0,1065.6532,Terran
TOI-733 b,1.992,5.72,1055.8,4.884765,0.046,0.0618,207.1,5585.0,0.949,0.956,-0.04,TOI-733 b,0,0.26125275,0,0,1101.2193,Superterran
Kepler-201 b,2.46,6.62,683.0,25.672083,0.0,0.175,64.549,6065.0,1.229,1.098,-0.0442,Kepler-201 b,0,0.25014544,0,0,840.24608,Superterran
Kepler-652 b,2.49,6.76,974.0,4.182002531,0.0,0.04958,211.884,5490.0,0.88,0.97,0.17,Kepler-652 b,0,0.23724053,0,0,1098.0991,Superterran
Kepler-1876 b,0.853,2.4,1299.0,6.99205,0.098,0.0758,475.0,6104.0,1.477,1.187,0.01,Kepler-1876 b,0,0.29366715,0,0,1336.8404,Terran
HD 23472 e,0.818,0.72,723.0,7.90754,0.07,0.068,46.7,4684.0,0.71,0.67,-0.2,HD 23472 e,0,0.31620284,0,0,769.64046,Terran
Kepler-1813 b,1.413,2.58,1059.0,2.818160057,0.0,0.0364,298.2,5167.0,0.787,0.812,-0.04,Kepler-1813 b,0,0.28723426,0,0,1197.7739,Terran
Kepler-1287 b,1.54,2.99,796.0,11.47685909,0.0,0.0976,78.156,5715.0,0.94,0.96,-0.05,Kepler-1287 b,0,0.29314158,0,0,873.87761,Terran
Kepler-364 b,1.55,3.02,753.0,25.745718,0.0,0.178,68.71,6108.0,1.284,1.076,-0.031,Kepler-364 b,0,0.29586872,0,0,834.57529,Terran
Kepler-332 c,1.09,1.32,550.0,15.995622,0.0,0.114,19.986,4955.0,0.72,0.743,-0.13,Kepler-332 c,0,0.35934156,0,0,608.79783,Terran
K2-22 b,2.3,444.962,2100.0,0.381073,0.19,0.009,114.0,3879.0,0.58,0.595292,0.032,K2-22 b,0,0.24124332,0,0,1630.4776,Superterran
Kepler-1824 b,2.38127597,6.26,421.0,95.61100006,0.0,0.4267,7.45,6002.0,1.081,1.135,0.2,Kepler-1824 b,0,0.3766322,0,0,485.9753,Superterran
Kepler-1042 b,2.19,5.43,574.0,10.13202575,0.0,0.0756,25.66,4815.0,0.72,0.75,-0.1,Kepler-1042 b,0,0.27468943,0,0,740.738,Superterran
Kepler-1945 b,1.289,2.21,808.0,6.080039978,0.0,0.0597,100.72,4991.0,0.804,0.767,0.04,Kepler-1945 b,0,0.30094782,0,0,913.45752,Terran
Kepler-403 c,1.75,3.71,604.0,54.280749,0.0,0.297,45.154,6090.0,1.329,1.299,0.079,Kepler-403 c,0,0.29381148,0,0,764.79897,Superterran
K2-285 e,1.95,10.7,500.9,14.76289,0.0,0.18041,10.5,4975.0,0.787,0.83,0.0,K2-285 e,0,0.36281156,0,0,531.24544,Superterran
Kepler-352 b,0.86,0.566,694.0,10.05537,0.0,0.085,50.389,5212.0,0.781,0.798,-0.11,Kepler-352 b,0,0.31791238,0,0,769.51317,Terran
K2-233 b,1.315,2.4,1127.0,2.467583,0.0,0.03293,269.0,4796.0,0.71,0.79,-0.082,K2-233 b,0,0.29042712,0,0,1170.1003,Terran
EPIC 220674823 b,1.606,7.54,2324.0,0.57130782,0.0,0.0132,4656.0,5578.0,0.99,0.913,-0.005,EPIC 220674823 b,0,0.26861068,0,0,2332.941,Superterran
Kepler-1399 b,1.25,2.1,1610.0,1.638653058,0.0,0.0276,1707.252,5735.0,0.96,0.97,-0.03,Kepler-1399 b,0,0.28958731,0,0,1741.6905,Terran
Kepler-338 e,1.56,8.5,1143.0,9.341,0.05,0.08979,428.524,5999.0,1.735,1.14,-0.029,Kepler-338 e,0,0.27904948,0,0,1345.4108,Terran
Kepler-866 b,1.63,3.29,996.0,2.617032536,0.0,0.0331,196.127,4751.0,0.71,0.75,-0.07,Kepler-866 b,0,0.28048371,0,0,1053.8081,Superterran
Kepler-597 b,2.37,6.21,743.0,13.02365861,0.0,0.10916,76.375,5683.0,0.95,0.97,-0.01,Kepler-597 b,0,0.25224477,0,0,868.64748,Superterran
Kepler-196 c,2.24,5.65,407.0,47.427737,0.0,0.24,6.88,5128.0,0.782,0.839,0.03,Kepler-196 c,0,0.40414411,0,0,468.34933,Superterran
Kepler-1348 b,1.94,4.42,636.0,27.5722742,0.0,0.1834,49.665,5911.0,1.04,1.04,-0.01,Kepler-1348 b,0,0.28531733,0,0,755.48502,Superterran
Kepler-1650 b,0.96,0.84,602.0,1.53818001,0.01,0.0167,54.562,3410.0,0.334,0.326,-0.11,Kepler-1650 b,0,0.32144884,0,0,758.25376,Terran
Kepler-1817 b,2.27349126,5.79,463.0,44.29919815,0.0,0.2348,10.85,5316.0,0.915,0.878,0.16,Kepler-1817 b,0,0.3922854,0,0,477.06381,Superterran
Kepler-1225 b,1.82,3.97,1453.0,7.01075434,0.0,0.0771,324.282,6140.0,1.19,1.13,0.01,Kepler-1225 b,0,0.26734431,0,0,1255.0133,Superterran
Kepler-1025 b,1.98,4.58,1654.0,37.3229493,0.0,0.21607,17.952,6089.0,1.13,1.09,-0.03,Kepler-1025 b,0,0.32854943,0,0,586.87064,Superterran
Kepler-1260 b,1.77,3.78,823.0,19.1187753,0.0,0.1444,171.926,5961.0,1.08,1.06,0.01,Kepler-1260 b,0,0.27448804,0,0,1024.8066,Superterran
Kepler-1617 b,1.2,1.87,736.0,27.4785572,0.0,0.17707,64.689,6167.0,1.22,1.15,0.01,Kepler-1617 b,0,0.31070689,0,0,822.87948,Terran
Kepler-50 b,1.71,8.9,1196.0,7.81254,0.0,0.077,494.705,6225.0,1.58,1.24,0.03,Kepler-50 b,0,0.2713846,0,0,1411.4976,Superterran
Kepler-1391 b,1.68,3.46,513.0,54.4092333,0.0,0.30045,33.335,5840.0,1.1,1.03,0.04,Kepler-1391 b,0,0.30760627,0,0,704.03213,Superterran
Kepler-1933 b,1.17984089,1.76,1058.0,4.943290234,0.0,0.05605,250.5,5661.0,1.008,0.964,0.1,Kepler-1933 b,0,0.29625688,0,0,1136.172,Terran
Kepler-1006 b,1.54,2.99,791.0,19.76172042,0.0,0.1464,153.493,5328.0,0.74,0.78,-0.4,Kepler-1006 b,0,0.34758513,0,0,597.24838,Terran
Kepler-864 c,1.62,3.26,1532.0,2.42150341,0.0,0.0382,1305.04,6213.0,1.195,1.27,0.36,Kepler-864 c,0,0.27460704,0,0,1659.1813,Superterran
Kepler-215 e,1.75,3.71,405.0,68.16101,0.0,0.314,7.444,5739.0,1.027,0.788,-0.4425,Kepler-215 e,0,0.4214819,0,0,479.96625,Superterran
TOI-4342 c,2.349,4.8,514.0,10.688662,0.0,0.0804,11.6,3866.0,0.598,0.587,0.26,TOI-4342 c,0,0.33963825,0,0,527.06396,Superterran
Kepler-570 b,2.45,6.57,1009.0,4.301662003,0.0,0.0497,214.04,5496.0,0.9,0.93,0.06,Kepler-570 b,0,0.23930961,0,0,1088.2967,Superterran
Kepler-60 b,1.71,4.19,1102.0,7.1334,0.0,0.07255,318.0,5905.0,1.257,1.041,-0.09,Kepler-60 b,0,0.27204474,0,0,1326.8171,Superterran
Kepler-1631 b,1.35,2.39,1122.0,4.09513932,0.0,0.0511,446.918,5679.0,0.95,0.97,0.04,Kepler-1631 b,0,0.28867844,0,0,1277.8064,Terran
Kepler-1557 b,1.53,2.96,1287.0,3.74032496,0.0,0.049,645.543,6099.0,1.17,1.11,0.02,Kepler-1557 b,0,0.28006638,0,0,1391.8021,Terran
Kepler-321 c,2.32,5.99,752.0,13.093921,0.0,0.11,80.103,5740.0,1.194,1.024,0.121,Kepler-321 c,0,0.25502639,0,0,863.43406,Superterran
Kepler-37 d,2.03,2.0,499.0,39.7922622,0.1,0.2109,10.39,5357.0,0.789,0.79,-0.36,Kepler-37 d,0,0.36577954,0,0,520.1338,Terran
Kepler-1337 b,2.41,6.39,437.0,24.4002549,0.0,0.1441,9.183,4523.0,0.67,0.7,-0.09,Kepler-1337 b,0,0.36679631,0,0,494.41715,Superterran
Kepler-1463 b,1.86,4.12,619.0,25.15864,0.0,0.1694,57.634,5679.0,0.95,0.96,0.0,Kepler-1463 b,0,0.29228729,0,0,737.00226,Superterran
Kepler-1688 b,1.26174569,2.13,772.0,5.62012,0.0,0.0577,84.01,4632.11,0.746,0.814,-0.046,Kepler-1688 b,0,0.30810374,0,0,830.49613,Terran
HD 23472 d,0.75,0.55,909.0,3.97664,0.07,0.04298,117.0,4684.0,0.71,0.67,-0.2,HD 23472 d,0,0.29650785,0,0,968.0753,Terran
Kepler-1742 b,2.1782413,5.38,462.0,49.47819901,0.0,0.2587,10.73,5776.0,0.849,0.939,-0.18,Kepler-1742 b,0,0.36722625,0,0,508.77681,Superterran
Kepler-392 b,1.0,0.972,1125.0,5.341853,0.0,0.059,450.654,5938.0,1.129,0.874,-0.4362,Kepler-392 b,0,0.29602836,0,0,1325.1026,Terran
Kepler-163 c,2.26,5.73,648.0,21.347262,0.0,0.152,30.238,5776.0,0.917,0.882,0.1412,Kepler-163 c,0,0.28233182,0,0,681.55942,Superterran
Kepler-200 c,1.59,3.15,806.0,10.222157,0.0,0.09,126.361,5678.0,0.944,0.972,-0.006,Kepler-200 c,0,0.28565284,0,0,963.39473,Terran
Kepler-194 b,1.51,2.89,1648.0,2.092281,0.0,0.032,953.173,6089.0,1.025,0.94,-0.03,Kepler-194 b,0,0.27972852,0,0,1648.544,Terran
Kepler-393 b,1.29,2.21,1052.0,9.182417,0.0,0.091,429.813,6189.0,1.382,1.256,0.0322,Kepler-393 b,0,0.2907136,0,0,1289.4509,Terran
Kepler-1301 b,1.4,2.54,734.0,9.08237046,0.0,0.0815,76.139,5188.0,0.81,0.85,0.01,Kepler-1301 b,0,0.30338622,0,0,825.74645,Terran
Kepler-392 c,1.1,1.37,901.0,10.423118,0.0,0.093,185.098,5938.0,1.129,0.874,-0.4362,Kepler-392 c,0,0.29984717,0,0,1055.4412,Terran
Kepler-1623 b,1.31,2.27,1000.0,4.36128348,0.0,0.0518,243.08,5772.0,1.0,1.0,0.04,Kepler-1623 b,0,0.29212031,0,0,1144.8818,Terran
Kepler-134 c,1.26,2.13,892.0,10.105785,0.0,0.092,128.086,5983.0,1.176,0.956,-0.2067,Kepler-134 c,0,0.29848605,0,0,982.38474,Terran
Kepler-390 b,0.82,0.477,786.0,6.738088,0.0,0.065,99.972,5166.0,0.776,0.787,-0.0443,Kepler-390 b,0,0.30268926,0,0,921.44378,Terran
Kepler-206 c,1.77,3.78,825.0,13.137471,0.0,0.111,95.51,5764.0,1.185,0.957,0.0213,Kepler-206 c,0,0.27976824,0,0,906.28341,Superterran
Kepler-82 e,2.47,254.02,926.0,5.902206,0.0,0.063,144.337,5428.0,0.945,0.946,0.2107,Kepler-82 e,0,0.23991826,0,0,1030.3986,Superterran
Kepler-1482 b,1.01,1.01,678.0,12.25383217,0.0,0.09968,86.499,5381.0,0.84,0.88,-0.04,Kepler-1482 b,0,0.31033882,0,0,860.456,Terran
K2-104 b,1.79,3.86,798.0,1.9741954,0.09,0.0242,62.1,3712.0,0.48,0.51,0.18,K2-104 b,0,0.28629076,0,0,809.65034,Superterran
Kepler-1950 b,1.52696349,2.95,752.0,10.77690029,0.0,0.0871,75.83,5455.0,0.852,0.759,-0.34,Kepler-1950 b,0,0.2950023,0,0,857.36637,Terran
Kepler-1075 b,1.42,2.6,818.0,1.52372816,0.0,0.0208,143.968,3959.0,0.54,0.56,-0.17,Kepler-1075 b,0,0.2900978,0,0,1051.0996,Terran
Kepler-242 c,2.0,4.66,613.0,14.496481,0.0,0.109,20.498,5020.0,0.85,0.748,-0.02,Kepler-242 c,0,0.31667596,0,0,612.2972,Superterran
Kepler-898 b,1.49,2.83,616.0,5.8706191,0.0,0.0545,37.11,4223.0,0.62,0.65,-0.06,Kepler-898 b,0,0.30953986,0,0,744.693,Terran
Kepler-1372 b,1.27,2.15,1655.0,1.311555568,0.0,0.024,2176.358,5677.0,0.97,0.98,0.05,Kepler-1372 b,0,0.28869534,0,0,1869.9065,Terran
Kepler-52 b,2.1,135.0,553.0,7.8773565,0.0,0.0637,22.72,4075.0,0.52,0.54,0.0,Kepler-52 b,0,0.30097127,0,0,642.47437,Superterran
Kepler-613 b,2.29,5.86,713.0,15.77979614,0.0,0.1232,66.269,5723.0,0.96,0.98,-0.01,Kepler-613 b,0,0.26282711,0,0,793.1771,Superterran
Kepler-534 c,1.227,2.02,933.0,7.378689766,0.0,0.0761,178.68,5936.0,0.965,1.075,0.07,Kepler-534 c,0,0.29501339,0,0,1134.9669,Terran
Kepler-1028 b,1.33,2.33,1217.0,2.51462432,0.0,0.0354,519.636,5522.0,0.87,0.9,-0.09,Kepler-1028 b,0,0.28891416,0,0,1327.926,Terran
Kepler-384 b,1.12,1.46,670.0,22.597053,0.0,0.148,101.549,5577.0,0.882,0.882,-0.29,Kepler-384 b,0,0.30407896,0,0,939.27911,Terran
Kepler-46 d,1.64,3.33,845.0,6.766589,0.0,0.067,92.346,5309.0,0.79,0.883,0.17,Kepler-46 d,0,0.28697878,0,0,894.10417,Superterran
Kepler-1967 b,0.73022577,0.315,1086.0,7.281690121,0.0,0.06686,57.1,4970.0,1.806,0.996,0.32,Kepler-1967 b,0,0.31162826,0,0,765.65276,Subterran
Kepler-206 d,1.19,1.81,681.0,23.44281,0.0,0.163,44.17,5764.0,1.185,0.957,0.0213,Kepler-206 d,0,0.32042143,0,0,747.87965,Terran
Kepler-267 c,2.13,5.18,484.0,6.87745,0.0,0.06,17.583,4258.0,0.555,0.541571,-0.18,Kepler-267 c,0,0.32413048,0,0,578.89513,Superterran
Kepler-235 e,2.22,5.56,306.0,46.183669,0.0,0.213,1.33,4255.0,0.554,0.581,-0.51,Kepler-235 e,0,0.67069003,0,0,330.5489,Superterran
Kepler-331 d,1.64,3.33,346.0,32.134328,0.0,0.159,6.065,4347.0,0.492,0.653,0.1179,Kepler-331 d,0,0.45375122,0,0,459.43805,Superterran
K2-111 b,1.837,5.35,1293.0,5.3518963,0.134,0.0565,490.0,5775.0,1.25,0.84,-0.46,K2-111 b,0,0.26587049,0,0,1420.2969,Superterran
Kepler-128 c,1.521,3.38,843.0,22.8,0.037,0.16517,130.979,6072.0,1.659,1.184,-0.03,Kepler-128 c,0,0.29554578,0,0,985.77616,Terran
Kepler-198 d,1.53,2.96,1562.0,1.31184443,0.0,0.02342,1444.516,5636.0,0.93,0.97,0.04,Kepler-198 d,0,0.27847662,0,0,1785.4915,Terran
K2-266 c,0.705,0.29013072,664.5,7.814,0.042,0.0679,32.4,4285.0,0.703,0.686,-0.12,K2-266 c,0,0.32378328,0,0,687.37341,Subterran
Kepler-283 c,1.82,3.97,240.0,92.743711,0.0,0.341,0.949,4351.0,0.566,0.596,-0.17,Kepler-283 c,2,0.79063717,1,1,279.76819,Superterran
Kepler-401 c,2.15,5.27,598.0,47.318218,0.0,0.269,51.996,6117.0,1.333,1.173,0.0,Kepler-401 c,0,0.27279322,0,0,768.33281,Superterran
Kepler-1378 b,2.2,5.48,525.0,11.95398936,0.0,0.0885,14.867,4407.0,0.67,0.7,0.03,Kepler-1378 b,0,0.32223956,0,0,575.04772,Superterran
HD 97658 b,2.12,8.3,751.0,9.4897116,0.05,0.0805,41.924,5212.0,0.728,0.85,-0.23,HD 97658 b,0,0.27277788,0,0,780.2067,Superterran
Kepler-1907 c,1.15547044,1.63,620.0,14.86390018,0.0,0.10371,20.6,5159.0,0.8,0.752,-0.16,Kepler-1907 c,0,0.35671163,0,0,612.02531,Terran
Kepler-1226 b,1.45,2.7,809.0,17.2923453,0.0,0.13945,140.376,5923.0,1.02,1.02,-0.08,Kepler-1226 b,0,0.29224377,0,0,958.8407,Terran
Kepler-1017 b,1.99,4.62,831.0,7.23400469,0.0,0.07196,119.603,5473.0,0.87,0.93,0.04,Kepler-1017 b,0,0.26465156,0,0,989.70774,Superterran
Kepler-1809 b,1.513,2.9,877.0,3.7572999,0.0,0.04444,158.2,4901.0,0.716,0.807,0.04,Kepler-1809 b,0,0.28602107,0,0,1051.7945,Terran
Kepler-845 b,2.04,4.82,1361.0,0.927859821,0.0,0.01668,772.498,4913.0,0.75,0.79,0.01,Kepler-845 b,0,0.25421472,0,0,1557.5825,Superterran
Kepler-853 b,1.69,3.5,1187.0,7.16892463,0.0,0.079,499.301,6350.0,1.55,1.3,0.07,Kepler-853 b,0,0.27256552,0,0,1382.4734,Superterran
Kepler-624 b,2.31,5.95,852.0,14.58649607,0.0,0.11638,130.757,6117.0,1.18,1.1,-0.06,Kepler-624 b,0,0.24869723,0,0,993.6003,Superterran
Kepler-310 d,2.47,7.0,353.0,92.876125,0.0,0.392,3.664,5797.0,0.876,0.854,-0.12,Kepler-310 d,0,0.49255796,0,0,400.43542,Superterran
Kepler-1686 b,1.42553017,2.62,913.0,9.30987,0.0,0.08827,167.2,5714.96,1.19951,1.02,0.0775,Kepler-1686 b,0,0.28958257,0,0,1060.2702,Terran
Kepler-1155 b,2.03,4.78,609.0,33.469743,0.0,0.2006,32.52,5842.0,1.03,1.03,0.04,Kepler-1155 b,0,0.29964379,0,0,659.94852,Superterran
Kepler-507 b,1.3,5.69692195,1407.0,3.568096926,0.0,0.04781,877.327,6113.0,1.32,1.16,0.06,Kepler-507 b,0,0.28841402,0,0,1587.5917,Terran
Kepler-1164 b,1.12,1.46,936.0,3.97599768,0.0,0.04635,181.205,5183.0,0.79,0.85,-0.03,Kepler-1164 b,0,0.2991129,0,0,1069.5902,Terran
Kepler-651 b,2.37,6.21,574.0,21.38521506,0.0,0.14078,27.223,5522.0,0.87,0.92,-0.04,Kepler-651 b,0,0.28143689,0,0,662.55208,Superterran
KOI-351 c,1.19,1.81,987.0,8.719375,0.0,0.089,236.315,6080.0,1.2,1.2,-0.12,KOI-351 c,0,0.29621847,0,0,1125.85,Terran
Kepler-865 c,0.89,0.64,914.0,6.20920207,0.0,0.061,164.98,5440.0,0.885,0.782,-0.24,Kepler-865 c,0,0.30205358,0,0,981.20692,Terran
Kepler-1040 b,2.08,4.98,300.0,201.1214,0.0,0.67249,2.121,5694.0,0.96,0.98,0.01,Kepler-1040 b,0,0.64719639,0,0,346.34323,Superterran
Kepler-211 c,1.29,18.3,841.0,6.04045,0.0,0.062,95.436,5123.0,0.816,0.867,0.151,Kepler-211 c,0,0.30106478,0,0,910.91882,Terran
K2-21 b,1.84,4.04,500.0,9.325038,0.1,0.076,10.0,4222.06,0.646783,0.676023,-0.11,K2-21 b,0,0.34019629,0,0,577.7588,Superterran
Kepler-156 b,2.3,5.9,867.0,4.973456,0.0,0.054,135.077,5094.0,0.807,0.864,0.2535,Kepler-156 b,0,0.2504759,0,0,961.01162,Superterran
Kepler-1544 b,1.78,3.82,269.0,168.811174,0.0,0.54465,0.833,4886.0,0.74,0.81,0.02,Kepler-1544 b,2,0.79266351,1,1,275.66766,Superterran
Kepler-1254 c,1.3,2.24,927.0,3.60084276,0.0,0.0422,132.391,4985.0,0.75,0.78,-0.1,Kepler-1254 c,0,0.29616223,0,0,1007.5562,Terran
Kepler-1853 b,1.51862272,2.92,386.0,48.88819885,0.0,0.2395,5.23,4821.0,0.788,0.765,0.16,Kepler-1853 b,0,0.51517769,0,0,425.37578,Terran
Kepler-1231 b,1.42,2.6,870.0,10.41725184,0.0,0.0914,117.515,5778.0,1.0,1.01,0.06,Kepler-1231 b,0,0.29327341,0,0,964.27837,Terran
Kepler-306 b,1.52,2.92,830.0,4.646186,0.0,0.05,127.255,4954.0,0.719,0.75,-0.13,Kepler-306 b,0,0.2881136,0,0,982.17872,Terran
Kepler-1802 c,2.322,6.0,357.0,33.13610077,0.0,0.1748,3.86,4245.0,0.637,0.649,0.0,Kepler-1802 c,0,0.49620377,0,0,404.02181,Superterran
Kepler-446 b,1.5,2.86,648.0,1.565409,0.0,0.0182,16.213,3359.0,0.24,0.22,-0.3,Kepler-446 b,0,0.35551275,0,0,584.64175,Terran
Kepler-98 b,1.99,3.55,1592.0,1.54168,0.0,0.02614,1107.389,5539.0,1.11,0.99,0.18,Kepler-98 b,0,0.25638454,0,0,1648.6902,Superterran
Kepler-1600 c,1.94206512,4.43,786.0,7.298049927,0.0,0.06961,84.7,5119.0,0.834,0.818,0.1,Kepler-1600 c,0,0.27132995,0,0,901.70797,Superterran
Kepler-878 b,1.93,4.38,501.0,25.9422033,0.0,0.165,27.009,5044.0,0.77,0.81,-0.03,Kepler-878 b,0,0.31056869,0,0,640.74253,Superterran
Kepler-308 c,2.16,5.31,714.0,15.38231,0.0,0.123,58.679,5895.0,0.941,0.92,-0.04,Kepler-308 c,0,0.27242061,0,0,767.31372,Superterran
HD 235088 b,1.982,4.15,805.0,7.4341325,0.0,0.0706,70.0,5075.0,0.772,0.849,-0.02,HD 235088 b,0,0.2713412,0,0,830.82446,Superterran
Kepler-1477 b,1.18,1.76,674.0,11.55530021,0.0,0.0911,78.163,5100.0,0.78,0.81,-0.06,Kepler-1477 b,0,0.30861761,0,0,851.46408,Terran
Kepler-1504 b,2.13,5.18,485.0,82.304003,0.0,0.3704,25.17,5393.0,0.81,0.85,-0.17,Kepler-1504 b,0,0.30724283,0,0,618.85661,Superterran
Kepler-795 b,1.68,3.46,580.0,29.6193421,0.0,0.1803,28.9,5631.0,0.96,0.94,-0.02,Kepler-795 b,0,0.31639662,0,0,666.42005,Superterran
Kepler-814 b,2.12,5.14,1164.0,6.1469851,0.0,0.0695,935.124,6162.0,1.22,1.15,0.01,Kepler-814 b,0,0.25008973,0,0,1603.9215,Superterran
Kepler-1609 b,2.22,5.56,429.0,114.34219,0.0,0.4679,12.975,6132.0,1.27,1.18,0.1,Kepler-1609 b,0,0.33162465,0,0,555.71101,Superterran
Kepler-402 e,1.46,2.73,931.0,11.242861,0.0,0.102,157.481,6090.0,1.264,1.072,-0.08,Kepler-402 e,0,0.28963901,0,0,1012.4543,Terran
Kepler-337 b,1.54,2.99,1458.0,3.292781,0.0,0.045,1589.012,5684.0,1.761,1.081,0.07,Kepler-337 b,0,0.27801467,0,0,1788.8308,Terran
Kepler-707 b,1.33,2.33,1160.0,2.237492751,0.0,0.0325,336.673,5099.0,0.76,0.8,-0.12,Kepler-707 b,0,0.29050826,0,0,1196.0073,Terran
TOI-1470 c,2.47,7.24,373.0,18.08816,0.5,0.106,3.35,3709.0,0.469,0.471,0.0,TOI-1470 c,0,0.48716066,0,0,382.58458,Superterran
HD 63433 b,2.14,21.755,967.11,7.1079475,0.24,0.072,145.5707,5553.0,0.934,0.956,-0.07,HD 63433 b,0,0.25783122,0,0,998.24789,Superterran
Kepler-283 b,2.13,5.18,488.0,11.008151,0.0,0.082,16.26,4351.0,0.566,0.596,-0.17,Kepler-283 b,0,0.32837407,0,0,570.51701,Superterran
Kepler-783 b,0.78,0.399,991.0,4.29264638,0.0,0.04958,229.104,5521.0,0.89,0.93,0.01,Kepler-783 b,0,0.29324849,0,0,1136.671,Subterran
Kepler-1324 b,1.51,2.89,895.0,4.115844679,0.0,0.0466,98.414,4776.0,0.73,0.78,0.05,Kepler-1324 b,0,0.29246945,0,0,904.65411,Terran
Kepler-1962 b,1.21463929,1.95,901.0,7.991459846,0.0,0.0783,155.95,5700.0,1.006,1.003,0.16,Kepler-1962 b,0,0.30090589,0,0,958.39522,Terran
Kepler-364 c,2.15,5.27,568.0,59.980627,0.0,0.312,22.234,6108.0,1.284,1.076,-0.031,Kepler-364 c,0,0.30218733,0,0,630.3739,Superterran
Kepler-157 b,1.32,2.3,1546.0,1.732342,0.0,0.028,1572.309,5774.0,1.044,0.95,-0.0593,Kepler-157 b,0,0.28708872,0,0,1811.7426,Terran
YZ Cet c,1.05,1.14,410.3,3.05989,0.0,0.02156,4.72,3151.0,0.157,0.142,-0.18,YZ Cet c,0,0.53992253,0,0,423.98564,Terran
Kepler-1951 b,2.32107188,6.0,728.0,20.65780067,0.0,0.1435,66.27,5468.0,1.306,0.923,0.14,Kepler-1951 b,0,0.24748113,0,0,1013.3269,Superterran
Kepler-166 c,2.38,6.26,468.0,34.260281,0.0,0.195,10.507,5413.0,0.742,0.811,-0.08,Kepler-166 c,0,0.34527362,0,0,521.98523,Superterran
Kepler-341 b,1.18,1.76,1085.0,5.195528,0.0,0.06,422.097,6012.0,1.024,0.976,0.07,Kepler-341 b,0,0.29426413,0,0,1263.5717,Terran
Kepler-1049 b,0.95,0.809,625.0,3.273460736,0.0,0.0349,50.427,3864.0,0.49,0.51,-0.33,Kepler-1049 b,0,0.31603719,0,0,798.9375,Terran
Kepler-272 d,2.25,5.69,777.0,10.937304,0.0,0.091,141.135,5297.0,0.929,0.91,0.04,Kepler-272 d,0,0.25171011,0,0,990.61483,Superterran
Kepler-1566 b,0.79,0.418,1871.0,0.539915238,0.0,0.01198,2340.984,5254.0,0.81,0.84,-0.07,Kepler-1566 b,0,0.28860595,0,0,2033.681,Subterran
Kepler-244 d,2.31,15.2,622.0,20.050401,0.0,0.14,31.267,5554.0,0.803,0.933,0.07,Kepler-244 d,0,0.28419181,0,0,663.53144,Superterran
Kepler-1358 b,1.12,1.46,827.0,7.06317341,0.0,0.0656,98.834,5181.0,0.79,0.82,-0.08,Kepler-1358 b,0,0.30731392,0,0,885.57144,Terran
Kepler-1060 b,2.38,6.26,484.0,46.8779367,0.0,0.2495,17.416,5797.0,0.99,0.99,-0.03,Kepler-1060 b,0,0.30130721,0,0,600.33028,Superterran
Kepler-1669 c,1.90120972,4.27,958.0,1.609320045,0.0,0.0228,199.28,4224.0,0.603,0.609,-0.2,Kepler-1669 c,0,0.26401851,0,0,1200.0742,Superterran
Kepler-710 b,1.88,4.19,1174.0,4.347285527,0.0,0.0524,710.872,5611.0,0.91,0.94,-0.04,Kepler-710 b,0,0.26263463,0,0,1463.8948,Superterran
Kepler-439 b,2.24,5.65,291.0,178.1396,0.03,0.563,1.83,5431.0,0.866,0.884,0.02,Kepler-439 b,0,0.65872447,0,0,334.6932,Superterran
Kepler-110 c,2.21,5.52,743.0,31.719775,0.0,0.198,45.336,5960.0,1.149,0.989,-0.1498,Kepler-110 c,0,0.27117415,0,0,757.86688,Superterran
Kepler-1201 b,2.29,5.86,789.0,15.18725932,0.0,0.1183,89.431,6177.0,1.24,1.15,0.03,Kepler-1201 b,0,0.25689505,0,0,857.89305,Superterran
Kepler-119 c,0.92,0.721,1016.0,4.125103,0.0,0.049,367.322,5595.0,0.839,0.918,0.01,Kepler-119 c,0,0.29596432,0,0,1272.2647,Terran
Kepler-399 d,1.89,4.23,486.0,58.034616,0.0,0.261,5.57,5502.0,0.68,0.902,0.14,Kepler-399 d,0,0.46099942,0,0,442.69566,Superterran
Kepler-1074 b,1.25,2.1,568.0,5.94566534,0.0,0.0536,27.569,4002.0,0.57,0.6,-0.06,Kepler-1074 b,0,0.33992135,0,0,651.76814,Terran
Kepler-1899 b,1.55098292,3.02,851.0,4.095779896,0.0,0.0457,124.3,4791.0,0.742,0.759,0.07,Kepler-1899 b,0,0.29001487,0,0,914.04467,Terran
Kepler-1315 c,1.84398883,4.06,777.0,6.566060066,0.0,0.0635,57.6,4818.0,0.856,0.809,0.56,Kepler-1315 c,0,0.28555683,0,0,792.20127,Superterran
TRAPPIST-1 g,1.129,1.321,197.3,12.352446,0.00208,0.04683,0.252,2566.0,0.1192,0.0898,0.052,TRAPPIST-1 g,1,0.57566382,1,1,203.89817,Terran
Kepler-1208 b,2.32,5.99,665.0,11.08507637,0.0,0.0901,37.664,5001.0,0.76,0.8,-0.03,Kepler-1208 b,0,0.27594474,0,0,697.12896,Superterran
Kepler-1282 b,1.55,3.02,1418.0,2.131946513,0.0,0.0335,672.532,5504.0,0.89,0.92,0.01,Kepler-1282 b,0,0.27899293,0,0,1414.6634,Terran
Kepler-202 b,1.63,3.29,802.0,4.069427,0.0,0.045,108.504,4668.0,0.667,0.683,-0.21,Kepler-202 b,0,0.28487864,0,0,939.33232,Superterran
Kepler-1874 b,2.21110724,5.52,356.0,56.57320023,0.0,0.2633,3.79,4701.0,0.775,0.758,0.24,Kepler-1874 b,0,0.50777843,0,0,402.20743,Superterran
Kepler-54 b,2.1,0.98,453.0,8.0109434,0.022,0.0619,12.357,3705.0,0.5,0.51,-0.27,Kepler-54 b,0,0.34369199,0,0,546.80213,Superterran
Kepler-763 c,1.42,2.6,938.0,4.09667624,0.0,0.0466,182.9,4999.0,0.843,0.8,0.18,Kepler-763 c,0,0.28882049,0,0,1099.5945,Terran
Kepler-1903 b,2.28642395,5.85,769.0,17.0678997,0.0,0.1321,82.56,6347.0,0.996,1.053,-0.34,Kepler-1903 b,0,0.25228585,0,0,936.4274,Superterran
Kepler-415 b,1.21,119.9,694.0,4.176,0.0,0.0426,69.834,4362.0,0.643,0.67,0.01,Kepler-415 b,0,0.30582696,0,0,876.9417,Terran
Kepler-804 b,1.94,4.42,779.0,14.37457351,0.0,0.11287,83.427,5817.0,1.05,1.01,0.0,Kepler-804 b,0,0.27295717,0,0,878.10265,Superterran
Kepler-327 c,1.03,20.3,537.0,5.212333,0.0,0.047,28.272,3799.0,0.492,0.591913,-0.2,Kepler-327 c,0,0.34746016,0,0,642.50512,Terran
Kepler-605 b,1.44,2.67,1133.0,3.383538066,0.0,0.04244,316.718,5462.0,0.88,0.91,0.02,Kepler-605 b,0,0.2858201,0,0,1217.0289,Terran
Kepler-405 b,2.08,4.98,785.0,10.613839,0.0,0.095,55.623,5818.0,0.893,0.873,-0.06,Kepler-405 b,0,0.27594747,0,0,771.46054,Superterran
Kepler-901 b,1.37,2.45,704.0,3.517494394,0.0,0.0378,68.723,4184.0,0.57,0.59,-0.3,Kepler-901 b,0,0.30330314,0,0,839.80725,Terran
Kepler-1150 b,1.02,1.04,1432.0,2.787868386,0.0,0.0382,153.741,4754.0,0.72,0.76,0.01,Kepler-1150 b,0,0.3023579,0,0,1003.2146,Terran
Kepler-295 b,1.22,1.98,741.0,12.645164,0.0,0.099,287.5,5603.0,0.898,0.89,-0.03,Kepler-295 b,0,0.29266296,0,0,1313.2818,Terran
Kepler-361 b,1.45,2.7,1060.0,8.486616,0.0,0.086,411.905,6169.0,1.343,1.191,0.04,Kepler-361 b,0,0.2846305,0,0,1277.6924,Terran
Kepler-331 b,1.82,3.97,540.0,8.457496,0.0,0.065,35.984,4347.0,0.492,0.653,0.1179,Kepler-331 b,0,0.29755328,0,0,718.5696,Superterran
Kepler-1229 b,1.4,2.54,212.0,86.828989,0.0,0.3006,0.524,3784.0,0.51,0.54,-0.06,Kepler-1229 b,1,0.62049439,1,1,217.1106,Terran
Kepler-784 b,1.58,3.12,688.0,31.5922646,0.0,0.22111,194.385,5674.0,1.32,1.0,0.07,Kepler-784 b,0,0.28262426,0,0,1062.364,Terran
Kepler-320 b,1.14,1.55,1292.0,8.371554,0.0,0.085,280.559,6435.0,1.108,1.072,-0.1228,Kepler-320 b,0,0.295678,0,0,1223.8158,Terran
Kepler-1542 b,0.76,0.363,1160.0,3.95116882,0.0,0.04765,518.437,5564.0,0.99,0.94,0.06,Kepler-1542 b,0,0.28908018,0,0,1368.5408,Subterran
Kepler-1894 b,1.20117759,1.87,1231.0,2.762660027,0.0,0.0385,544.05,5772.0,0.901,0.999,0.0,Kepler-1894 b,0,0.29382719,0,0,1255.1486,Terran
TOI-1749 b,1.39,57.0,831.0,2.38839,0.14,0.0291,83.8379,3985.0,0.55,0.58,-0.26,TOI-1749 b,0,0.30009752,0,0,865.85311,Terran
Kepler-824 b,1.87,4.16,1231.0,4.51436633,0.0,0.055,454.604,6035.0,1.22,1.15,0.14,Kepler-824 b,0,0.26420237,0,0,1315.9645,Superterran
Kepler-1445 b,0.96,0.84,987.0,10.60052251,0.0,0.09587,248.548,6150.0,1.26,1.13,-0.03,Kepler-1445 b,0,0.29853042,0,0,1136.3742,Terran
Kepler-151 c,2.09,5.02,544.0,24.674612,0.0,0.16,21.407,5460.0,0.83,0.87,0.1245,Kepler-151 c,0,0.31955641,0,0,593.42458,Superterran
Kepler-81 c,2.37,4.3,502.0,12.04,0.0,0.08347,15.62,4385.0,0.59,0.64,-0.18,Kepler-81 c,0,0.30323435,0,0,596.91201,Superterran
Kepler-897 b,2.39,6.3,855.0,8.0472642,0.0,0.077,354.221,5839.0,1.04,1.03,0.04,Kepler-897 b,0,0.23974369,0,0,1223.7146,Superterran
Kepler-306 c,2.35,6.12,716.0,7.240193,0.0,0.067,70.449,4954.0,0.719,0.75,-0.13,Kepler-306 c,0,0.25471573,0,0,848.47318,Superterran
Kepler-1192 b,2.36,6.17,600.0,25.2034787,0.0,0.1693,34.742,5438.0,0.83,0.86,-0.16,Kepler-1192 b,0,0.28547793,0,0,649.52675,Superterran
Kepler-287 b,2.33,83.0,667.0,20.342199,0.0,0.145,35.75,5806.0,1.032,0.963,0.117,Kepler-287 b,0,0.27498065,0,0,699.42559,Superterran
Kepler-1366 b,1.43,2.63,783.0,2.164570968,0.0,0.0273,134.981,4070.0,0.6,0.62,-0.02,Kepler-1366 b,0,0.29211366,0,0,981.39581,Terran
LP 791-18 c,2.488,7.16,324.4,4.98991,0.0001,0.02961,2.637,2960.0,0.182,0.139,-0.09,LP 791-18 c,0,0.56647203,0,0,366.18986,Superterran
Kepler-1890 b,0.86867375,0.587,1328.0,4.820590019,0.0,0.05712,493.0,6046.0,1.396,1.024,-0.16,Kepler-1890 b,0,0.29357235,0,0,1413.9086,Terran
Kepler-1398 c,1.03,1.08,1324.0,4.13827595,0.0,0.05087,738.183,6126.0,1.18,1.13,0.01,Kepler-1398 c,0,0.29460686,0,0,1524.5456,Terran
Kepler-1575 b,1.31,2.27,1312.0,2.55314213,0.0,0.0366,803.679,5667.0,0.92,0.95,-0.07,Kepler-1575 b,0,0.28859589,0,0,1472.0921,Terran
Kepler-1542 e,0.76,0.363,1065.0,5.10115756,0.0,0.05649,369.999,5564.0,0.99,0.94,0.06,Kepler-1542 e,0,0.29017277,0,0,1257.8649,Subterran
Kepler-238 b,1.73,3305.02,1642.0,2.090876,0.0,0.034,2500.588,5751.0,1.43,1.229,0.34,Kepler-238 b,0,0.26863626,0,0,1998.4168,Superterran
Kepler-353 b,0.89,0.64,534.0,5.795278,0.0,0.051,27.189,3903.0,0.504,0.553,-0.12,Kepler-353 b,0,0.34599959,0,0,643.26576,Terran
Kepler-1263 b,1.14,1.55,907.0,4.55139967,0.0,0.0499,144.813,5213.0,0.8,0.84,-0.03,Kepler-1263 b,0,0.30043861,0,0,1014.7878,Terran
Kepler-1587 b,1.33,2.33,981.0,9.4060467,0.0,0.08747,254.701,5933.0,1.22,1.08,0.07,Kepler-1587 b,0,0.29091312,0,0,1171.3273,Terran
Kepler-1047 c,0.99,0.937,1309.0,3.18897601,0.0,0.04413,1323.065,5754.0,1.13,1.08,0.29,Kepler-1047 c,0,0.29388703,0,0,1762.7091,Terran
Kepler-1067 b,0.8,0.437,1872.0,0.762129261,0.0,0.0164,2761.757,5592.0,0.93,0.95,0.03,Kepler-1067 b,0,0.28905904,0,0,2076.9116,Subterran
Kepler-1629 b,0.77,0.381,1081.0,3.87595807,0.0,0.0485,315.457,5776.0,1.01,1.01,0.05,Kepler-1629 b,0,0.29142499,0,0,1209.3574,Subterran
Kepler-1109 b,2.19,5.43,787.0,37.6467384,0.0,0.2466,11.382,5893.0,1.06,1.05,0.04,Kepler-1109 b,0,0.33396012,0,0,554.53503,Superterran
Kepler-1832 b,1.22719556,2.02,1022.0,3.138789892,0.0,0.037,257.32,5242.0,0.722,0.684,-0.54,Kepler-1832 b,0,0.29340159,0,0,1231.8977,Terran
Kepler-768 b,1.79,3.86,618.0,11.3910025,0.0,0.092,40.589,5108.0,0.78,0.82,-0.03,Kepler-768 b,0,0.29789583,0,0,725.32326,Superterran
Kepler-262 b,1.36,2.42,734.0,13.060855,0.0,0.108,50.169,5841.0,0.881,0.816,-0.3382,Kepler-262 b,0,0.30685832,0,0,807.63223,Terran
Kepler-1949 b,2.21964541,5.56,1709.0,2.208280087,0.0,0.0352,2016.25,6028.0,1.454,1.194,0.14,Kepler-1949 b,0,0.24415866,0,0,2311.5548,Superterran
Kepler-1375 b,1.74,3.68,1543.0,3.3004192,0.0,0.0471,2948.362,6704.0,1.78,1.47,0.09,Kepler-1375 b,0,0.26801524,0,0,2127.7229,Superterran
Kepler-1279 b,1.75,3.71,738.0,23.4774101,0.0,0.1785,190.851,6221.0,1.33,1.21,0.06,Kepler-1279 b,0,0.27440254,0,0,1060.9195,Superterran
Kepler-948 b,1.85,4.08,841.0,7.76846622,0.0,0.0749,126.203,5679.0,0.94,0.96,-0.02,Kepler-948 b,0,0.27181047,0,0,987.26698,Superterran
HD 110113 b,2.05,4.55,1371.0,2.541,0.093,0.035,735.49,5732.0,0.968,0.997,0.14,HD 110113 b,0,0.25391742,0,0,1508.8852,Superterran
Kepler-135 c,1.16,1.65,975.0,11.448708,0.0,0.103,209.967,6090.0,1.275,1.047,-0.105,Kepler-135 c,0,0.29626911,0,0,1160.1307,Terran
Kepler-1008 b,1.28,2.18,627.0,12.43931193,0.0,0.09755,35.408,5066.0,0.78,0.81,-0.01,Kepler-1008 b,0,0.32720794,0,0,696.76329,Terran
Kepler-750 c,1.62,3.26,1537.0,4.08899022,0.0,0.05009,778.592,6160.0,1.23,1.15,0.03,Kepler-750 c,0,0.27513252,0,0,1519.0145,Superterran
Kepler-1687 b,1.65623882,3.38,598.0,5.77954,0.0,0.0532,30.22,4132.0,0.726119,0.65,-0.14,Kepler-1687 b,0,0.29913405,0,0,760.71102,Superterran
Kepler-441 b,1.64,3.33,189.0,207.2482,0.1,0.64,0.21,4340.0,0.55,0.572,-0.57,Kepler-441 b,0,0.51489081,0,0,196.25168,Superterran
K2-122 b,1.16,1.65,769.0,2.2193023,0.21,0.0373,79.9,4009.0,0.59,0.63,0.32,K2-122 b,0,0.31480665,0,0,787.69806,Terran
Kepler-1248 b,1.18,1.76,1035.0,7.46725407,0.0,0.0806,271.25,6149.0,1.21,1.21,0.24,Kepler-1248 b,0,0.29531984,0,0,1187.8401,Terran
Kepler-1319 b,1.34,2.36,557.0,2.886762645,0.33,0.0296,38.452,3655.0,0.54,0.56,0.44,Kepler-1319 b,0,0.3178378,0,0,717.76755,Terran
Kepler-1290 b,1.42,2.6,1098.0,4.69500134,0.0,0.0557,443.221,5660.0,0.93,0.95,-0.02,Kepler-1290 b,0,0.28600079,0,0,1268.3757,Terran
Kepler-115 b,1.09,1.32,1489.0,2.403679,0.0,0.036,1215.757,5979.0,1.205,1.042,-0.0499,Kepler-115 b,0,0.29334042,0,0,1720.9738,Terran
Kepler-197 c,1.23,5.3,930.0,10.349695,0.08,0.09,189.965,6004.0,1.12,0.857,-0.441,Kepler-197 c,0,0.29592155,0,0,1089.2567,Terran
HR 858 c,1.979,3.8,1309.0,5.973865,0.0,0.0687,512.0,6354.0,1.258,1.204,0.025,HR 858 c,0,0.2602318,0,0,1368.8509,Superterran
Kepler-1007 b,1.44,2.67,652.0,5.185002073,0.0,0.048,42.62,4587.0,0.7,0.73,0.03,Kepler-1007 b,0,0.29324395,0,0,946.90171,Terran
Kepler-1616 b,1.02,1.04,1337.0,6.76284377,0.0,0.07318,724.861,6266.0,1.34,1.21,0.02,Kepler-1616 b,0,0.29474085,0,0,1505.6818,Terran
HD 28109 b,2.69,6.2,867.0,22.891054,0.0071,0.1357,33.4501,6189.0,1.425,1.227,0.1,HD 28109 b,0,0.25285688,0,0,1008.269,Superterran
HD 15337 c,2.526,6.792,656.1,17.180546,0.096,0.1235,45.0685,5131.0,0.855,0.829,0.03,HD 15337 c,0,0.278591,0,0,669.57309,Superterran
Kepler-926 b,2.31,5.95,524.0,52.0688601,0.0,0.2739,17.883,5806.0,1.01,1.01,0.03,Kepler-926 b,0,0.30214257,0,0,607.26675,Superterran
Kepler-755 b,1.76,3.75,1331.0,1.269090374,0.0,0.02156,889.888,5043.0,0.77,0.82,-0.01,Kepler-755 b,0,0.26836095,0,0,1511.7105,Superterran
Kepler-378 b,0.75,0.347,503.0,16.092361,0.0,0.112,17.819,4661.0,0.671,0.78,0.1369,Kepler-378 b,0,0.36072087,0,0,589.61227,Subterran
TOI-712 d,2.474,6.68,313.6,84.8396,0.073,0.3405,1.6,4622.0,0.674,0.732,-0.02,TOI-712 d,0,0.65669073,0,0,324.13215,Superterran
Kepler-1216 b,1.39,2.51,1191.0,4.37034536,0.0,0.0519,415.553,5743.0,0.98,0.99,0.03,Kepler-1216 b,0,0.28671129,0,0,1317.0184,Terran
Kepler-122 d,2.2,5.48,747.0,21.587475,0.0,0.155,77.14,6050.0,1.216,0.982,-0.08,Kepler-122 d,0,0.26164961,0,0,853.61035,Superterran
Kepler-523 b,1.96,4.5,884.0,5.835983111,0.0,0.06159,149.135,5515.0,0.86,0.93,-0.03,Kepler-523 b,0,0.26597557,0,0,994.69334,Superterran
Kepler-1368 b,1.65,3.36,2085.0,0.675649486,0.0,0.0153,4849.257,5906.0,1.08,1.07,0.1,Kepler-1368 b,0,0.27221863,0,0,2395.1339,Superterran
Kepler-1010 b,2.32,5.99,477.0,34.2685705,0.0,0.193,10.17,5253.0,0.82,0.86,-0.01,Kepler-1010 b,0,0.35274053,0,0,516.59104,Superterran
Kepler-1048 b,1.61,3.22,619.0,6.92101021,0.0,0.059,96.976,4651.0,0.7,0.75,0.01,Kepler-1048 b,0,0.28601661,0,0,935.94325,Superterran
Kepler-1872 b,2.38421141,6.28,1005.0,3.825910091,0.0,0.0465,241.25,5223.0,0.885,0.913,0.32,Kepler-1872 b,0,0.24504406,0,0,997.00892,Superterran
Kepler-656 c,1.41,2.57,975.0,5.25449393,0.0,0.0602,213.25,5550.0,0.954,1.05,0.46,Kepler-656 c,0,0.29271749,0,0,987.13665,Terran
Kepler-394 b,1.6,3.19,1035.0,8.005013,0.0,0.083,164.78,6402.0,1.132,0.87,-0.3,Kepler-394 b,0,0.28265807,0,0,1029.524,Terran
Kepler-161 b,2.12,2.63,868.0,4.921355,0.0,0.054,123.4,5078.0,0.806,0.853,0.24,Kepler-161 b,0,0.25947934,0,0,957.147,Superterran
Kepler-1145 b,1.4,2.54,958.0,3.97076766,0.0,0.0443,198.43,5064.0,0.75,0.79,-0.13,Kepler-1145 b,0,0.29170256,0,0,1026.1803,Terran
Kepler-1266 c,1.68023962,3.46,881.0,4.86631012,0.0,0.0506,110.4,4996.0,0.831,0.791,0.14,Kepler-1266 c,0,0.28292516,0,0,929.87345,Superterran
Kepler-1632 b,2.47,6.66,369.0,448.303558,0.0,0.6762,6.062,6137.0,1.19,1.12,0.0,Kepler-1632 b,0,0.42410999,0,0,441.96506,Superterran
Kepler-126 b,1.52,4.11726105,1009.0,10.495711,0.07,0.099,298.088,6239.0,1.358,1.108,-0.16,Kepler-126 b,0,0.28276133,0,0,1185.6998,Terran
Kepler-579 b,2.0,4.66,730.0,9.66857723,0.0,0.0854,60.609,5636.0,0.96,0.99,0.13,Kepler-579 b,0,0.27434381,0,0,823.0886,Superterran
Kepler-1948 b,1.03283226,1.09,399.0,15.57129955,0.0,0.1022,5.98,3872.0,0.557,0.585,0.12,Kepler-1948 b,0,0.3926923,0,0,547.89845,Terran
Kepler-401 b,1.71,3.57,889.0,14.383035,0.0,0.122,254.25,6117.0,1.333,1.173,0.0,Kepler-401 b,0,0.2745355,0,0,1140.8948,Superterran
Kepler-256 e,2.35,6.12,897.0,10.681572,0.0,0.096,98.9,5551.0,1.301,1.037,0.26,Kepler-256 e,0,0.25131902,0,0,897.51126,Superterran
Kepler-1473 b,1.19,1.81,783.0,14.4273551,0.0,0.11606,111.011,6046.0,1.09,1.09,-0.01,Kepler-1473 b,0,0.30226112,0,0,944.48818,Terran
Kepler-1020 b,2.28,5.82,325.0,96.9151496,0.0,0.37594,2.339,5227.0,0.8,0.87,0.0,Kepler-1020 b,0,0.59562454,0,0,359.43604,Superterran
Kepler-65 d,1.52,4.14,1117.0,8.13123,0.014,0.084,394.549,6211.0,1.41,1.25,0.17,Kepler-65 d,0,0.28132161,0,0,1298.7649,Terran
Kepler-1397 b,1.72,3.61,551.0,47.449955,0.0,0.25861,58.103,6026.0,1.12,1.09,0.0,Kepler-1397 b,0,0.29184427,0,0,792.54125,Superterran
Kepler-55 e,1.55,3.02,728.0,4.617534,0.0,0.048,73.157,4503.0,0.619,0.631,-0.01,Kepler-55 e,0,0.29483402,0,0,846.35956,Terran
Kepler-1407 b,2.25,5.69,826.0,20.0711504,0.0,0.1502,78.667,6010.0,1.15,1.1,0.05,Kepler-1407 b,0,0.25813525,0,0,867.64198,Superterran
YZ Cet b,0.913,0.7,471.2,2.02087,0.06,0.01634,8.21,3151.0,0.157,0.142,-0.18,YZ Cet b,0,0.44521766,0,0,486.91335,Terran
TOI-1807 b,1.49681583,2.44,1694.1,0.54937097,0.0,0.0122,1407.22,4914.0,0.746,0.8048,0.044,TOI-1807 b,0,0.28872659,0,0,2169.6891,Terran
Kepler-822 b,1.77,3.78,1239.0,3.222969273,0.0,0.04078,535.188,5928.0,1.08,1.06,0.04,Kepler-822 b,0,0.2684171,0,0,1413.2758,Superterran
Kepler-1531 b,1.11,1.41,2537.0,1.138543376,0.0,0.02204,4457.2,6260.0,1.27,1.16,-0.03,Kepler-1531 b,0,0.29227235,0,0,2310.5437,Terran
Kepler-1423 b,1.06,1.2,741.0,23.955378,0.0,0.1586,71.16,4939.0,0.75,0.79,-0.02,Kepler-1423 b,0,0.40127546,0,0,535.51782,Terran
Kepler-285 c,1.12,1.46,851.0,6.186676,0.0,0.064,137.068,5411.0,0.808,0.915,0.17,Kepler-285 c,0,0.30267075,0,0,968.46858,Terran
Kepler-394 c,1.66,3.39,901.0,12.130686,0.0,0.11,94.528,6402.0,1.132,0.87,-0.3,Kepler-394 c,0,0.2859877,0,0,894.29166,Superterran
Kepler-1343 b,1.93,4.38,1294.0,3.35183158,0.0,0.0449,1021.904,5759.0,0.93,0.95,-0.16,Kepler-1343 b,0,0.25986053,0,0,1518.981,Superterran
Kepler-1568 b,1.3,2.24,729.0,20.925392,0.0,0.15157,72.568,5956.0,1.19,1.09,0.09,Kepler-1568 b,0,0.30408297,0,0,862.03461,Terran
Kepler-386 c,1.58,3.12,513.0,25.193458,0.0,0.155,16.657,5178.0,0.767,0.825,0.07,Kepler-386 c,0,0.35387198,0,0,579.77525,Terran
Kepler-761 b,2.03,4.78,767.0,10.12804789,0.0,0.0874,95.447,5706.0,0.93,0.95,-0.09,Kepler-761 b,0,0.26639888,0,0,909.74527,Superterran
Kepler-1782 b,2.22927435,5.6,773.0,5.756229877,0.0,0.05825,86.0,4931.0,0.734,0.794,0.0,Kepler-1782 b,0,0.25929405,0,0,865.8926,Superterran
Kepler-291 b,2.16,5.31,1212.0,3.546511,0.0,0.047,627.374,6002.0,1.016,1.023,0.23,Kepler-291 b,0,0.24924081,0,0,1382.3773,Superterran
Kepler-1162 b,2.21,5.52,490.0,32.5637069,0.0,0.19,12.245,5390.0,0.84,0.89,-0.03,Kepler-1162 b,0,0.33660185,0,0,548.33848,Superterran
Kepler-1555 b,1.61,3.22,959.0,8.10501635,0.0,0.0805,483.262,5866.0,1.06,1.04,0.03,Kepler-1555 b,0,0.27747142,0,0,1268.4623,Superterran
Kepler-403 b,1.25,2.1,1194.0,7.031462,0.0,0.076,689.457,6090.0,1.329,1.299,0.079,Kepler-403 b,0,0.29038212,0,0,1511.8849,Terran
Kepler-214 c,2.13,5.18,619.0,28.7798,0.0,0.194,87.244,6169.0,1.352,1.11,-0.02,Kepler-214 c,0,0.26346069,0,0,876.54589,Superterran
GJ 3988 b,1.74,3.69,348.0,6.9442,0.0,0.0405,2.45,3273.0,0.19734,0.1842,-0.12,GJ 3988 b,0,0.64622072,0,0,360.12064,Superterran
K2-141 b,1.51,4.97,2103.0,0.2803244,0.0,0.00747,3260.0,4570.0,0.681,0.708,0.0,K2-141 b,0,0.27887912,0,0,2161.5497,Terran
Kepler-132 c,1.28,2.18,1069.0,6.414914,0.0,0.068,271.0,6003.0,1.178,0.929,-0.2159,Kepler-132 c,0,0.2915624,0,0,1245.7218,Terran
Kepler-732 c,1.27,2.15,893.0,0.893041236,0.0,0.0143,199.846,3631.0,0.46,0.49,-0.01,Kepler-732 c,0,0.29468546,0,0,1090.2033,Terran
Kepler-1188 b,2.08,4.98,775.0,17.1369543,0.0,0.135,165.573,5913.0,1.06,1.04,0.0,Kepler-1188 b,0,0.26033136,0,0,984.59729,Superterran
Kepler-282 c,1.2,1.87,717.0,13.638723,0.0,0.106,116.117,5602.0,0.904,0.86,-0.2,Kepler-282 c,0,0.30226589,0,0,939.23137,Terran
Kepler-22 b,2.1,9.1,279.0,289.863876,0.72,0.812,1.013,5596.0,0.869,0.857,-0.255,Kepler-22 b,2,0.7216326,1,1,275.41808,Superterran
Kepler-1521 b,2.5,6.8,391.0,47.14840805,0.0,0.23476,5.122,5042.0,0.76,0.81,-0.05,Kepler-1521 b,0,0.43876294,0,0,430.73732,Superterran
Kepler-528 b,2.08,4.98,708.0,19.78297415,0.0,0.14219,68.971,5807.0,1.06,1.01,0.02,Kepler-528 b,0,0.26881796,0,0,839.40205,Superterran
Kepler-186 f,1.17,1.71,177.0,129.9441,0.04,0.432,0.3,3755.0,0.523,0.544,-0.26,Kepler-186 f,1,0.6108342,1,1,211.90451,Terran
Kepler-543 b,2.5,6.8,521.0,13.89961966,0.0,0.1023,23.081,4671.0,0.67,0.7,-0.19,Kepler-543 b,0,0.28298515,0,0,634.69121,Superterran
Kepler-251 b,1.33,2.33,990.0,4.790936,0.0,0.053,203.169,5526.0,0.89,0.891,-0.06,Kepler-251 b,0,0.29165622,0,0,1131.8466,Terran
Kepler-1541 b,1.16,1.65,1048.0,8.40691199,0.0,0.07555,75.56,5282.0,0.81,0.86,-0.04,Kepler-1541 b,0,0.30935911,0,0,848.39872,Terran
Kepler-26 e,2.41,6.39,276.0,46.827915,0.0,0.22,1.753,4486.0,0.571,0.593,-0.21,Kepler-26 e,0,0.64465847,0,0,333.20705,Superterran
Kepler-36 b,1.498,3.83,978.0,13.86825,0.0,0.11419,247.0,5979.0,1.634,1.034,-0.18,Kepler-36 b,0,0.28465208,0,0,1136.3467,Terran
Kepler-1413 b,1.82,3.97,661.0,13.1829642,0.0,0.1066,42.825,5196.0,0.8,0.84,-0.05,Kepler-1413 b,0,0.30045745,0,0,703.55316,Superterran
Kepler-229 b,2.2,5.48,823.0,6.252972,0.0,0.062,76.217,5120.0,0.728,0.808,0.06,Kepler-229 b,0,0.26211915,0,0,847.67559,Superterran
Kepler-1846 b,1.76378826,3.76,552.0,14.82009983,0.0,0.11054,24.5,4825.0,0.732,0.785,0.08,Kepler-1846 b,0,0.31888133,0,0,642.55688,Superterran
TOI-2285 b,1.77,19.5,358.0,13.635109,0.3,0.1363,3.91,3491.0,0.464,0.454,-0.05,TOI-2285 b,0,0.74610595,0,0,318.91417,Superterran
LP 791-18 d,1.032,0.91,395.5,2.75485,0.0011,0.01992,5.83,2960.0,0.182,0.139,-0.09,LP 791-18 d,0,0.50074413,0,0,446.45819,Terran
Kepler-1160 b,2.14,5.22,839.0,7.97034958,0.0,0.0755,93.308,5519.0,0.89,0.92,0.01,Kepler-1160 b,0,0.2641944,0,0,859.41325,Superterran
Kepler-359 c,4.3,2.9,512.0,57.68802,0.0,0.307,8.1,6248.0,1.086,0.827,-0.29,Kepler-359 c,0,0.28919958,0,0,491.02809,Terran
Kepler-1998 b,0.6,0.156,1187.0,3.03267135,0.0,0.0405,468.31,5640.0,0.921,0.962,0.06,Kepler-1998 b,0,0.27374549,0,0,1376.2521,Subterran
TOI-784 b,1.93,9.67,1256.0,2.7970365,0.0,0.038,413.894,5558.0,0.907,0.91,-0.13,TOI-784 b,0,0.26113582,0,0,1322.9204,Superterran
Kepler-307 b,2.43,7.44,797.0,10.4208,0.0,0.09359,59.7,5367.0,0.814,0.907,0.19,Kepler-307 b,0,0.24825389,0,0,885.60662,Superterran
Kepler-1563 b,0.75,0.347,1134.0,3.43276598,0.0,0.0442,390.57,5765.0,0.99,1.0,0.02,Kepler-1563 b,0,0.28850741,0,0,1360.5496,Subterran
Kepler-984 b,2.12,5.14,484.0,43.0342272,0.0,0.23688,13.991,5610.0,0.93,0.96,0.04,Kepler-984 b,0,0.33441367,0,0,560.43768,Superterran
Kepler-373 b,1.36,2.42,1054.0,5.535309,0.0,0.06,453.872,5787.0,0.845,0.981,0.14,Kepler-373 b,0,0.28779571,0,0,1326.9358,Terran
Kepler-26 d,1.07,1.24,652.0,3.543919,0.0,0.039,31.79,4486.0,0.571,0.593,-0.21,Kepler-26 d,0,0.31674779,0,0,791.39485,Terran
Kepler-1493 b,1.41,2.57,874.0,15.0217983,0.0,0.1197,137.91,5863.0,1.29,1.06,0.06,Kepler-1493 b,0,0.29390001,0,0,959.68442,Terran
Kepler-1525 b,0.91,0.693,1343.0,2.416601183,0.0,0.03557,715.106,5748.0,1.04,1.07,0.27,Kepler-1525 b,0,0.29398391,0,0,1506.6913,Terran
Kepler-1523 b,1.58,3.12,1676.0,0.93875077,0.0,0.01867,2218.145,5708.0,0.96,0.97,0.0,Kepler-1523 b,0,0.2758385,0,0,1997.9732,Terran
Kepler-1142 b,1.47,2.76,902.0,18.3027248,0.0,0.1343,147.817,5685.0,0.96,0.97,0.02,Kepler-1142 b,0,0.28930457,0,0,1009.5725,Terran
Kepler-208 d,1.2,1.87,999.0,11.131786,0.0,0.103,176.283,6092.0,1.314,1.082,-0.0423,Kepler-208 d,0,0.29727403,0,0,1070.9197,Terran
Kepler-208 e,1.48,2.79,880.0,16.259458,0.0,0.132,106.345,6092.0,1.314,1.082,-0.0423,Kepler-208 e,0,0.29154234,0,0,945.99438,Terran
K2-54 b,2.6116925,7.33,560.0,9.7833,0.24,0.0761,6.1,3990.0,0.643,0.615,-0.02,K2-54 b,0,0.35343278,0,0,620.60356,Terran
Kepler-136 c,1.99,4.62,847.0,16.399235,0.0,0.133,162.044,6165.0,1.355,1.204,0.0002,Kepler-136 c,0,0.26319034,0,0,1032.1664,Superterran
Kepler-587 b,2.23,5.6,764.0,10.94027841,0.0,0.0952,70.965,5549.0,0.89,0.92,-0.05,Kepler-587 b,0,0.26371753,0,0,813.03089,Superterran
Kepler-1982 b,0.77,0.381,1282.0,3.82315697,0.0,0.0511,638.38,6202.0,1.122,1.213,0.21,Kepler-1982 b,0,0.28850515,0,0,1575.6693,Subterran
Kepler-1653 b,2.17,5.35,284.0,140.2524,0.0,0.4706,0.98,4807.0,0.693,0.719,-0.18,Kepler-1653 b,2,0.73857407,1,1,290.80345,Superterran
Kepler-1577 b,1.13,1.51,1125.0,6.30560247,0.0,0.0657,57.751,4862.0,0.74,0.78,0.0,Kepler-1577 b,0,0.31580398,0,0,791.39415,Terran
Kepler-393 c,1.33,2.33,901.0,14.613612,0.0,0.124,231.213,6189.0,1.382,1.256,0.0322,Kepler-393 c,0,0.29224869,0,0,1104.6245,Terran
Kepler-1439 b,1.46,2.73,420.0,8.07392849,0.0,0.0594,9.081,3578.0,0.43,0.46,-0.03,Kepler-1439 b,0,0.43269579,0,0,485.32459,Terran
Kepler-1595 b,1.23,2.04,980.0,4.56380468,0.0,0.051,185.568,5203.0,0.8,0.84,-0.02,Kepler-1595 b,0,0.29753162,0,0,1033.6903,Terran
Kepler-861 b,2.28,5.82,966.0,3.949631375,0.0,0.0463,197.29,5047.0,0.78,0.82,0.01,Kepler-861 b,0,0.24845815,0,0,1045.6468,Superterran
Kepler-881 b,1.78,3.82,1217.0,4.44448017,0.0,0.0552,538.569,5961.0,1.09,1.06,0.0,Kepler-881 b,0,0.2687273,0,0,1312.0669,Superterran
Kepler-1223 b,1.22,1.98,557.0,16.301259,0.0,0.1186,20.51,4870.0,0.75,0.8,0.04,Kepler-1223 b,0,0.3549864,0,0,611.83339,Terran
Kepler-327 d,1.73,3.64,387.0,13.969457,0.0,0.09,7.59,3799.0,0.492,0.591913,-0.2,Kepler-327 d,0,0.44157953,0,0,464.30597,Superterran
Kepler-243 b,2.45,6.57,850.0,5.715442,0.0,0.062,115.505,5228.0,0.842,0.904,0.26,Kepler-243 b,0,0.24468596,0,0,932.13685,Superterran
Kepler-1086 b,2.44,6.53,433.0,18.78425728,0.0,0.1198,9.157,4350.0,0.66,0.7,0.06,Kepler-1086 b,0,0.35424799,0,0,506.63724,Superterran
Kepler-981 b,2.31,5.95,1103.0,4.469757736,0.0,0.0535,337.471,5718.0,0.96,0.98,0.01,Kepler-981 b,0,0.24404617,0,0,1187.131,Superterran
TRAPPIST-1 f,1.045,1.039,217.7,9.20754,0.01007,0.03849,0.373,2566.0,0.1192,0.0898,0.052,TRAPPIST-1 f,1,0.67711241,1,1,224.90485,Terran
Kepler-1987 b,1.23,2.04,997.0,2.345863002,0.0,0.0318,233.38,4769.0,0.714,0.799,0.12,Kepler-1987 b,0,0.29499336,0,0,1131.6496,Terran
Kepler-1470 b,1.07,1.24,574.0,16.2950903,0.0,0.116,23.918,4961.0,0.76,0.8,-0.01,Kepler-1470 b,0,0.34841669,0,0,638.55238,Terran
HD 3167 d,1.92,4.33,859.5,8.4112,0.12,0.0763,88.9,5261.0,0.88,0.837,0.04,HD 3167 d,0,0.27297478,0,0,890.78087,Superterran
K2-229 c,2.03,7.0,750.0,8.32727,0.0,0.0769,66.0,5315.0,0.79,0.87,-0.09,K2-229 c,0,0.27224107,0,0,829.30131,Superterran
Kepler-1651 b,1.84,4.04,393.0,9.87863917,0.13,0.0692,5.65,3713.0,0.503,0.522,-0.16,Kepler-1651 b,0,0.39654805,0,0,497.06327,Superterran
Kepler-1088 b,1.42,2.6,667.0,23.12748644,0.0,0.16163,44.887,5975.0,1.08,1.08,0.05,Kepler-1088 b,0,0.31077793,0,0,756.99719,Terran
Kepler-32 b,2.2,1303.0,514.0,5.90124,0.0,0.05,22.025,3900.0,0.53,0.58,0.0,Kepler-32 b,0,0.30624094,0,0,611.56204,Superterran
Kepler-1257 b,1.52,2.92,1252.0,2.668313762,0.0,0.0376,546.908,5502.0,0.87,0.9,-0.09,Kepler-1257 b,0,0.28066864,0,0,1371.9289,Terran
Kepler-52 c,1.84,45.4,433.0,16.3850021,0.012,0.10379,8.55,4075.0,0.52,0.54,0.0,Kepler-52 c,0,0.39216848,0,0,503.32415,Superterran
Kepler-625 b,1.99,4.62,852.0,7.75192492,0.0,0.08137,407.833,5789.0,0.96,1.04,0.1,Kepler-625 b,0,0.25824239,0,0,1311.4294,Superterran
Kepler-1328 b,0.98,0.904,1214.0,4.52158888,0.0,0.052,545.672,5780.0,0.99,1.0,0.0,Kepler-1328 b,0,0.2951943,0,0,1426.2567,Terran
HD 191939 d,2.995,2.8,540.0,38.353037,0.031,0.2132,14.3,5348.0,0.94,0.81,-0.15,HD 191939 d,0,0.29106771,0,0,559.44298,Terran
Kepler-369 b,1.13,1.51,687.0,2.732756,0.0,0.03,40.295,3591.0,0.471,0.5,-0.09,Kepler-369 b,0,0.32421746,0,0,733.44051,Terran
Kepler-1699 b,1.56671124,3.08,1010.0,3.49082,0.0,0.0418,245.65,5575.53,0.725,0.81,0.225,Kepler-1699 b,0,0.281095,0,0,1157.6769,Terran
Kepler-326 d,1.21,6.9,781.0,6.766888,0.0,0.066,180.644,5105.0,0.801,0.91,0.2385,Kepler-326 d,0,0.29845628,0,0,1023.0658,Terran
Kepler-1215 b,1.22,1.98,1046.0,4.76703963,0.0,0.0528,253.964,5616.0,0.93,0.95,0.01,Kepler-1215 b,0,0.29536986,0,0,1127.4793,Terran
Kepler-19 b,2.209,6.1,851.0,9.28699,0.41,0.0846,87.6,5541.0,0.859,0.936,-0.13,Kepler-19 b,0,0.2567577,0,0,891.67565,Superterran
Teegarden's Star b,1.05,1.16,277.0,4.90634,0.03,0.0259,1.08,3034.0,0.12,0.097,-0.11,Teegarden's Star b,1,0.96836238,0,1,293.09014,Terran
Kepler-342 e,0.88,0.615,1897.0,1.644224613,0.0,0.02909,3111.322,6366.0,1.34,1.26,0.12,Kepler-342 e,0,0.29188104,0,0,2181.4322,Terran
Kepler-245 c,2.18,26.7,568.0,17.460812,0.0,0.124,25.152,5100.0,0.795,0.856,0.12,Kepler-245 c,0,0.29441734,0,0,650.45114,Superterran
TOI-1347 c,1.6,6.4,1000.0,4.841962,0.0,0.0546,183.6642,5464.0,0.83,0.913,0.04,TOI-1347 c,0,0.28165234,0,0,1063.3022,Terran
K2-291 b,1.589,6.49,1278.0,2.225177,0.0,0.03261,633.0,5520.0,0.899,0.934,0.08,K2-291 b,0,0.27697092,0,0,1447.9385,Terran
Kepler-246 b,2.34,6.08,896.0,4.60182,0.0,0.052,141.613,5206.0,0.831,0.853,0.2,Kepler-246 b,0,0.24722077,0,0,994.65816,Superterran
HD 219134 c,1.511,4.36,782.0,6.76458,0.062,0.0653,62.1,4699.0,0.778,0.81,0.11,HD 219134 c,0,0.3003019,0,0,807.44785,Terran
Kepler-102 e,2.17,4.7,590.0,16.1456994,0.089,0.1162,20.3,4909.0,0.724,0.803,0.11,Kepler-102 e,0,0.31095415,0,0,602.70806,Superterran
Kepler-450 d,0.837,17.6,1199.0,7.51464,0.14,0.0827,557.205,6197.21,1.64162,1.19,0.1278,Kepler-450 d,0,0.29272919,0,0,1380.3327,Terran
TOI-2096 c,1.914,4.32,349.0,6.38784,0.1,0.04,3.7,3300.0,0.235,0.231,-0.03,TOI-2096 c,0,0.53629532,0,0,398.67901,Superterran
Kepler-113 c,2.18,8.7,628.0,8.92507,0.0,0.07796,45.596,4725.0,0.69,0.75,0.05,Kepler-113 c,0,0.27533636,0,0,739.8296,Superterran
Kepler-174 d,2.19,5.43,212.0,247.35373,0.0,0.677,0.53,4880.0,0.622,0.602,-0.56,Kepler-174 d,2,0.67845615,1,1,251.84376,Superterran
Kepler-1286 b,2.15,5.27,888.0,11.25402929,0.0,0.0991,151.77,5753.0,0.98,1.0,0.03,Kepler-1286 b,0,0.25688133,0,0,983.75894,Superterran
Kepler-645 b,2.1,5.06,1730.0,3.275822621,0.0,0.04541,1364.762,6170.0,1.21,1.13,-0.01,Kepler-645 b,0,0.25082831,0,0,1684.913,Superterran
Kepler-1845 b,2.43836702,6.52,584.0,11.60649967,0.0,0.0885,27.47,4703.0,0.701,0.686,-0.14,Kepler-1845 b,0,0.27092099,0,0,693.35218,Superterran
Kepler-138 c,1.51,2.3,410.0,13.7815,0.017,0.0913,6.8,3841.0,0.535,0.535,-0.18,Kepler-138 c,0,0.45682631,0,0,463.108,Terran
Kepler-217 b,2.23,5.6,1413.0,5.374943,0.0,0.065,1366.477,6171.0,1.799,1.342,-0.07,Kepler-217 b,0,0.24434166,0,0,1741.6819,Superterran
Kepler-1434 b,1.11,1.41,1320.0,8.05333618,0.0,0.0917,925.289,6291.0,2.04,1.47,0.19,Kepler-1434 b,0,0.29348224,0,0,1580.3627,Terran
Kepler-59 b,1.1,4.1,864.0,11.8681707,0.0,0.09943,187.51,6074.0,0.94,1.04,-0.2,Kepler-59 b,0,0.29930077,0,0,1075.001,Terran
Kepler-784 c,1.55,3.02,844.0,17.157236,0.0,0.1309,119.87,5676.0,1.487,1.016,0.1,Kepler-784 c,0,0.27991698,0,0,1302.284,Terran
Kepler-345 c,1.2,2.2,575.0,9.387427,0.0,0.077,25.83,4504.0,0.623,0.61,0.1905,Kepler-345 c,0,0.31560245,0,0,779.70471,Terran
Kepler-1788 b,2.37850461,6.25,956.0,2.800120115,0.0,0.0343,197.81,4786.0,0.704,0.686,-0.2,Kepler-1788 b,0,0.24253027,0,0,1092.7692,Superterran
Kepler-922 b,1.42,2.6,1876.0,0.938466832,0.0,0.01795,2142.634,5671.0,0.93,0.95,-0.05,Kepler-922 b,0,0.28294953,0,0,1975.3308,Terran
Kepler-1205 b,1.41,2.57,1667.0,1.078390352,0.0,0.0196,1038.493,5226.0,0.81,0.84,-0.04,Kepler-1205 b,0,0.28413438,0,0,1615.4647,Terran
Kepler-1478 b,1.73,3.64,598.0,26.0840594,0.0,0.1681,85.282,5904.0,1.06,1.04,0.03,Kepler-1478 b,0,0.28693793,0,0,835.87563,Superterran
Kepler-230 c,2.04,4.82,359.0,91.773242,0.0,0.38,2.976,5588.0,0.817,0.784,-0.21,Kepler-230 c,0,0.57397581,0,0,377.60151,Superterran
Kepler-150 b,1.25,2.1,1131.0,3.428054,0.0,0.044,367.262,5560.0,0.939,0.956,0.12,Kepler-150 b,0,0.29247296,0,0,1250.1127,Terran
Kepler-336 d,2.37,6.21,749.0,20.678772,0.0,0.154,74.36,5867.0,1.304,1.09,0.337,Kepler-336 d,0,0.25351951,0,0,851.46178,Superterran
Kepler-1768 b,2.23346338,5.62,933.0,15.13589954,0.0,0.1286,179.16,6050.0,1.572,1.24,0.14,Kepler-1768 b,0,0.25439134,0,0,946.35708,Superterran
TOI-2136 b,2.19,6.37,395.0,7.851928,0.0,0.057,4.0,3342.0,0.34,0.34,0.03,TOI-2136 b,0,0.50033629,0,0,406.90038,Superterran
Kepler-1047 b,2.09,5.02,503.0,56.1886887,0.0,0.29871,28.851,5754.0,1.13,1.08,0.29,Kepler-1047 b,0,0.29206196,0,0,677.36964,Superterran
Kepler-169 b,1.13,1.51,962.0,3.250619,0.0,0.04,195.221,4997.0,0.763,0.825,0.17,Kepler-169 b,0,0.29861868,0,0,1081.1738,Terran
TRAPPIST-1 b,1.116,1.374,397.6,1.510826,0.00622,0.01154,4.153,2566.0,0.1192,0.0898,0.052,TRAPPIST-1 b,0,0.56548578,0,0,410.74432,Terran
Kepler-296 c,2.0,4.66,606.0,5.8416366,0.33,0.0521,14.8,3740.0,0.48,0.498,-0.08,Kepler-296 c,0,0.35624429,0,0,525.06227,Superterran
Kepler-964 b,2.12,5.14,652.0,13.5225106,0.0,0.1073,43.916,5427.0,0.84,0.93,0.03,Kepler-964 b,0,0.2783817,0,0,739.87591,Superterran
Kepler-11 f,2.49,2.0,513.0,46.6888,0.013,0.25,19.53,5663.0,1.065,0.961,0.05,Kepler-11 f,0,0.28957001,0,0,616.52534,Terran
Kepler-1268 b,2.03,4.78,627.0,40.9903986,0.0,0.2383,40.652,5904.0,1.09,1.06,0.05,Kepler-1268 b,0,0.28656171,0,0,718.80899,Superterran
Kepler-1561 b,1.09,1.32,1682.0,1.005207007,0.0,0.0194,2364.807,5957.0,1.11,1.07,0.04,Kepler-1561 b,0,0.29279452,0,0,2041.8539,Terran
Kepler-149 c,1.61,3.22,436.0,55.328328,0.0,0.281,10.084,5381.0,0.953,1.013,0.3805,Kepler-149 c,0,0.40262899,0,0,506.78338,Superterran
Kepler-237 c,2.08,4.98,687.0,8.103636,0.0,0.071,60.642,4861.0,0.725,0.696,0.22,Kepler-237 c,0,0.27052492,0,0,820.43909,Superterran
Kepler-169 e,2.2,5.48,595.0,13.767102,0.0,0.105,28.548,4997.0,0.763,0.825,0.17,Kepler-169 e,0,0.28883167,0,0,667.31498,Superterran
Kepler-1947 b,1.0101666,1.01,1298.0,6.963630199,0.0,0.07375,229.4,6040.0,1.686,0.984,-0.44,Kepler-1947 b,0,0.29839956,0,0,1150.1136,Terran
Kepler-1644 b,1.88,4.19,606.0,21.0907758,0.0,0.142,31.86,5499.0,0.86,0.89,-0.1,Kepler-1644 b,0,0.30380338,0,0,674.57672,Superterran
Kepler-1603 b,1.29,2.21,1522.0,2.27163926,0.0,0.0351,1269.46,6241.0,1.31,1.21,0.07,Kepler-1603 b,0,0.28758589,0,0,2305.5363,Terran
Kepler-1460 b,1.96,4.5,391.0,29.9633247,0.0,0.1614,5.469,4422.0,0.67,0.7,-0.02,Kepler-1460 b,0,0.45947466,0,0,440.52824,Superterran
TOI-712 b,2.049,4.85,650.0,9.531361,0.54,0.07928,22.6,4622.0,0.674,0.732,-0.02,TOI-712 b,0,0.28887835,0,0,658.74875,Superterran
Kepler-267 d,2.27,5.77,301.0,28.464515,0.0,0.154,2.647,4258.0,0.555,0.541571,-0.18,Kepler-267 d,0,0.59200638,0,0,361.33927,Superterran
Kepler-1117 b,1.11,1.41,938.0,4.79028459,0.0,0.05485,194.976,5612.0,0.93,0.95,0.03,Kepler-1117 b,0,0.29894983,0,0,1082.254,Terran
Kepler-402 c,1.56,3.05,1140.0,6.124821,0.0,0.068,353.973,6090.0,1.264,1.072,-0.08,Kepler-402 c,0,0.28016372,0,0,1239.9982,Terran
Kepler-311 b,1.7,3.53,960.0,9.176092,0.0,0.087,201.362,5905.0,1.188,0.994,-0.03,Kepler-311 b,0,0.27612531,0,0,1089.9734,Superterran
Kepler-269 b,2.47,6.66,1007.0,5.326718,0.0,0.061,604.9,5847.0,0.959,0.92,0.4,Kepler-269 b,0,0.23413282,0,0,1439.6622,Superterran
Kepler-482 b,2.36,6.17,352.0,56.35418576,0.0,0.25787,4.436,4871.0,0.72,0.75,-0.13,Kepler-482 b,0,0.46706163,0,0,418.80831,Superterran
Kepler-1246 b,1.36,2.42,554.0,11.32271513,0.0,0.0848,26.451,4611.0,0.69,0.73,-0.03,Kepler-1246 b,0,0.33630461,0,0,650.09615,Terran
Kepler-1987 c,1.33,2.33,860.0,3.64830183,0.0,0.0427,129.44,4769.0,0.714,0.799,0.12,Kepler-1987 c,0,0.2963013,0,0,976.58845,Terran
Kepler-1839 b,1.9493759,4.46,1049.0,5.056759834,0.0,0.0583,286.32,5926.0,0.939,1.03,-0.04,Kepler-1839 b,0,0.26011551,0,0,1330.734,Superterran
Kepler-18 b,2.0,6.9,1165.0,3.504725,0.0,0.0447,355.735,5345.0,1.108,0.972,0.19,Kepler-18 b,0,0.2575163,0,0,1336.6625,Superterran
K2-321 b,2.05124347,4.86,830.0,2.2979749,0.44,0.02839,68.5516,3750.0,0.595,0.578,0.148,K2-321 b,0,0.29644022,0,0,690.2932,Superterran
HD 219134 f,1.31,7.3,522.6,22.717,0.148,0.1463,12.38,4699.0,0.778,0.81,0.11,HD 219134 f,0,0.39013041,0,0,538.8344,Terran
Kepler-1503 b,2.27,5.77,321.0,96.16987,0.0,0.3771,5.636,5069.0,0.74,0.77,-0.19,Kepler-1503 b,0,0.45283019,0,0,431.21837,Superterran
Kepler-1236 b,2.14,5.22,480.0,31.0571618,0.0,0.1803,13.571,5337.0,0.82,0.86,-0.09,Kepler-1236 b,0,0.34276709,0,0,544.72544,Superterran
Kepler-57 c,2.196,6.86,671.0,11.6,0.0725,0.09588,48.574,5187.9,0.826,0.859,0.1166,Kepler-57 c,0,0.30405323,0,0,762.58789,Terran
Kepler-1474 b,2.16,5.31,561.0,36.4333452,0.0,0.2108,21.392,5870.0,1.04,1.04,0.04,Kepler-1474 b,0,0.29946645,0,0,637.14784,Superterran
TOI-544 b,2.018,2.89,999.0,1.548352,0.0,0.0225,240.195,4169.0,0.623,0.631,-0.17,TOI-544 b,0,0.25911503,0,0,1142.4423,Terran
Kepler-1396 b,2.07,4.94,786.0,18.2206421,0.0,0.1406,71.816,6195.0,1.27,1.18,0.04,Kepler-1396 b,0,0.26745611,0,0,862.84515,Superterran
Kepler-83 d,1.94,4.1,569.0,5.169796,0.0,0.051,28.81,4648.0,0.594,0.58,-0.2,Kepler-83 d,0,0.30039632,0,0,675.52346,Superterran
Kepler-797 b,2.17,5.35,605.0,27.07237711,0.0,0.181,90.1,5680.0,0.95,0.96,-0.02,Kepler-797 b,0,0.26081464,0,0,886.31119,Superterran
GJ 887 c,2.43,6.5,320.0,21.784,0.17,0.121,2.5,3688.0,0.468,0.495,-0.06,GJ 887 c,0,0.55357397,0,0,363.77672,Superterran
Kepler-1374 b,2.29,5.86,737.0,10.65276707,0.0,0.0918,59.789,5323.0,0.81,0.85,-0.13,Kepler-1374 b,0,0.26580437,0,0,768.25285,Superterran
Kepler-1307 b,2.47,6.66,768.0,18.01621096,0.0,0.1369,41.185,5884.0,1.08,1.06,0.06,Kepler-1307 b,0,0.26986868,0,0,690.99324,Superterran
Kepler-520 c,1.07,1.24,1107.0,5.21104261,0.0,0.06035,351.69,6112.0,1.09,1.1,-0.03,Kepler-520 c,0,0.29402849,0,0,1583.1873,Terran
Kepler-1030 b,2.48,6.71,529.0,19.32952416,0.0,0.1338,16.881,4983.0,0.76,0.8,-0.01,Kepler-1030 b,0,0.30903593,0,0,572.06775,Superterran
Kepler-1382 b,1.88,4.19,959.0,16.3583055,0.0,0.14023,198.471,6161.0,1.72,1.36,0.3,Kepler-1382 b,0,0.26772251,0,0,1067.1905,Superterran
HD 15906 b,2.24,5.65,668.0,10.924709,0.11,0.09,33.14,4757.0,0.762,0.79,0.02,HD 15906 b,0,0.28100142,0,0,690.59713,Superterran
Kepler-1841 b,1.48912557,2.82,542.0,25.88599968,0.0,0.1606,20.35,5190.0,0.899,0.823,0.12,Kepler-1841 b,0,0.34397282,0,0,611.7201,Terran
Kepler-2001 c,1.82,3.97,597.0,14.092583189,0.0,0.1084,30.1,5081.0,0.77,0.864,0.12,Kepler-2001 c,0,0.31729858,0,0,638.13252,Superterran
Kepler-1610 b,1.61,3.22,750.0,8.70181574,0.0,0.0777,56.212,5383.0,0.87,0.91,0.1,Kepler-1610 b,0,0.29863975,0,0,781.56484,Superterran
Kepler-1977 b,1.66,3.39,798.0,4.53702121,0.0,0.0486,95.61,4805.0,0.688,0.769,-0.06,Kepler-1977 b,0,0.28728207,0,0,875.20016,Superterran
Kepler-887 b,1.84,4.04,785.0,20.42228798,0.0,0.15431,109.842,6194.0,1.29,1.19,0.08,Kepler-887 b,0,0.27396548,0,0,948.92068,Superterran
Kepler-140 c,1.8,3.89,428.0,91.353282,0.0,0.414,9.957,6077.0,1.288,1.044,-0.039,Kepler-140 c,0,0.38294512,0,0,516.62492,Superterran
K2-12 b,2.44,5.2,1026.0,8.28246,0.5,0.0792,185.0,5672.0,1.117,0.965,0.0,K2-12 b,0,0.23941186,0,0,1047.7745,Superterran
Kepler-1089 b,1.83,4.01,584.0,5.132485618,0.0,0.0497,26.266,3753.0,0.49,0.52,-0.09,Kepler-1089 b,0,0.32617528,0,0,611.64204,Superterran
Kepler-1178 b,1.07,1.24,378.0,31.80634,0.0,0.1596,23.237,4990.0,0.75,0.8,-0.05,Kepler-1178 b,0,0.35748142,0,0,613.98686,Terran
Kepler-1385 b,0.85,0.543,1423.0,2.88879862,0.0,0.04262,1591.477,5732.0,1.29,1.15,0.41,Kepler-1385 b,0,0.29143357,0,0,1829.7909,Terran
Kepler-1417 b,1.0,0.972,695.0,20.3505213,0.0,0.14062,114.332,5839.0,1.02,1.02,0.02,Kepler-1417 b,0,0.30446041,0,0,954.67534,Terran
Kepler-789 b,2.12,5.14,1419.0,8.63847725,0.0,0.0951,312.34,5870.0,1.02,1.01,-0.06,Kepler-789 b,0,0.25254325,0,0,1241.1814,Superterran
Kepler-484 b,2.28,5.82,766.0,10.045569313,0.0,0.09036,90.629,5668.0,0.87,0.96,-0.1,Kepler-484 b,0,0.2552133,0,0,889.24517,Superterran
Kepler-1072 b,1.58,3.12,1849.0,1.569066502,0.0,0.02742,2944.0,6199.0,1.32,1.2,0.07,Kepler-1072 b,0,0.27567633,0,0,2164.2099,Terran
Kepler-1923 b,1.95958179,4.5,553.0,52.60969925,0.0,0.2846,8.63,5881.0,1.294,1.109,0.16,Kepler-1923 b,0,0.31408517,0,0,625.2563,Superterran
Kepler-197 b,1.02,1.04,1142.0,5.599308,0.02,0.06,431.256,6004.0,1.12,0.857,-0.441,Kepler-197 b,0,0.29590487,0,0,1334.5629,Terran
Kepler-204 c,1.79,3.86,683.0,25.660593,0.0,0.173,36.886,5812.0,1.238,1.038,0.07,Kepler-204 c,0,0.30198855,0,0,703.72417,Superterran
Kepler-1745 b,1.92872921,4.38,1449.0,3.016190052,0.0,0.0408,1044.49,5611.0,1.4,0.995,0.16,Kepler-1745 b,0,0.26038251,0,0,1430.031,Superterran
Kepler-324 e,2.03862444,235.014,635.0,13.97939968,0.0,0.10972,38.9,5191.0,0.826,0.844,0.08,Kepler-324 e,0,0.28328405,0,0,735.23027,Superterran
GJ 514 b,2.13,5.2,202.0,140.43,0.45,0.422,0.28,3728.0,0.5,0.51,-0.14,GJ 514 b,2,0.52010084,0,1,198.92846,Superterran
Kepler-566 b,2.15,5.27,526.0,18.42794624,0.0,0.1247,16.879,5132.0,0.79,0.83,-0.01,Kepler-566 b,0,0.31245259,0,0,602.54889,Superterran
TOI-1695 b,1.9,6.36,698.0,3.1342791,0.097,0.033548,39.0,3690.0,0.515,0.513,0.0,TOI-1695 b,0,0.29288865,0,0,720.00609,Superterran
Kepler-732 b,2.18,5.39,407.0,9.467814048,0.0,0.0691,8.559,3631.0,0.46,0.49,-0.01,Kepler-732 b,0,0.3786201,0,0,495.9484,Superterran
Kepler-1291 b,1.66,3.39,739.0,8.63043276,0.0,0.0779,62.823,5216.0,0.8,0.84,-0.04,Kepler-1291 b,0,0.29541326,0,0,787.78334,Superterran
Kepler-400 c,1.49,2.83,755.0,17.340824,0.0,0.134,76.86,5886.0,1.145,1.08,0.0844,Kepler-400 c,0,0.29666216,0,0,857.77448,Terran
Kepler-1093 c,1.96,4.5,508.0,89.722292,0.0,0.41037,18.1,6166.0,1.2,1.13,-0.01,Kepler-1093 c,0,0.32497613,0,0,597.27923,Superterran
Kepler-1131 b,1.59,3.15,1159.0,3.53232449,0.0,0.0459,453.142,5851.0,1.04,1.03,0.05,Kepler-1131 b,0,0.27786973,0,0,1321.354,Terran
Kepler-101 c,1.25,3.78,1413.0,6.02976,0.0,0.0684,596.069,5667.0,1.56,1.17,0.33,Kepler-101 c,0,0.2910374,0,0,1400.8688,Terran
TOI-1416 b,1.62,3.48,1517.0,1.0697568,0.0,0.019,883.0,4884.0,0.793,0.798,0.08,TOI-1416 b,0,0.27479549,0,0,1601.5803,Superterran
Kepler-1167 b,1.71,3.57,1419.0,1.003933739,0.0,0.0175,1039.697,4971.0,0.75,0.79,-0.05,Kepler-1167 b,0,0.27046578,0,0,1597.3736,Superterran
Kepler-122 b,2.34,6.08,1159.0,5.766193,0.0,0.064,448.102,6050.0,1.216,0.982,-0.08,Kepler-122 b,0,0.2409877,0,0,1328.4204,Superterran
HD 5278 b,2.45,7.8,943.0,14.339156,0.08,0.1202,132.0,6203.0,1.194,1.126,-0.12,HD 5278 b,0,0.24274745,0,0,974.53911,Superterran
Kepler-133 b,1.76,3.75,1041.0,8.129976,0.0,0.083,408.58,5736.0,1.425,1.02,0.282,Kepler-133 b,0,0.27021884,0,0,1264.4058,Superterran
Kepler-1958 b,2.05124311,4.86,806.0,9.328619957,0.0,0.0856,99.6,5749.0,0.864,0.961,-0.1,Kepler-1958 b,0,0.2618556,0,0,982.74001,Superterran
Kepler-1892 b,1.83707938,4.03,822.0,6.331230164,0.0,0.0633,108.04,5383.0,0.759,0.851,-0.22,Kepler-1892 b,0,0.27353688,0,0,961.55397,Superterran
Kepler-1222 b,0.79,0.418,1246.0,1.916944254,0.0,0.02801,416.231,5239.0,0.8,0.84,-0.04,Kepler-1222 b,0,0.29124289,0,0,1316.1366,Subterran
Kepler-1492 b,1.49,2.83,801.0,16.75255007,0.0,0.1262,11.523,4712.0,0.72,0.77,0.06,Kepler-1492 b,0,0.39393648,0,0,524.68161,Terran
Kepler-919 b,2.25,5.69,869.0,11.04603384,0.0,0.0981,153.915,6113.0,1.21,1.15,0.07,Kepler-919 b,0,0.25097959,0,0,1011.2092,Superterran
Kepler-299 d,1.86,4.12,729.0,15.054786,0.0,0.118,69.96,5617.0,1.032,1.004,0.12,Kepler-299 d,0,0.28214141,0,0,816.55326,Superterran
TOI-1468 c,2.126,4.1,338.1,15.532477,0.111,0.08608,2.13,3376.0,0.3714,0.3527,-0.01,TOI-1468 c,0,0.63779096,0,0,350.69315,Superterran
Kepler-224 e,1.97,4.54,517.0,18.643577,0.0,0.124,18.732,5018.0,0.676,0.777,-0.06,Kepler-224 e,0,0.32009119,0,0,607.7356,Superterran
Kepler-1488 c,1.65156749,3.37,1212.0,6.158269882,0.0,0.06959,760.6,5710.0,1.524,1.003,0.0,Kepler-1488 c,0,0.27337393,0,0,1572.3983,Superterran
Kepler-1380 b,1.43,2.63,786.0,10.3108245,0.0,0.0917,90.1,5570.0,0.94,0.96,0.1,Kepler-1380 b,0,0.28583686,0,0,1247.3572,Terran
Kepler-1501 b,1.56,3.05,787.0,14.5564533,0.0,0.11592,100.001,6229.0,1.3,1.2,0.04,Kepler-1501 b,0,0.28912906,0,0,922.20259,Terran
Kepler-1777 b,2.13189678,5.19,819.0,12.18420029,0.0,0.10301,71.3,5771.0,1.068,0.984,0.06,Kepler-1777 b,0,0.26318551,0,0,879.11601,Superterran
Kepler-1450 b,1.71,3.57,308.0,54.5094166,0.0,0.2401,3.078,4524.0,0.68,0.71,-0.02,Kepler-1450 b,0,0.60405196,0,0,377.33704,Superterran
Kepler-1680 b,1.35954736,2.42,771.0,8.77424,0.0,0.07642,49.0,5021.0,0.723259,0.834,-0.07,Kepler-1680 b,0,0.31284007,0,0,759.91933,Terran
Kepler-1702 b,1.60190793,3.2,555.0,18.5012,0.0,0.1275,22.4,5093.0,0.725742,0.85,-0.24,Kepler-1702 b,0,0.3408124,0,0,605.57847,Superterran
Kepler-238 c,2.39,152.522,1146.0,6.155557,0.0,0.069,592.298,5751.0,1.43,1.229,0.34,Kepler-238 c,0,0.23807035,0,0,1402.8169,Superterran
Kepler-398 d,0.88,0.615,636.0,6.83437001,0.0,0.0618,40.831,4557.0,0.67,0.72,-0.06,Kepler-398 d,0,0.32549199,0,0,725.57328,Terran
G 9-40 b,1.9,4.0,440.6,5.7459982,0.0,0.0418,6.27,3395.0,0.3026,0.2952,-0.07,G 9-40 b,0,0.41388817,0,0,471.46033,Superterran
Kepler-362 b,0.88,0.615,838.0,10.327186,0.0,0.087,207.336,5788.0,0.722,0.904,-0.12,Kepler-362 b,0,0.29802529,0,0,1100.0588,Terran
Kepler-292 d,2.23,5.6,808.0,7.055679,0.0,0.068,103.005,5299.0,0.826,0.865,0.04,Kepler-292 d,0,0.25648754,0,0,908.70112,Superterran
Kepler-291 c,1.88,4.19,1035.0,5.700786,0.0,0.065,332.737,6002.0,1.016,1.023,0.23,Kepler-291 c,0,0.26545407,0,0,1175.4897,Superterran
Kepler-1177 b,1.9,4.27,377.0,106.247547,0.0,0.4301,11.862,5712.0,0.97,0.98,0.02,Kepler-1177 b,0,0.36364652,0,0,534.12241,Superterran
Kepler-653 b,1.95,4.46,819.0,14.70748976,0.0,0.11945,90.384,5665.0,1.19,1.02,0.23,Kepler-653 b,0,0.27162378,0,0,890.48877,Superterran
Kepler-1909 b,1.09217411,1.33,1031.0,2.391609907,0.0,0.0306,266.01,4935.0,0.685,0.663,-0.42,Kepler-1909 b,0,0.29717579,0,0,1180.4968,Terran
Kepler-1381 b,2.25,5.69,649.0,25.3842686,0.0,0.1728,29.701,5747.0,0.94,0.96,-0.1,Kepler-1381 b,0,0.29179618,0,0,646.99906,Superterran
Kepler-1395 b,0.8,0.437,1311.0,3.78470649,0.0,0.04974,730.531,6138.0,1.23,1.17,0.12,Kepler-1395 b,0,0.29035201,0,0,1518.1408,Subterran
TOI-836 b,1.704,4.53,871.0,3.81673,0.053,0.0422,78.838,4552.0,0.665,0.678,-0.284,TOI-836 b,0,0.28643901,0,0,856.92535,Superterran
Kepler-1363 b,1.25,2.1,988.0,2.94194094,0.0,0.0363,191.919,4839.0,0.72,0.76,-0.09,Kepler-1363 b,0,0.29632611,0,0,1053.1063,Terran
Kepler-78 b,1.201,1.68,2223.0,0.35500745,0.0,0.00901,4070.0,5058.0,0.7475,0.779,-0.18,Kepler-78 b,0,0.2903106,0,0,2275.4281,Terran
Kepler-1859 c,1.66,3.39,1327.0,3.59645081,0.0,0.0473,732.82,5887.0,1.235,1.09,0.16,Kepler-1859 c,0,0.27360277,0,0,1445.423,Superterran
TOI-2257 b,2.194,5.45,256.0,35.189346,0.496,0.145,0.6703,3430.0,0.313,0.328,-0.27,TOI-2257 b,2,0.71601979,1,1,253.70072,Superterran
Kepler-113 b,1.82,11.7,775.0,4.754,0.0,0.05123,105.333,4725.0,0.69,0.75,0.05,Kepler-113 b,0,0.27687123,0,0,912.67465,Superterran
Kepler-124 d,1.11,1.41,428.0,30.950851,0.0,0.17,10.499,4984.0,0.636,0.706,-0.46,Kepler-124 d,0,0.40218939,0,0,533.2748,Terran
Kepler-1590 b,1.14,1.55,1020.0,7.61760804,0.0,0.07116,171.478,6053.0,1.16,1.11,0.03,Kepler-1590 b,0,0.29861904,0,0,1073.6602,Terran
Kepler-1168 b,2.5,6.8,379.0,55.8226539,0.0,0.2663,4.107,5157.0,0.82,0.87,0.13,Kepler-1168 b,0,0.47139058,0,0,410.90359,Superterran
Kepler-1749 b,1.61301783,3.23,420.0,14.53409958,0.0,0.0956,7.34,3957.0,0.553,0.551,-0.16,Kepler-1749 b,0,0.37692318,0,0,538.51347,Superterran
Kepler-141 c,1.41,2.57,738.0,7.010606,0.0,0.067,77.412,4910.0,0.787,0.878,0.2643,Kepler-141 c,0,0.29998811,0,0,859.78155,Terran
Kepler-1537 b,1.18,1.76,1800.0,1.444453798,0.0,0.0245,713.168,5079.0,0.77,0.81,-0.08,Kepler-1537 b,0,0.29272399,0,0,1440.7628,Terran
Kepler-144 b,1.33,2.33,1253.0,5.885273,0.0,0.066,426.719,6075.0,1.235,1.154,-0.1848,Kepler-144 b,0,0.28901536,0,0,1317.2056,Terran
Kepler-220 e,1.33,2.33,341.0,45.902733,0.0,0.226,4.274,4632.0,0.666,0.729,-0.1738,Kepler-220 e,0,0.5571803,0,0,410.08256,Terran
Kepler-832 b,2.06,4.9,965.0,7.1396941,0.0,0.075,256.828,5596.0,0.9,0.92,-0.08,Kepler-832 b,0,0.25803369,0,0,1093.6916,Superterran
Kepler-171 d,1.89,4.23,497.0,39.595519,0.0,0.223,15.103,5642.0,0.839,0.978,0.17,Kepler-171 d,0,0.33579173,0,0,582.13417,Superterran
Kepler-1276 b,1.19,1.81,886.0,12.5720095,0.0,0.10863,139.77,6188.0,1.21,1.14,-0.02,Kepler-1276 b,0,0.29992554,0,0,997.3053,Terran
Kepler-176 b,1.43,290.537,841.0,5.433074,0.0,0.058,123.802,5232.0,0.891,0.86,0.13,Kepler-176 b,0,0.29368041,0,0,946.69814,Terran
TOI-1685 b,1.421,3.07,1000.0,0.66913923,0.0,0.01164,213.0,3470.0,0.462,0.466,0.01,TOI-1685 b,0,0.27552783,0,0,1116.2281,Superterran
Kepler-185 b,1.17,1.71,1237.0,1.6329,0.0,0.026,475.507,5208.0,0.806,0.763,-0.14,Kepler-185 b,0,0.29376191,0,0,1334.8696,Terran
Kepler-330 b,1.35,2.39,714.0,8.25978,0.0,0.075,66.578,5117.0,0.722,0.848,0.16,Kepler-330 b,0,0.30652348,0,0,814.50713,Terran
Kepler-1425 b,0.94,0.779,676.0,14.4541302,0.0,0.11435,216.405,5718.0,0.95,0.97,-0.03,Kepler-1425 b,0,0.29862016,0,0,1122.8632,Terran
Kepler-1613 b,2.08,4.98,1926.0,1.5184299,0.0,0.02755,6797.623,6005.0,1.12,1.08,0.01,Kepler-1613 b,0,0.25089603,0,0,2556.3691,Superterran
Kepler-218 b,1.48,2.79,1156.0,3.619337,0.0,0.046,460.656,5502.0,1.063,1.019,0.37,Kepler-218 b,0,0.28264207,0,0,1348.3313,Terran
Kepler-1643 b,2.32,5.99,799.0,5.342657,0.0,0.0531,137.753,4916.0,0.855,0.845,-0.01,Kepler-1643 b,0,0.24993616,0,0,951.43311,Superterran
K2-229 b,1.0,2.55,1818.0,0.584216,0.0,0.0131,2290.0,5315.0,0.79,0.87,-0.09,K2-229 b,0,0.29348735,0,0,2009.2773,Terran
K2-147 b,1.47286006,2.77,1077.0,0.961939,0.38,0.01575,200.1,3690.0,0.578,0.563,-0.02,K2-147 b,0,0.29121804,0,0,1084.4935,Subterran
Kepler-296 d,2.09,5.02,403.0,19.850291,0.33,0.118,2.9,3740.0,0.48,0.498,-0.08,Kepler-296 d,0,0.62067996,0,0,348.89012,Superterran
K2-21 c,2.49,6.76,420.0,15.50192,0.21,0.107,5.1,4222.06,0.646783,0.676023,-0.11,K2-21 c,0,0.35578499,0,0,497.47619,Superterran
Kepler-320 c,1.37,2.45,1002.0,17.934937,0.0,0.142,101.619,6435.0,1.108,1.072,-0.1228,Kepler-320 c,0,0.2961336,0,0,946.85036,Terran
TOI-411 b,1.362,13.71,1241.0,4.040295,0.126,0.05727,495.139,6169.0,1.117,1.098,-0.08,TOI-411 b,0,0.28744213,0,0,1354.5005,Terran
HD 136352 b,1.664,4.72,905.0,11.57797,0.0,0.0964,111.6,5664.0,1.058,0.87,-0.24,HD 136352 b,0,0.28343488,0,0,935.16233,Superterran
Kepler-138 e,0.797,0.43,292.0,38.23,0.112,0.1803,1.73,3841.0,0.535,0.535,-0.18,Kepler-138 e,0,0.79424968,0,0,329.29568,Subterran
K2-4 b,2.1,5.06,563.0,10.003417,0.08,0.078,15.6,4014.73,0.569359,0.635026,-0.12,K2-4 b,0,0.3126325,0,0,608.07088,Superterran
Kepler-1869 b,1.11955354,1.46,865.0,8.167360306,0.0,0.07976,138.5,5808.0,0.902,0.987,-0.06,Kepler-1869 b,0,0.30160431,0,0,993.88762,Terran
Kepler-1863 b,2.26309256,5.74,508.0,44.99760056,0.0,0.23678,41.5,5871.0,0.983,1.097,0.21,Kepler-1863 b,0,0.27432687,0,0,720.65942,Superterran
Kepler-190 b,1.56,3.05,1166.0,2.019999,0.0,0.03,417.238,5106.0,0.795,0.834,0.06,Kepler-190 b,0,0.27959642,0,0,1288.5904,Terran
Kepler-1870 b,2.10143764,5.07,1046.0,3.606940031,0.0,0.0452,287.6,5508.0,0.84,0.955,0.07,Kepler-1870 b,0,0.25423158,0,0,1186.7969,Superterran
Kepler-1345 b,2.36,6.17,693.0,44.6169557,0.0,0.26412,68.469,6449.0,1.55,1.32,0.04,Kepler-1345 b,0,0.25536954,0,0,834.71482,Superterran
Kepler-398 c,1.01,1.01,536.0,11.419412,0.0,0.087,20.556,4493.0,0.613,0.649,0.0528,Kepler-398 c,0,0.35892028,0,0,611.52736,Terran
Kepler-1877 b,0.624086,0.179,1278.0,2.377569914,0.0,0.03472,691.1,5615.0,0.936,1.022,0.24,Kepler-1877 b,0,0.27621204,0,0,1469.0006,Subterran
Kepler-968 c,1.69,3.5,644.0,5.709404918,0.0,0.052,58.15,4598.0,0.7,0.76,0.13,Kepler-968 c,0,0.2911126,0,0,813.15596,Superterran
Kepler-953 c,1.19,1.81,873.0,9.10967112,0.0,0.0862,121.04,5416.0,0.99,0.95,0.26,Kepler-953 c,0,0.30387174,0,0,915.00167,Terran
Kepler-758 d,2.12,5.14,843.0,20.4966197,0.0,0.1527,173.171,6228.0,1.42,1.16,-0.1,Kepler-758 d,0,0.2562883,0,0,1045.7822,Superterran
Kepler-1213 b,1.19,1.81,1156.0,5.34982412,0.0,0.06026,595.424,6050.0,1.21,1.14,0.13,Kepler-1213 b,0,0.29252119,0,0,1433.1401,Terran
Kepler-164 d,2.45,6.57,637.0,28.986769,0.0,0.187,35.89,5888.0,1.148,1.036,0.0,Kepler-164 d,0,0.26706089,0,0,709.99406,Superterran
Kepler-1592 b,1.54,2.99,1202.0,3.05710069,0.0,0.04,1918.34,6213.0,1.28,1.18,0.04,Kepler-1592 b,0,0.27777824,0,0,1925.9523,Terran
Kepler-1133 b,1.97,4.54,703.0,11.55562343,0.0,0.0983,55.758,5569.0,0.9,0.93,-0.02,Kepler-1133 b,0,0.2768468,0,0,813.10899,Superterran
Kepler-1633 b,1.58,3.12,925.0,186.404271,0.0,0.3875,26.258,6256.0,1.32,1.2,0.02,Kepler-1633 b,0,0.32044485,0,0,670.33156,Terran
Kepler-1491 b,1.51,2.89,821.0,16.5861762,0.0,0.127,138.108,5728.0,0.99,1.0,0.06,Kepler-1491 b,0,0.28824226,0,0,990.31569,Terran
Kepler-1573 b,1.2,1.87,1379.0,2.6157554,0.0,0.0364,1343.114,5808.0,1.0,1.01,0.02,Kepler-1573 b,0,0.2912407,0,0,1661.9763,Terran
Kepler-162 b,1.26,2.13,961.0,6.919798,0.0,0.069,305.946,5816.0,0.958,1.053,0.1,Kepler-162 b,0,0.29289473,0,0,1197.4323,Terran
TOI-1260 b,2.41,8.56,871.0,3.127463,0.0,0.0367,95.58,4227.0,0.672,0.679,-0.1,TOI-1260 b,0,0.24829987,0,0,900.20721,Superterran
HR 858 d,2.001,7.1,1061.0,11.230511,0.0,0.1046,217.0,6354.0,1.258,1.204,0.025,HR 858 d,0,0.25225262,0,0,1105.9012,Superterran
Kepler-1069 b,1.6,3.19,823.0,23.8990296,0.0,0.16587,78.175,5722.0,0.98,0.99,0.04,Kepler-1069 b,0,0.29071414,0,0,868.21157,Terran
GJ 486 b,1.289,2.77,696.3,1.46712127,0.00086,0.01714,39.2,3317.0,0.3243,0.312,-0.15,GJ 486 b,0,0.3206508,0,0,724.57454,Terran
Kepler-249 b,1.09,1.32,554.0,3.306539,0.0,0.035,24.26,3568.0,0.482,0.510238,-0.34,Kepler-249 b,0,0.34434494,0,0,650.34155,Terran
Kepler-306 e,2.27,5.77,390.0,44.840975,0.0,0.227,6.185,4954.0,0.719,0.75,-0.13,Kepler-306 e,0,0.41122473,0,0,460.95931,Superterran
Kepler-114 b,1.26,1.09,586.0,5.188549,0.0,0.053,92.535,4605.0,0.667,0.77,0.2291,Kepler-114 b,0,0.30707733,0,0,842.4373,Terran
Kepler-1986 b,1.89,4.23,579.0,19.5489666,0.0,0.1307,26.62,5549.0,0.732,0.776,-0.54,Kepler-1986 b,0,0.31687209,0,0,628.11292,Superterran
Kepler-382 b,1.32,2.3,1166.0,5.262155,0.0,0.055,381.465,5600.0,0.945,1.002,0.082,Kepler-382 b,0,0.28921987,0,0,1334.2714,Terran
Kepler-851 b,1.68,3.46,900.0,8.50699658,0.0,0.0802,103.828,5455.0,0.85,0.89,-0.07,Kepler-851 b,0,0.2868092,0,0,868.13714,Superterran
Kepler-616 b,2.43,6.48,860.0,9.99761851,0.0,0.0927,129.18,5753.0,0.97,0.98,-0.02,Kepler-616 b,0,0.24820246,0,0,886.41206,Superterran
Kepler-1364 b,2.15,5.27,1299.0,13.32196237,0.0,0.1284,672.06,6805.0,1.79,1.49,0.04,Kepler-1364 b,0,0.25076931,0,0,1266.6103,Superterran
Kepler-1418 b,1.66,3.39,419.0,22.4764425,0.0,0.131,7.29,4770.0,0.72,0.77,0.0,Kepler-1418 b,0,0.36190761,0,0,557.55777,Superterran
Kepler-1825 b,1.42200732,2.61,1520.0,1.025869966,0.0,0.0187,1264.7,5123.0,0.847,0.828,0.14,Kepler-1825 b,0,0.28389665,0,0,1548.8334,Terran
Kepler-390 c,0.79,0.418,630.0,13.060022,0.0,0.101,41.351,5166.0,0.776,0.787,-0.0443,Kepler-390 c,0,0.31953565,0,0,739.2049,Subterran
Kepler-796 b,1.3,2.24,1109.0,6.40087618,0.0,0.07317,962.264,5475.0,1.09,0.93,0.09,Kepler-796 b,0,0.28854807,0,0,1554.1629,Terran
Kepler-347 c,1.75,3.71,705.0,27.320871,0.0,0.183,65.707,6088.0,1.005,0.922,-0.14,Kepler-347 c,0,0.28752281,0,0,818.84175,Superterran
Kepler-32 f,0.82,969.228,1026.0,0.74296,0.0,0.013,349.645,3900.0,0.53,0.58,0.0,Kepler-32 f,0,0.29408682,0,0,1199.3718,Terran
Kepler-992 b,1.62,3.26,510.0,20.16034462,0.0,0.13372,15.291,4944.0,0.74,0.8,-0.04,Kepler-992 b,0,0.35898981,0,0,566.28523,Superterran
Kepler-1302 b,1.43,2.63,778.0,8.83922659,0.0,0.0795,58.344,5236.0,0.82,0.86,0.04,Kepler-1302 b,0,0.3072202,0,0,779.81567,Terran
Kepler-1067 c,1.74682428,3.7,973.0,5.425839901,0.0,0.06069,190.8,5594.0,0.934,0.981,0.16,Kepler-1067 c,0,0.27409248,0,0,1078.2967,Superterran
Kepler-1620 b,1.61,3.22,428.0,101.951829,0.0,0.4322,7.92,6157.0,1.23,1.15,0.03,Kepler-1620 b,0,0.39283057,0,0,518.00403,Superterran
Kepler-1092 b,2.07,4.94,508.0,58.6017925,0.0,0.2996,17.016,5862.0,1.0,0.99,-0.09,Kepler-1092 b,0,0.3400804,0,0,555.46234,Superterran
Kepler-1814 b,2.36961357,6.21,1022.0,2.935359955,0.0,0.03765,216.9,4922.0,0.823,0.79,0.2,Kepler-1814 b,0,0.2424489,0,0,1116.1911,Superterran
Kepler-1428 b,1.64,3.33,1049.0,10.67607169,0.0,0.11051,817.579,6184.0,1.36,1.28,0.35,Kepler-1428 b,0,0.27416284,0,0,1522.2204,Superterran
Kepler-332 d,1.18,1.76,427.0,34.21154,0.0,0.189,7.253,4955.0,0.72,0.743,-0.13,Kepler-332 d,0,0.46019872,0,0,472.81867,Terran
Kepler-1073 b,2.3,5.9,905.0,8.67888593,0.0,0.0805,128.55,5792.0,1.0,1.0,0.0,Kepler-1073 b,0,0.24866394,0,0,1008.1556,Superterran
Kepler-440 b,1.86,4.12,229.0,101.11141,0.34,0.242,1.2,4134.0,0.559,0.575,-0.3,Kepler-440 b,2,0.75260263,0,1,307.80693,Superterran
Kepler-334 d,1.41,2.57,656.0,25.09849,0.0,0.168,39.475,5828.0,1.068,1.022,-0.012,Kepler-334 d,0,0.31646108,0,0,724.88795,Terran
Kepler-69 c,1.71,3.57,299.0,242.4613,0.14,0.64,2.687,5638.0,0.93,0.81,-0.29,Kepler-69 c,0,0.70366857,0,0,339.66495,Superterran
Kepler-477 b,2.07,4.94,649.0,11.11990653,0.0,0.0911,38.71,5240.0,0.79,0.87,-0.04,Kepler-477 b,0,0.27672114,0,0,769.42507,Superterran
Kepler-1037 b,1.28,2.18,1650.0,1.063788673,0.0,0.0198,1015.434,5105.0,0.78,0.82,-0.03,Kepler-1037 b,0,0.28912314,0,0,1579.7666,Terran
Kepler-520 b,1.66,3.39,711.0,19.67416124,0.0,0.14628,59.77,6112.0,1.09,1.1,-0.03,Kepler-520 b,0,0.28018861,0,0,1016.8205,Superterran
Kepler-402 b,1.22,1.98,1311.0,4.028751,0.0,0.051,619.844,6090.0,1.264,1.072,-0.08,Kepler-402 b,0,0.29171951,0,0,1431.8266,Terran
Kepler-132 b,1.21,1.92,1082.0,6.178196,0.0,0.067,284.8,6003.0,1.178,0.929,-0.2159,Kepler-132 b,0,0.29358514,0,0,1254.9838,Terran
Kepler-1130 d,0.64472273,0.202,981.0,4.272250175,0.0,0.05068,221.4,5450.0,0.842,0.944,0.1,Kepler-1130 d,0,0.28303826,0,0,1100.5616,Subterran
Kepler-54 c,1.23,0.7,395.0,12.0717249,0.0,0.0809,3.07,3705.0,0.5,0.51,-0.27,Kepler-54 c,0,0.45170022,0,0,478.30097,Terran
Kepler-324 b,1.14,2414.4,935.0,4.385315,0.0,0.05,194.34,5194.0,0.84,0.901,0.18,Kepler-324 b,0,0.29851543,0,0,1077.5577,Terran
WASP-47 e,1.83,9.0,1992.0,0.78961,0.0,0.01673,3740.0,5565.0,1.156,1.058,0.43,WASP-47 e,0,0.26455436,0,0,2265.4429,Superterran
Kepler-1070 b,1.73,3.64,1101.0,6.2216147,0.0,0.06753,380.134,6261.0,1.32,1.21,0.03,Kepler-1070 b,0,0.27144469,0,0,1287.6828,Superterran
Kepler-1558 b,0.68,0.244,1019.0,3.50470358,0.0,0.04278,189.886,5101.0,0.79,0.83,0.0,Kepler-1558 b,0,0.2875055,0,0,1066.1505,Subterran
Kepler-691 b,2.09,5.02,460.0,8.114379,0.0,0.0649,12.995,3715.0,0.5,0.53,0.04,Kepler-691 b,0,0.3536337,0,0,532.78645,Superterran
Kepler-1435 b,0.86,0.566,1331.0,4.45343281,0.0,0.05456,893.886,6356.0,1.32,1.21,-0.03,Kepler-1435 b,0,0.29232269,0,0,1611.867,Terran
HD 23472 f,1.137,0.77,630.0,12.1621839,0.07,0.0906,26.3,4684.0,0.71,0.67,-0.2,HD 23472 f,0,0.33854022,0,0,666.77337,Terran
Kepler-1864 b,0.75408365,0.353,1156.0,3.881510019,0.0,0.049,427.6,5854.0,0.979,1.03,0.06,Kepler-1864 b,0,0.28907817,0,0,1324.9992,Subterran
Kepler-246 c,1.5,2.86,667.0,11.187161,0.0,0.095,43.208,5206.0,0.831,0.853,0.2,Kepler-246 c,0,0.3105139,0,0,735.89138,Terran
Kepler-1614 b,1.49,2.83,981.0,3.9466141,0.0,0.0471,276.373,5121.0,0.76,0.79,-0.17,Kepler-1614 b,0,0.2850525,0,0,1134.1358,Terran
Kepler-1880 b,2.11686218,5.13,606.0,6.309219837,0.0,0.054,31.73,4380.0,0.53,0.524,-0.92,Kepler-1880 b,0,0.27088822,0,0,798.41491,Superterran
Kepler-217 d,1.32,2.3,1574.0,3.88689525,0.0,0.0534,2099.752,6341.0,1.76,1.37,0.09,Kepler-217 d,0,0.28682781,0,0,1975.9677,Terran
Kepler-331 c,1.84,4.04,425.0,17.28111,0.0,0.105,13.888,4347.0,0.492,0.653,0.1179,Kepler-331 c,0,0.34733666,0,0,565.36754,Superterran
Kepler-62 f,1.41,35.0,208.0,267.291,0.0,0.718,0.5,4925.0,0.64,0.69,-0.37,Kepler-62 f,1,0.67871408,1,1,229.80702,Terran
Kepler-1516 b,1.75,3.71,967.0,7.25931979,0.0,0.0718,615.253,5904.0,1.07,1.04,0.03,Kepler-1516 b,0,0.26958128,0,0,1387.9164,Superterran
Kepler-1157 b,1.09,1.32,732.0,4.45743164,0.0,0.0448,95.443,4679.0,0.71,0.76,0.05,Kepler-1157 b,0,0.30552888,0,0,921.58737,Terran
Kepler-887 c,1.13,1.51,1089.0,7.63846023,0.0,0.0801,407.977,6194.0,1.29,1.19,0.08,Kepler-887 c,0,0.29478103,0,0,1317.3354,Terran
Kepler-226 b,1.55,24.0,1018.0,3.940997,0.0,0.047,270.402,5571.0,0.802,0.904,0.09,Kepler-226 b,0,0.28190623,0,0,1156.4493,Terran
Kepler-274 b,1.54,2.99,961.0,11.634788,0.0,0.101,147.812,6023.0,1.007,0.883,-0.2112,Kepler-274 b,0,0.28591372,0,0,1016.2834,Terran
Kepler-1159 b,2.37,6.21,677.0,22.70816791,0.0,0.1603,80.984,6217.0,1.28,1.19,0.04,Kepler-1159 b,0,0.25339879,0,0,853.01911,Superterran
Kepler-1071 b,2.38,6.26,814.0,6.1799844,0.0,0.0629,45.12,5215.0,0.81,0.86,0.01,Kepler-1071 b,0,0.24631891,0,0,968.80855,Superterran
Kepler-578 b,2.0,4.66,1774.0,1.616883696,0.0,0.0266,496.898,5334.0,0.83,0.87,-0.03,Kepler-578 b,0,0.25670306,0,0,1452.8966,Superterran
Kepler-231 c,1.93,24.1,393.0,19.271566,0.0,0.114,6.267,3767.0,0.49,0.58,-0.1,Kepler-231 c,0,0.4224692,0,0,469.32436,Superterran
Kepler-58 e,1.61,597.796,1212.0,4.45814897,0.0,0.0533,511.6,6100.0,1.083,1.017,-0.12,Kepler-58 e,0,0.27777423,0,0,1243.2599,Superterran
Kepler-1489 b,1.77,3.78,400.0,82.294751,0.0,0.3679,11.893,5655.0,0.9,0.93,-0.13,Kepler-1489 b,0,0.37302953,0,0,531.5702,Superterran
Kepler-1361 b,0.86,0.566,1061.0,3.57554956,0.0,0.04304,186.069,5131.0,0.79,0.83,0.0,Kepler-1361 b,0,0.29802205,0,0,1077.5486,Terran
Kepler-328 b,2.3,28.5,602.0,34.921,0.0,0.2199,57.079,6064.0,1.06,1.15,0.08,Kepler-328 b,0,0.26265248,0,0,790.33808,Superterran
Kepler-1050 b,1.6,3.19,1039.0,15.3787546,0.0,0.12353,62.025,6010.0,1.13,1.09,0.03,Kepler-1050 b,0,0.29472444,0,0,821.37817,Terran
EPIC 229004835 b,2.332,10.4,804.0,16.141132,0.23,0.1237,69.7,5868.0,0.999,0.97,-0.12,EPIC 229004835 b,0,0.25645062,0,0,829.43836,Superterran
Kepler-1893 b,1.70557445,3.55,1194.0,4.179369926,0.0,0.0504,478.98,5633.0,1.162,0.973,0.16,Kepler-1893 b,0,0.27162343,0,0,1405.1098,Superterran
Kepler-256 c,2.15,5.27,1315.0,3.38802,0.0,0.045,457.066,5551.0,1.301,1.037,0.26,Kepler-256 c,0,0.25031768,0,0,1310.8991,Superterran
Kepler-1882 b,1.48674404,2.81,894.0,13.78730011,0.0,0.11636,122.1,5691.0,1.458,1.068,0.26,Kepler-1882 b,0,0.29003321,0,0,971.93643,Terran
Kepler-1713 b,1.71673535,3.59,900.0,18.01160049,0.0,0.14185,144.3,6477.0,1.459,1.3,0.1,Kepler-1713 b,0,0.2782512,0,0,992.92083,Superterran
Kepler-1403 b,2.14,5.22,1238.0,5.19492202,0.0,0.064,699.644,6060.0,1.15,1.11,0.03,Kepler-1403 b,0,0.25004075,0,0,1408.7552,Superterran
Kepler-1095 b,1.21,1.92,1108.0,4.27103091,0.0,0.0514,356.54,5658.0,0.92,0.94,-0.09,Kepler-1095 b,0,0.29430065,0,0,1202.8015,Terran
Kepler-751 b,2.46,6.62,679.0,17.44490636,0.0,0.1263,39.01,5387.0,0.84,0.87,-0.06,Kepler-751 b,0,0.26943625,0,0,695.38264,Superterran
Kepler-356 c,1.81,3.93,913.0,13.121632,0.0,0.115,209.368,6133.0,1.335,1.163,-0.0226,Kepler-356 c,0,0.27028851,0,0,1106.182,Superterran
Kepler-1073 c,1.64,3.33,1169.0,4.02582254,0.0,0.0483,357.082,5792.0,1.0,1.0,0.0,Kepler-1073 c,0,0.27568447,0,0,1301.5233,Superterran
Kepler-186 d,1.4,2.54,379.0,13.342996,0.0,0.0781,7.204,3788.0,0.472,0.478,-0.28,Kepler-186 d,0,0.46215771,0,0,463.82057,Terran
Kepler-1806 b,2.35560189,6.15,729.0,9.033320427,0.0,0.0813,66.89,5311.0,0.788,0.884,-0.04,Kepler-1806 b,0,0.26047444,0,0,785.47117,Superterran
HIP 41378 b,2.419,9.06,970.67,15.571893,0.0213,0.1303,148.5,6371.0,1.306,1.245,0.046,HIP 41378 b,0,0.24189803,0,0,1007.7606,Superterran
Kepler-1424 b,1.16,1.65,629.0,29.6091744,0.0,0.19068,58.6,5838.0,1.07,1.02,0.01,Kepler-1424 b,0,0.31664746,0,0,779.47526,Terran
Kepler-1987 e,1.92,4.35,643.0,8.74292005,0.0,0.0765,40.33,4769.0,0.714,0.799,0.12,Kepler-1987 e,0,0.29039161,0,0,729.61676,Superterran
Kepler-215 d,2.39,23.6,527.0,30.864423,0.0,0.185,21.404,5739.0,1.027,0.788,-0.4425,Kepler-215 d,0,0.29150162,0,0,625.30177,Superterran
Kepler-381 c,1.12,1.46,1180.0,13.391635,0.0,0.117,225.331,6152.0,1.568,1.144,-0.2016,Kepler-381 c,0,0.29765481,0,0,1130.6615,Terran
TOI-178 c,1.754,4.64,873.0,3.238486,0.00032,0.037,97.6159,4316.0,0.662,0.647,-0.23,TOI-178 c,0,0.28507703,0,0,901.72614,Superterran
Kepler-1379 b,1.3,2.24,1564.0,0.881841146,0.0,0.0171,1600.049,5188.0,0.79,0.83,-0.04,Kepler-1379 b,0,0.28793989,0,0,1744.5261,Terran
Kepler-1522 b,1.73,3.64,1374.0,1.847889171,0.0,0.0288,1513.457,5706.0,0.93,0.96,-0.07,Kepler-1522 b,0,0.26896596,0,0,1787.431,Superterran
K2-3 b,2.078,5.11,501.3,10.0546535,0.107,0.0747,10.5,3844.0,0.546,0.549,-0.157,K2-3 b,0,0.36466942,0,0,517.84943,Superterran
Kepler-240 c,2.2,102.3,696.0,7.953528,0.0,0.074,59.838,4985.0,0.739,0.868,0.41,Kepler-240 c,0,0.26855268,0,0,782.18532,Superterran
Kepler-1212 b,2.14,5.22,795.0,12.94130146,0.0,0.1082,142.096,6051.0,1.15,1.1,0.03,Kepler-1212 b,0,0.25723052,0,0,987.55636,Superterran
Kepler-1858 b,2.42168247,6.44,330.0,88.07160187,0.0,0.3575,2.79,4939.0,0.819,0.785,0.16,Kepler-1858 b,0,0.55762321,0,0,370.71273,Superterran
Kepler-1384 b,1.94,4.42,608.0,15.36262753,0.0,0.1126,32.23,4919.0,0.74,0.78,-0.06,Kepler-1384 b,0,0.31399112,0,0,628.64624,Superterran
Kepler-69 b,2.24,5.65,779.0,13.722341,0.16,0.094,123.517,5638.0,0.93,0.81,-0.29,Kepler-69 b,0,0.25710442,0,0,885.95557,Superterran
Kepler-556 b,2.24,5.65,766.0,11.72292176,0.0,0.09833,81.641,5740.0,0.98,1.0,0.03,Kepler-556 b,0,0.25667729,0,0,897.15834,Superterran
Kepler-237 b,1.41,2.57,823.0,4.715106,0.0,0.05,124.961,4861.0,0.725,0.696,0.22,Kepler-237 b,0,0.293107,0,0,977.66602,Terran
Kepler-341 e,1.99,4.62,539.0,42.473269,0.0,0.242,25.667,6012.0,1.024,0.976,0.07,Kepler-341 e,0,0.31112031,0,0,629.16976,Superterran
Kepler-1491 c,2.44,6.53,530.0,61.569765,0.0,0.3045,18.66,5626.0,1.389,0.991,0.14,Kepler-1491 c,0,0.28442707,0,0,639.56085,Superterran
Kepler-42 b,0.78,0.705944,519.0,1.2137672,0.04,0.0116,22.388,3068.0,0.17,0.13,-0.33,Kepler-42 b,0,0.36193802,0,0,591.08927,Subterran
Kepler-1488 b,1.86,4.12,650.0,39.8189932,0.0,0.24153,73.335,5820.0,1.31,1.05,0.06,Kepler-1488 b,0,0.27965379,0,0,843.7862,Superterran
Kepler-1855 b,1.216205,1.96,849.0,0.727330983,0.0,0.0115,86.97,3460.0,0.356,0.385,0.07,Kepler-1855 b,0,0.29320405,0,0,1272.9947,Terran
Kepler-250 d,2.18,5.39,579.0,17.648312,0.0,0.127,21.463,5160.0,0.805,0.806,0.01,Kepler-250 d,0,0.30398792,0,0,620.54554,Superterran
Kepler-1139 b,1.19,1.81,1693.0,0.813166719,0.0,0.01664,1717.276,5550.0,0.91,0.94,0.05,Kepler-1139 b,0,0.29100904,0,0,1880.1113,Terran
Kepler-1130 b,0.8,0.437,904.0,5.45298175,0.0,0.05963,162.65,5403.0,0.81,0.9,-0.06,Kepler-1130 b,0,0.29756898,0,0,1014.5921,Subterran
Kepler-249 d,1.57,3.09,332.0,15.368459,0.0,0.097,4.474,3568.0,0.482,0.510238,-0.34,Kepler-249 d,0,0.5836518,0,0,390.65164,Terran
Kepler-1605 b,1.08,1.28,528.0,85.7565495,0.0,0.36567,16.734,5280.0,0.82,0.86,-0.01,Kepler-1605 b,0,0.36855763,0,0,588.81125,Terran
Kepler-1683 b,1.87477762,4.17,669.0,15.0337,0.0,0.1182,47.32,5429.0,0.900327,0.95,0.16,Kepler-1683 b,0,0.28999137,0,0,746.64951,Superterran
Kepler-1052 c,2.3,5.9,302.0,180.921729,0.0,0.6135,1.96,5818.0,0.848,0.937,-0.22,Kepler-1052 c,0,0.59843657,0,0,357.49357,Superterran
Kepler-1180 b,1.99,4.62,765.0,16.8601286,0.0,0.1246,175.855,6077.0,1.14,1.09,0.0,Kepler-1180 b,0,0.26306851,0,0,1036.1354,Superterran
Kepler-1106 b,1.65,3.36,2199.0,1.252752174,0.0,0.0239,2399.974,6104.0,1.17,1.11,0.0,Kepler-1106 b,0,0.27247659,0,0,2039.2786,Superterran
Kepler-983 b,2.36,6.17,485.0,60.0855082,0.0,0.3148,30.997,6052.0,1.08,1.13,0.12,Kepler-983 b,0,0.32221188,0,0,558.9953,Superterran
Kepler-848 b,1.7,3.53,1086.0,6.91134416,0.0,0.07586,794.778,5695.0,1.2,1.01,0.15,Kepler-848 b,0,0.27132033,0,0,1509.2434,Superterran
Kepler-286 b,1.24,2.07,1367.0,1.796302,0.0,0.027,850.1,5580.0,0.863,0.83,-0.25,Kepler-286 b,0,0.29018382,0,0,1637.735,Terran
Kepler-1224 b,1.33,2.33,872.0,13.32351601,0.0,0.11625,132.663,6155.0,1.22,1.18,0.14,Kepler-1224 b,0,0.29544816,0,0,997.72891,Terran
Kepler-105 c,1.44,5.6,997.0,7.12592,0.02,0.07229,236.167,5933.0,1.026,0.991,-0.09,Kepler-105 c,0,0.29219846,0,0,1140.882,Terran
Kepler-300 c,2.25,5.69,516.0,40.714955,0.0,0.232,43.248,5986.0,0.9,1.07,0.04,Kepler-300 c,0,0.2739873,0,0,726.40952,Superterran
Kepler-906 b,2.11,5.1,537.0,41.6979976,0.0,0.22363,21.987,6035.0,1.02,1.06,-0.09,Kepler-906 b,0,0.30579039,0,0,625.98158,Superterran
Kepler-1711 b,1.923,4.36,669.0,21.06080055,0.0,0.1463,47.39,5706.0,1.034,0.94,0.0,Kepler-1711 b,0,0.28605364,0,0,756.49029,Superterran
TOI-776 b,1.798,5.0,520.0,8.24662,0.052,0.0653,11.5,3725.0,0.547,0.542,-0.21,TOI-776 b,0,0.36934369,0,0,529.91219,Superterran
Kepler-130 b,1.02,1.04,982.0,8.457458,0.15,0.079,221.731,5884.0,1.127,0.927,-0.199,Kepler-130 b,0,0.29836806,0,0,1145.5065,Terran
Kepler-184 c,1.97,8.8,630.0,20.303005,0.0,0.141,29.875,5788.0,0.873,0.872,-0.1958,Kepler-184 c,0,0.29941218,0,0,673.07888,Superterran
Kepler-467 b,2.25,5.69,712.0,24.99324193,0.0,0.16848,72.749,5809.0,1.37,1.05,0.06,Kepler-467 b,0,0.25925054,0,0,852.71123,Superterran
Kepler-296 e,1.53,2.96,337.0,34.14211,0.33,0.169,1.41,3740.0,0.48,0.498,-0.08,Kepler-296 e,1,0.85187076,1,1,281.6348,Terran
Kepler-1705 b,2.03,4.47,789.0,9.03502,0.033,0.08,91.74,6312.0,1.259,1.139,-0.2,Kepler-1705 b,0,0.25693377,0,0,1246.9555,Superterran
Kepler-778 b,1.68,3.46,977.0,3.75574426,0.0,0.0453,216.568,5102.0,0.77,0.81,-0.09,Kepler-778 b,0,0.27772635,0,0,1065.679,Superterran
Kepler-1528 b,1.46,2.73,1549.0,1.791110205,0.0,0.0296,1106.851,5857.0,1.03,1.03,0.03,Kepler-1528 b,0,0.28204699,0,0,1611.6832,Terran
Kepler-1111 b,2.0,4.66,938.0,8.79617863,0.0,0.0872,118.52,6077.0,1.15,1.1,0.02,Kepler-1111 b,0,0.26706672,0,0,925.05441,Superterran
Kepler-21 b,1.639,7.5,2015.0,2.7858212,0.0,0.0434,2749.0,6305.0,1.902,1.408,-0.03,Kepler-21 b,0,0.27295833,0,0,2084.1581,Superterran
Kepler-363 c,1.69,66.4,1054.0,7.542427,0.0,0.079,376.29,5593.0,1.485,1.226,0.3965,Kepler-363 c,0,0.27368037,0,0,1262.8797,Superterran
Kepler-1022 b,2.36,6.17,512.0,10.99469878,0.0,0.0805,19.258,4445.0,0.68,0.71,0.06,Kepler-1022 b,0,0.29529059,0,0,618.76762,Superterran
Kepler-380 b,1.19,1.81,1317.0,3.930821,0.0,0.05,808.093,6045.0,1.224,0.99,-0.16,Kepler-380 b,0,0.29209164,0,0,1509.8733,Terran
Kepler-372 b,1.36,2.42,1081.0,6.849692,0.0,0.075,384.627,6509.0,1.137,1.202,-0.13,Kepler-372 b,0,0.28845864,0,0,1263.7026,Terran
Kepler-166 d,1.73,3.64,1313.0,1.554003928,0.0,0.02449,651.409,5350.0,0.83,0.88,-0.03,Kepler-166 d,0,0.27005288,0,0,1469.6299,Superterran
Kepler-260 b,2.01,4.7,782.0,8.187399,0.0,0.075,132.134,5250.0,0.862,1.013,0.29,Kepler-260 b,0,0.26339753,0,0,996.31092,Superterran
Kepler-42 c,0.73,60.337,720.0,0.45328509,0.0,0.006,82.125,3068.0,0.17,0.13,-0.33,Kepler-42 c,0,0.30498546,0,0,821.95851,Subterran
Kepler-1238 b,1.93,4.38,1389.0,4.14787559,0.0,0.0541,1195.201,6386.0,1.48,1.3,0.05,Kepler-1238 b,0,0.25915582,0,0,1731.1189,Superterran
Kepler-280 b,1.45,2.7,1425.0,2.139542,0.0,0.032,821.894,5744.0,0.886,0.962,0.1213,Kepler-280 b,0,0.28271317,0,0,1550.0672,Terran
